selected_variables.Longitude,selected_variables.Latitude
-123.396225,48.917512
-123.572176,49.013215
-123.445036,48.901244
-125.183906,49.925361
-111.720691,41.752605
-117.070989,43.730472
-135.24315000000001,57.019553
-135.305986,57.05777
-121.605367,38.544384
-120.918318,47.18496
-114.094615,46.538256
-123.263044,49.205384
-123.306322,48.397321
-123.545617,48.318677
-121.598323,38.729966
-122.762448,41.307162
-107.774532,50.303428
-122.533172,38.986683
-124.08784,41.277036
-114.048614,51.130664
-121.724328,39.16662
-122.843108,39.121318
-111.944683,41.716361
-122.246187,46.895495
-124.630122,49.790611
-122.935364,49.243374
-122.84153,38.451353
-119.634182,45.92112
-120.802565,37.175018
-113.793224,52.29171
-111.834482,40.814228
-123.137048,49.270161
-135.204095,57.049156
-122.060944,47.277052
-123.600346,42.621933
-116.553658,43.535302
-120.482133,46.870586
-123.955405,40.820808
-121.539178,39.225922
-123.56665,48.372797
-123.466207,48.476175
-122.998955,44.028439
-123.857545,49.017367
-114.414153,50.006581
-123.447297,43.269825
-124.087464,44.39265
-112.046663,43.491026
-122.652638,54.446916
-125.11627,49.87168
-117.420897,47.781284
-110.672692,43.713353
-128.03436,52.918442
-122.784522,39.065649
-124.17688,43.428937
-123.66567,61.149858
-113.749691,37.274739
-122.252238,46.295647
-135.650711,57.012395
-149.493673,64.200841
-121.678453,38.647378
-116.686829,43.68164
-161.4776,59.135728
-123.638054,48.31778
-145.86515,62.357789
-111.825942,40.766957
-118.394479,46.186845
-124.074862,41.294172
-122.723418,46.788703
-131.830217,55.447678
-123.96325,45.4955
-117.349596,46.604938
-123.290405,48.471183
-112.846764,49.671053
-113.7901,48.660268
-122.271599,47.368479
-115.508568,44.854185
-122.641962,45.472947
-118.282572,46.076408
-121.966772,37.543814
-121.340837,38.013218
-123.081897,44.769854
-120.866824,39.544562
-122.794234,45.456076
-135.314378,57.034561
-122.449742,49.166672
-113.68459,47.541545
-135.736037,57.148544
-127.017264,50.630864
-135.852783,60.884525
-122.692208,39.020247
-123.375245,48.422897
-121.275693,39.214893000000004
-111.46571900000001,44.327185
-121.45288,38.590437
-111.749513,40.140143
-121.564945,41.911012
-123.35222,43.21798
-125.123591,49.888766
-111.329956,44.649116
-124.17048,43.572487
-124.095469,48.435358
-128.403648,52.271505
-113.376932,46.964791
-124.060041,49.631657
-125.192556,49.996567
-121.445284,44.348431
-125.284438,50.036597
-134.860685,57.135462
-123.567138,48.143602
-123.815722,46.975678
-123.585302,42.562135
-121.408838,38.062978
-121.610914,38.462054
-125.243101,50.032239
-121.628064,38.559753
-114.737778,51.031463
-124.055175,47.059806
-123.927043,45.978969
-125.477434,50.125514
-111.477417,40.471545
-122.975054,49.204677
-122.093724,47.9217
-121.182442,37.949347
-119.22407,38.257117
-123.877111,45.733209
-125.066177,49.624423
-123.784376,40.057821
-125.552918,48.933934
-124.076384,49.709243
-128.070145,51.659534
-122.422861,48.756424
-135.544853,57.172684
-113.347548,62.955946
-111.841309,41.715399
-119.187683,38.03196
-112.942384,49.762129
-136.274101,58.103025
-111.601086,40.08281
-117.475062,47.682679
-127.036627,50.586178
-121.953437,38.099793
-123.41202,43.241244
-114.097581,46.555331
-110.751738,43.700772
-122.756478,48.651997
-123.375245,48.464217
-123.797777,46.196398
-123.035135,44.049487
-114.135503,43.314825
-121.079454,49.205544
-134.260136,57.882632
-124.582229,48.496704
-123.331282,43.290802
-124.996223,49.698754
-122.962407,44.021588
-133.198472,55.203842
-121.024359,38.916243
-121.772916,38.518875
-111.739284,40.269825
-149.824025,61.07762
-135.578842,57.148161
-125.207467,48.840088
-123.578706,48.065911
-123.723897,48.648778
-121.198222,37.621031
-108.262468,39.192708
-121.508435,38.664682
-123.815583,46.191313
-122.043045,47.539394
-123.292378,48.438444
-121.97767,38.156298
-123.422178,48.395386
-111.677729,40.742706
-121.556839,40.977354
-113.730475,47.576378
-122.668258,45.514122
-121.601133,38.562337
-123.166429,49.097305
-111.670671,40.248685
-123.231108,41.297112
-124.046052,44.514608
-123.322583,48.40585
-121.339666,38.793778
-113.547477,62.492358
-109.012829,45.113004
-121.816403,39.321242
-122.977714,49.166523
-121.962903,47.236016
-121.187945,38.741288
-122.71927,39.023153
-121.677808,38.552158
-123.169114,49.390709
-130.62953,53.488603
-106.564222,52.096462
-122.843637,49.159633
-161.795945,60.822671
-124.020264,48.415455
-120.428815,37.377274
-123.709403,48.804195
-124.984081,49.682174
-118.368116,37.350667
-123.655597,48.32334
-113.667053,48.794178
-121.6149,38.106997
-125.444992,48.949827
-123.807964,48.991509
-111.371238,44.491312
-123.013668,45.555505
-116.750918,45.125011
-122.855347,39.120827
-125.160439,48.874175
-121.43275,38.589671
-135.996464,59.395178
-121.105,40.276
-121.975997,49.193317
-122.277856,44.159659
-112.526944,53.375833
-110.732153,43.693413
-122.812622,46.29663
-114.167722,46.235894
-121.802804,38.526736
-121.629181,38.524689
-122.009269,49.227006
-123.527898,48.450257
-127.083922,50.603523
-123.39687,48.674614
-111.476257,40.496747
-122.789235,38.360589
-128.150469,51.640353
-120.38564,39.473825
-125.320419,48.87502
-121.625832,38.53881
-122.48269,47.542275
-112.501205,49.342832
-124.020042,41.235387
-121.61536,38.530081
-120.42122,39.474071
-114.020157,50.9068
-123.360008,49.433945
-126.621161,50.620042
-117.075135,44.871542
-121.0533,37.835408
-123.185158,49.096956
-121.641168,38.009286
-121.513595,38.171924
-135.631371,57.015786
-121.410989,43.936693
-123.368916,47.433835
-122.453517,48.753649
-123.777882,48.369227
-122.586217,38.350603
-122.041393,42.122007
-112.862328,49.738835
-122.71823,38.484822
-114.086475,50.929566
-123.462313,48.50188
-113.991315,50.93277
-118.554441,46.047907
-122.271269,41.206514
-122.155963,47.744339
-122.672203,47.91883
-121.550985,38.697897
-124.675813,49.497671
-121.641442,38.57959
-125.205278,49.955503
-108.569727,42.910643
-123.94133,45.679088
-122.503249,47.354973
-109.69123,40.184288
-111.741575,40.239242
-123.08625,44.783499
-121.839716,39.314491
-123.340478,47.522752
-123.378936,48.512137
-120.109749,38.996229
-123.53392,48.79966
-123.20835,49.63282
-123.393746,48.649814
-123.306038,48.850933
-122.159758,38.024347
-124.483642,48.550304
-121.468141,39.0711
-125.911671,49.153345
-121.627873,39.34317
-122.201693,47.481803
-122.757039,49.137266
-116.238834,43.634835
-120.954738,56.350125
-121.964884,48.526747
-114.013309,50.941687
-114.040352,51.278474
-114.013267,55.908895
-124.491445,48.333257
-124.282431,48.483146
-128.130112,51.653602
-121.310623,44.06522
-127.390602,50.698139
-117.04844,46.384235
-121.537309,38.519256
-111.485037,42.804825
-122.304132,46.839247
-123.28025,50.573871
-111.439359,40.540942
-121.743697,38.5176
-123.220411,48.935582
-124.173764,48.452352
-124.109551,48.434262
-106.293985,53.979961
-112.005142,43.772858
-123.540358,48.93525
-122.751594,43.938864
-114.079318,51.079769
-123.999623,44.973973
-122.66761,47.483398
-124.983833,49.607773
-123.106629,55.245162
-121.213516,40.312919
-125.219986,50.261044
-127.174134,50.612771
-121.718786,38.587559
-124.209584,49.314239
-122.792671,43.819874
-123.549622,48.473133
-114.565383,51.408406
-112.862809,49.638653
-126.833935,50.546355
-121.702628,38.590472
-124.178313,49.781967
-118.267207,46.076831
-123.253545,44.533828
-123.499345,48.402267
-123.733776,39.298383
-127.08624,50.591933
-122.818112,43.926892
-123.287153,48.841673
-135.401022,57.097806
-122.952473,50.14457
-114.070846,51.048615
-121.738858,38.058635
-128.789017,53.696537
-123.257058,49.336803
-125.100278,49.849722
-122.9767,50.494331
-135.389125,56.965519
-113.992058,50.873825
-123.849392,45.470731
-125.322328,50.260702
-128.237169,50.810518
-121.710345,38.647803
-120.474009,37.344937
-126.485738,50.735885
-130.293253,54.330989
-122.760066,38.452738
-125.785172,49.065086
-122.09646,49.127541
-124.037986,41.499296
-123.886127,49.124205
-147.716389,64.837778
-123.322599,48.862395
-123.45962,48.390365
-122.65344,45.479334
-122.743099,45.806801
-123.069077,40.488247
-123.921937,49.190228
-111.680461,40.198729
-123.900863,45.710934
-112.918297,49.810632
-126.441222,49.47078
-121.616103,37.85793
-135.32111,57.009038
-156.669489,58.678867
-122.958716,48.686341
-116.856127,44.974945
-121.616596,38.55627
-105.865912,55.715969
-121.139875,45.606575
-123.582122,42.59155
-111.69995,41.76245
-126.466501,49.389025
-152.411259,57.787028
-111.900672,50.667945
-116.144366,43.462255
-121.614863,38.520323
-116.714126,43.425142
-122.907947,48.713859
-119.993423,39.524173
-128.524337,52.643243
-124.148017,42.150433
-135.734637,57.167425
-134.787745,58.494469
-122.661841,39.020069
-116.871635,43.718008
-109.26901,46.859786
-135.400669,56.908625
-135.358803,57.047973
-125.30275,50.25483
-111.773575,41.741362
-112.863425,49.674226
-113.933525,46.880253
-123.2813,48.451264
-122.651158,38.452458
-121.647622,39.476772
-133.546001,55.665204
-124.681825,49.815042
-124.083243,41.80199
-123.471911,48.928509
-124.398469,48.51816
-119.262151,46.309463
-122.130449,47.960463
-123.241266,44.545424
-124.761687,49.979839
-122.152786,47.972176
-121.546272,38.187622
-123.561387,48.949603
-123.95902,44.629143
-107.569418,45.753304
-114.320042,62.518858
-123.587726,42.581881
-122.876412,49.301712
-135.356742,57.024869
-106.150862,53.903041
-121.465275,38.594785
-125.455231,48.943439
-118.77352,45.677614
-124.263344,54.414883
-124.119103,43.548675
-122.825142,45.39682
-111.26764,42.2227
-129.183254,53.102291
-122.642384,49.333856
-125.051933,48.719998
-125.968456,49.1705
-124.028468,49.639317
-124.412878,43.119612
-141.74475,64.200131
-119.91896,39.327493
-122.688649,48.553876
-124.494445,48.544825
-122.437856,41.590575
-123.381886,43.301512
-118.854617,43.067326
-111.987305,41.227162
-125.297157,50.03264
-128.799815,53.221035
-123.47661,48.548373
-123.635658,48.760569
-124.026154,49.622868
-110.977778,45.707289
-131.79605,55.471205
-128.100081,50.477291
-115.062578,51.094218
-111.991006,41.209781
-107.301115,45.389558
-126.930098,50.587413
-135.369203,57.134112
-113.46951,42.678007
-110.896837,53.366947
-111.622267,50.833572
-124.1591,41.390672
-113.61628,47.440953
-121.710989,38.861651
-120.599736,37.272976
-116.974696,46.738838
-119.377478,46.226604
-123.91681,49.511987
-161.090483,60.517238
-121.84608,46.441542
-123.301108,48.424148
-135.384993,56.840804
-116.22809,43.61472
-121.32133,44.060445
-124.441495,48.525601
-123.43923,48.576183
-122.267722,47.419670000000004
-121.338858,44.10085
-122.656755,49.095785
-122.050468,47.83382
-124.091293,49.287891
-123.715488,49.438826
-117.721751,47.139835
-106.603236,52.173709
-124.106611,41.015186
-114.702502,51.112512
-122.482602,44.79341
-125.192772,50.089191
-122.529144,47.602459
-125.038086,49.020564
-116.296763,43.666117
-111.651875,45.103507
-128.083756,51.692958
-122.959605,44.864302
-124.097307,44.053413
-135.402787,56.796062
-122.284418,49.07073
-121.479168,38.454447
-123.356897,49.519381
-111.208844,40.179238
-121.61896,38.507008
-122.226905,47.362483
-123.147494,44.455299
-116.174422,43.594837
-111.917834,41.732143
-135.28607,57.082734
-112.162282,41.177156
-114.072428,46.840599
-117.563508,49.616333
-112.871249,49.784862
-122.657515,50.056486
-124.120378,40.92358
-127.15911,50.61305
-121.004541,38.200134
-115.1288,51.076336
-111.876094,41.253989
-122.958995,49.253508
-133.290814,55.577939
-106.665802,52.1224
-114.199601,49.587114
-123.310296,55.530287
-117.137794,56.059352
-149.236414,61.47344
-123.145601,49.178796
-123.6423,49.417045
-121.198215,45.617458
-116.991395,46.722472
-120.894006,39.541881
-123.983511,44.62638
-121.9523,47.687887
-134.39565,58.152724
-126.499008,50.745675
-135.218039,57.773438
-114.178898,51.074875
-128.295853,50.675894
-128.423767,50.770088
-122.598602,49.202423
-111.99105,41.196772
-122.203424,48.720042
-121.951203,49.27096
-121.444445,38.269983
-122.327051,47.579978
-121.962289,38.041865
-121.692115,38.149
-123.920655,48.376862
-123.765625,48.401969
-124.074547,44.675024
-120.521458,41.464901
-118.12278,52.876645
-128.268034,50.670432
-134.244144,56.899401
-111.699487,40.350663
-123.475431,48.57117
-122.591022,48.83156
-121.923137,47.68222
-121.197895,51.639755
-120.86392,45.570652
-124.754897,48.612762
-125.102904,49.764832
-122.781976,38.386101
-148.989147,61.419277
-114.902163,55.479887
-122.095165,38.51303
-122.731772,38.34057
-125.896266,49.150666
-135.35782,57.127026
-123.537685,48.464682
-124.530231,49.692208
-121.5899,38.530357
-122.769188,48.641605
-122.59837,49.137932
-126.937733,50.623093
-122.977377,49.122701
-109.388946,46.825644
-122.033469,49.093983
-122.854499,49.29453
-125.590806,50.034023
-123.118044,49.300292
-124.727013,49.4641
-121.214407,38.786356
-125.930713,49.222108
-116.57677,49.0436
-121.689422,38.126642
-110.744094,43.766949
-112.402844,42.821198
-112.051369,47.661684
-112.821829,53.494121
-119.230145,46.247957
-134.41054,58.302451
-124.044087,41.304831
-124.598293,49.516953
-124.830603,48.936364
-127.013739,50.621845
-109.310394,46.987295
-122.680459,46.577845
-126.70662,50.595453
-125.08149,48.917482
-123.996797,42.659437
-117.1244,49.600881
-122.261995,47.755664
-114.033025,50.970854
-125.218562,50.051056
-116.109603,44.891258
-113.637795,47.421387
-124.120918,48.440033
-123.433222,43.134132
-111.649236,40.649503
-123.418068,48.926343
-124.711578,49.5351
-135.212953,57.532438
-114.880447,47.192555
-118.83894,43.054304
-113.266527,54.704072
-125.226205,50.278431
-121.943926,49.133795
-111.256767,43.377022
-121.590847,38.54234
-113.654089,53.614195
-122.560495,38.572122
-110.484931,40.185342
-123.044376,44.938513
-121.008281,39.351469
-125.611409,48.981965
-123.261996,44.069207
-125.015701,49.688588
-111.350949,46.785446
-135.572055,57.116244
-123.8628,44.013992
-122.805792,46.573538
-122.285403,38.188251
-123.7673,48.310177
-123.518925,48.499889
-121.600229,37.908536
-125.222089,49.290548
-106.686662,52.098077
-148.906261,61.50502
-124.088713,41.251516
-131.648477,55.341185
-111.7751,43.675362
-112.852067,49.646473
-124.677095,49.551288
-116.51,47.523993
-117.402056,47.66773
-111.031519,45.638417
-122.093253,47.859591
-123.364838,48.40657
-120.320032,47.44251
-123.015137,44.902083
-155.790939,58.555225
-122.79726,49.239625
-135.354053,57.05821
-114.780967,47.115983
-111.897172,40.420692
-133.639962,55.532433
-122.105728,47.441528
-121.515507,37.983555
-118.097271,52.92457
-115.97937400000001,42.945962
-121.719523,38.025595
-123.746362,46.190353
-123.267192,44.58871
-121.722738,45.699592
-124.018261,41.142173
-122.077132,48.968032
-122.580045,44.148812
-123.586064,48.472583
-110.757483,43.663748
-125.337502,48.875557
-119.92073,46.815247
-113.480052,42.67162
-119.716549,45.842498
-135.574644,57.103286
-122.689814,48.858586
-123.251938,44.551813
-119.764688,49.742176
-124.003754,41.203098
-123.83819,48.371393
-121.952859,38.345251
-123.734213,48.353675
-114.04224,49.024177
-124.341537,42.472637
-118.177587,46.547409
-123.716767,48.44622
-123.236956,48.424101
-112.850561,49.752269
-122.330778,46.845849
-117.432563,53.498438
-134.747039,56.857262
-113.374524,62.618089
-122.327855,44.15322
-126.142656,49.229269
-114.009653,50.89155
-120.38627,48.570862
-114.761688,47.075772
-119.652214,48.589683
-110.524169,44.099337
-147.730735,64.856034
-122.983255,49.235525
-123.124746,48.141323
-111.625467,57.259062
-122.807802,39.017285
-121.899209,49.196081
-122.303397,38.301375
-121.685285,38.930051
-121.837753,39.323613
-133.580746,57.780188
-114.08715,51.048317
-122.937988,45.536525
-116.346878,44.82535
-123.95287,40.833112
-121.421605,49.384453
-123.36016,48.48186
-122.849905,49.281912
-122.90436,47.017923
-125.110667,49.859434
-122.455345,43.736105
-150.960495,63.525028
-136.338186,57.838812
-130.982044,55.757168
-111.873028,40.799224
-114.307805,48.209569
-120.739576,42.830875
-124.413459,54.6701
-113.737503,47.586433
-135.801301,57.117117
-121.507726,38.579202
-122.011252,49.040853
-113.980436,50.866395
-106.441387,51.778827
-123.935964,48.775661
-121.260928,39.113449
-122.262129,47.198755
-121.708588,41.568867
-122.910995,44.806098
-123.3974,48.421478
-123.083435,45.506098
-128.105469,51.640945
-123.338525,48.898962
-122.528729,48.698901
-114.164414,62.606297
-123.425667,49.367328
-123.365672,40.796045
-121.086236,39.086783
-123.551581,48.942472
-131.722911,55.512943
-122.818397,38.408237
-122.64627,48.414805
-111.821388,43.789325
-118.249356,37.031471
-114.006553,50.911424
-127.189513,50.613222
-124.847013,49.52617
-131.71988,55.370381
-112.822287,53.45484
-122.763849,46.571143
-131.474566,55.365683
-123.093628,48.77208
-123.448921,48.431293
-122.913946,49.084251
-123.081999,49.090091
-120.6539,50.524654
-116.468243,63.477719
-123.444811,48.769706
-122.704397,48.855953
-121.336093,39.109055
-111.997557,41.174302
-122.853604,38.015203
-115.136984,50.944271
-124.890671,49.72308
-117.855255,53.709597
-122.734164,38.402182
-121.804483,42.155192
-113.004181,42.662128
-135.14986,56.963883
-121.597388,38.552386
-121.88276,39.813946
-123.058389,44.923915
-121.281561,38.844263
-116.234008,43.62547
-122.628597,45.481942
-122.667227,45.497186
-125.769634,49.161514
-123.9846,48.395232
-123.883165,48.381683
-122.886887,42.966572
-117.587015,53.227966
-133.658476,56.285796
-135.699322,57.010242
-123.931618,48.027849
-119.283206,50.706003
-116.099892,44.911238
-121.809265,42.240035
-131.604401,55.019752
-111.504366,40.026951
-133.593793,55.820121
-111.337318,42.208605
-121.6914,38.005
-113.904421,50.939295
-123.634819,48.395863
-123.238898,49.210835
-124.150036,43.427213
-119.218977,46.23837
-106.419164,51.790725
-117.904072,56.29992
-112.64719,49.448909
-121.641078,37.991395
-124.134948,43.376793
-123.667035,46.172471
-120.579616,39.623999
-123.685448,48.773126
-148.839954,61.457529
-123.384032,48.41503
-122.460655,47.43959
-113.584085,47.323166
-111.873669,40.520767
-122.575166,49.364715
-116.138205,43.571628
-123.191255,49.221629
-122.731033,45.527681
-110.102914,49.659019
-113.261875,46.439716
-121.446975,43.926247
-117.724228,52.86105
-117.513135,47.727798
-121.55626,46.763049
-123.043848,49.249636
-111.765912,40.318925
-111.902737,40.385029
-121.641462,37.975999
-113.984032,46.86636
-111.692676,44.705245
-124.707808,49.988433
-123.470076,46.984455
-122.067911,45.588165
-135.323543,57.026922
-123.248062,48.847487
-123.144252,49.304258
-109.390495,40.899267
-122.582757,38.224788
-121.024214,39.260726
-114.618132,51.845774
-124.412031,48.592305
-123.969692,49.172316
-114.191755,46.306983
-110.69812,43.667637
-114.172177,46.092058
-161.741123,60.793562
-118.572431,37.27422
-134.825653,58.527169
-128.144619,51.66296
-114.154992,51.065803
-121.282961,38.745332
-123.235924,48.434905
-114.199136,48.824342
-123.630257,40.9814
-122.191247,47.86697
-150.154887,61.539895
-122.590706,54.078697
-121.968072,42.695538
-114.07675,46.556225
-124.774475,48.62875
-106.05735,53.6231
-110.759839,43.486669
-113.448967,50.827307
-123.184045,45.119186
-123.051936,38.465173
-117.641017,50.15013
-111.405875,40.787692
-129.195542,60.646053
-111.838493,50.532497
-149.320877,61.519002
-122.925032,48.175094
-123.654125,48.31418
-113.959845,49.487882
-122.493041,48.650941
-122.509507,47.369484
-124.307225,48.502789
-122.868603,48.707387
-120.879458,39.542383
-116.204754,43.60564
-161.776812,60.788942
-123.976498,46.19443
-122.804305,48.018381
-123.479468,49.39835
-116.573115,43.68489
-121.63173,38.588237
-110.027481,49.654544
-114.969907,52.845394
-111.869087,39.804756
-123.878796,45.47681
-123.748,49.037
-123.285974,60.933729
-121.540885,44.246236
-123.474173,48.433151
-122.470691,49.013523
-111.04945,45.711365
-114.049956,51.035481
-123.958601,49.506902
-124.021836,49.245328
-116.296804,43.651495
-123.892659,45.687733
-119.633534,45.912058
-125.886217,49.12504
-119.024972,46.705024
-122.831658,38.422887
-134.833744,57.089535
-123.29889,44.389496
-128.123467,50.844858
-113.251134,54.660305
-122.859741,38.48165
-122.272706,38.287137
-117.532568,47.415842
-123.505888,48.555478
-111.933103,41.237942
-161.317445,59.820592
-111.3301,42.184192
-123.265982,48.45109
-119.824056,39.520107
-125.393303,48.99172
-122.222953,44.228603
-121.248875,38.760496
-116.21637,43.611553
-112.4858,42.890803
-123.439413,48.520682
-127.025791,54.697486
-122.852764,45.735912
-123.653205,41.82192
-135.563788,57.137228
-122.517945,48.71118
-122.193949,45.431877
-117.493193,49.706412
-121.568539,38.583583
-124.096839,46.794086
-120.260013,52.309937
-122.832236,45.382192
-125.57947,48.947027
-123.704155,48.33937
-121.753833,38.451138
-122.515237,47.396847
-124.135273,49.517955
-123.313904,44.411589
-115.951684,41.786551
-121.447128,47.086808
-116.320111,43.678088
-146.680437,64.30223
-122.79993,45.518023
-122.012743,38.33408
-120.765063,37.790428
-124.362606,48.567969
-121.761937,38.072926
-119.524661,44.297273
-126.470074,49.795535
-122.898801,48.690923
-111.976137,40.478141
-122.612388,49.349213
-134.267326,58.228745
-124.116915,41.003115
-119.429595,46.380162
-123.06356,45.072224
-124.077805,48.426353
-114.858854,44.25323
-118.868182,42.967552
-114.820878,47.303213
-122.218925,48.455425
-123.200352,48.77769
-122.158506,47.415326
-123.946251,45.729174
-121.531272,37.937905
-123.506569,49.4007
-112.505142,42.901739
-111.588596,40.603502
-123.889436,49.151981
-121.376343,45.70916
-119.032599,43.585733
-122.486813,38.312237
-122.656158,48.966943
-118.887532,43.201188
-122.35857,47.570491
-118.081358,52.873679
-123.071249,44.64725
-116.566912,43.711896
-124.942771,49.647546
-121.106139,49.226944
-125.541358,48.940563
-121.267211,38.84353
-120.469033,46.58955
-123.164117,49.694177
-122.290259,47.642337
-125.54212,48.92398
-109.557861,49.782656
-123.53392,48.371687
-122.850433,46.945287
-123.417744,48.906022
-122.384304,43.669746
-123.373471,48.773815
-120.66753,47.595918
-124.639628,49.525281
-113.992139,50.915288
-111.554946,46.366398
-122.710904,46.644419
-123.247038,48.771381
-124.288721,49.326218
-117.206316,46.451257
-122.833485,49.28399
-123.136783,45.429543
-121.077303,38.939506
-123.099613,49.088005
-126.751233,50.589695
-122.014489,39.220397
-122.956925,45.499023
-125.233475,50.128686
-126.536705,50.524423
-122.684372,44.594678
-113.921974,49.053648
-117.179711,46.731419
-123.991295,49.730762
-121.702091,45.686331
-122.132621,38.185695
-118.868289,42.807855000000004
-122.600507,38.09465
-122.76719,42.237591
-121.70572,49.07867
-124.679825,48.273892
-120.138809,48.367253
-124.267017,43.221883
-131.542664,55.293125
-113.950081,50.841815
-116.202314,43.614973
-114.244136,47.006103
-135.830925,57.307969
-123.379933,49.401653
-121.419831,38.269667
-120.288556,37.257325
-121.896485,38.098714
-124.812484,49.256559
-122.148292,48.846638
-128.1436,52.171978
-123.444937,48.511961
-122.958179,47.020545
-124.038637,44.722869
-123.871298,49.096179
-118.013065,52.819275
-122.490234,48.673567
-114.117908,47.454907
-123.348617,48.402787
-123.081436,44.056964
-114.201894,51.099614
-122.754278,45.801604
-123.651748,46.174601
-125.220961,50.115068
-122.43792,47.407534
-123.59177,48.116104
-124.650319,48.576514
-126.808712,49.781945
-123.90151,45.00263
-122.305147,45.504956
-125.13505,48.835707
-137.692397,61.055125
-123.013753,48.544925
-120.838752,44.304548
-114.119261,50.975691
-135.620899,57.06183
-116.67802,43.702522
-122.857648,48.53834
-122.657042,47.196308
-124.153255,41.129997
-112.806613,53.701175
-105.603897,57.105597
-121.771267,38.11947
-122.608201,45.359129
-114.126609,51.053981
-106.388886,53.924422
-122.662487,49.301401
-123.014936,48.535451
-122.563598,45.395676
-122.332384,48.620051
-122.605505,47.80282
-122.834051,45.491168
-121.289852,51.641249
-123.951282,46.206036
-122.657642,45.415604
-125.181841,48.787083
-123.142478,49.284172
-107.806633,49.302437
-106.71012,52.171814
-116.389511,43.685825
-121.820358,44.6323
-124.398059,48.559412
-117.004285,43.820718
-161.231095,60.843705
-123.419839,43.256618
-124.165999,47.138626
-122.93783,44.789117
-115.479535,40.173377
-114.036931,51.156875
-121.218072,44.073458
-114.485704,49.763308
-125.17624,48.851475
-116.357244,43.689765
-124.079633,41.151797
-117.921219,51.08578
-107.783832,50.280293
-123.93525,49.167737
-124.044166,49.634446
-124.229142,48.880395
-123.156218,48.797581
-123.046669,48.611503
-114.036268,50.839842
-118.211528,37.083209
-124.790064,49.143839
-125.117247,48.853769
-114.168667,46.043525
-117.279472,48.205692
-124.018443,46.99269
-117.662983,49.341774
-124.058144,48.422429
-122.22435,48.822237
-123.211411,48.411046
-124.017002,41.372566
-134.699983,58.37057
-123.39119,48.892508
-122.802755,45.47797
-123.696537,48.217558
-119.091193,46.219399
-119.1919,51.4719
-122.911934,49.241416
-123.060242,49.290133
-114.110474,50.926842
-123.588549,48.834646
-126.764888,50.582881
-121.721942,37.887785
-119.99588,39.510299
-135.81387,63.793724
-121.68886,37.98118
-123.487695,48.950313
-110.978911,45.483868
-120.475525,47.099888
-125.701958,49.040887
-121.898561,39.491312
-111.750458,40.288648
-121.783853,38.061456
-122.627717,45.43153
-123.787881,48.083106
-128.188018,50.796226
-114.005945,51.031169
-117.813501,46.631641
-121.505105,38.591927
-148.878391,61.478146
-121.788828,43.76988
-116.281674,43.662303
-114.020889,51.04565
-122.005097,46.115228
-111.495962,45.93444
-122.203651,47.511131
-121.657645,41.028118
-118.793342,45.671407
-123.030899,49.055728
-117.659074,46.312295
-120.050526,38.336795
-120.782952,42.951222
-113.776938,49.062573
-121.496536,38.121951
-122.243692,47.75473
-125.527562,48.929705
-117.787109,52.862939
-129.988719,54.302111
-122.601522,46.648766
-123.125258,44.044845
-123.004962,38.472253
-116.353962,43.678683
-128.203198,60.437758
-126.857151,50.013814000000004
-111.470812,40.482475
-123.8301,40.229047
-122.054259,47.564657
-121.316272,44.04749
-163.881602,62.903423
-111.944028,41.781731
-122.72188,46.650186
-127.906839,50.874561
-122.342376,43.667358
-112.881225,42.768483
-114.013153,48.080547
-122.854709,39.099733
-123.432562,48.757031
-116.894186,52.064677
-124.032915,41.822044
-121.526017,45.71723
-121.919087,49.18674
-123.21329,49.218919
-118.054624,52.880876
-135.342301,57.05148
-126.610445,50.605309
-121.28413,38.889431
-124.082528,40.831245
-122.511047,47.306922
-122.946687,49.237838000000004
-107.790928,50.289866
-124.453602,48.530134
-124.349965,48.585005
-122.220691,47.838872
-125.37983,48.890725
-123.962544,49.23359
-122.591225,48.796813
-121.50394,38.604694
-122.214672,47.500887
-122.208821,47.432639
-124.82815,49.254253
-118.535637,46.560626
-121.977647,47.693081
-113.931084,50.467133
-122.673138,38.998737
-123.200825,49.126481
-122.810866,45.51168
-122.168535,48.826109
-112.880012,49.670632
-135.394475,57.114119
-122.071853,48.946772
-123.40851,48.446212
-125.116476,48.78879
-110.86873,40.817689
-123.554135,42.551639
-125.875953,49.187288
-106.604195,52.218905
-122.634521,45.518969
-114.242714,50.684011
-122.520615,44.761727
-113.846275,48.646286
-124.008064,41.21167
-127.874939,51.772014
-124.106384,43.775344
-134.288213,58.273164
-121.553774,38.477634
-107.814984,50.242857
-124.024965,44.627211
-125.15483,48.825245
-123.890107,46.164355
-124.920858,49.333184
-148.866028,61.47098
-123.318628,44.571481
-122.965122,49.234966
-122.126335,47.663459
-125.590783,48.953655
-108.470905,45.795755
-122.180798,47.768824
-122.826072,49.084679
-111.958695,47.085027
-122.857147,45.033964
-116.742608,43.453674
-114.014143,51.280759
-123.462837,48.426562
-114.143499,50.990544
-122.660584,45.47007
-120.151821,48.536504
-106.416383,54.025577
-124.936641,49.746772
-121.706362,38.089267
-123.472026,48.486292
-109.27972,46.97866
-123.969155,45.115975
-106.250855,54.033926
-122.380621,48.32289
-123.388788,48.59883
-114.063164,51.030261
-123.33275,49.379033
-123.104389,44.080722
-121.688597,39.54927
-121.728464,38.298347
-120.713197,42.961597
-125.041065,49.652842
-121.658938,37.990763
-117.012252,43.779672
-121.407233,49.012169
-122.806297,49.230664
-114.690742,51.499845
-114.024949,51.170697
-121.784429,39.304461
-124.157598,40.706674
-116.258015,43.646778
-122.701638,44.093549
-114.505867,47.013011
-122.574505,37.862957
-123.029403,44.935433
-124.685233,48.66705
-111.727958,40.237433
-123.71876,46.089215
-111.672769,40.977079
-109.41606,47.05137
-131.712956,55.522543
-127.030792,50.65795
-120.20995,39.26649
-121.309815,44.085059
-121.495527,38.370958
-121.685814,38.013879
-124.669643,48.584763
-122.202115,47.624355
-122.624664,49.562794
-121.643171,38.056054
-122.184071,48.709524
-118.717618,37.432901
-122.819778,45.630347
-135.632443,57.026111
-122.990036,44.390578
-115.025256,49.534593
-118.794739,49.007065
-122.802808,48.498523
-117.565096,49.368036
-113.886367,49.557972
-121.6483,38.676662
-158.450867,58.777888
-121.735612,44.420988
-123.086016,44.799378
-125.677228,49.010033
-122.508561,47.180809000000004
-123.219062,44.36442
-122.895035,39.121486
-118.204975,37.27179
-121.317738,38.861261
-125.836536,49.072617
-111.922272,40.960133
-123.925666,40.354159
-135.616319,57.039761
-128.618423,54.415855
-109.448708,41.51131
-122.596854,45.374629
-123.948888,45.158333
-106.686248,52.112019
-123.154941,48.785449
-110.87767,41.044442
-121.457346,43.879895
-114.792978,50.86288
-111.656414,45.843232
-121.322404,38.554415
-122.847868,39.029583
-114.622938,42.549757
-121.000254,37.935014
-124.2941,48.492711
-123.260305,44.560038
-121.825418,38.022713
-120.013856,39.227198
-122.074406,38.514093
-124.264523,48.253673
-116.65467,53.41492
-125.350367,48.906753
-121.599426,37.977083
-123.39991,43.156765
-123.336489,43.332374
-122.898575,49.991992
-114.312478,44.396915
-121.302152,38.867342
-122.903852,44.584592
-123.306904,48.410554
-124.311138,42.491998
-123.573486,48.348033
-121.728705,38.012511
-121.730048,38.769316
-135.126052,57.777585
-122.887944,44.516423
-124.38495,43.330125
-122.438854,42.91463
-123.045105,48.785481
-118.296517,46.068557
-130.045485,55.940472
-123.130703,49.067628
-107.730383,48.393219
-131.57791,55.308662
-123.974985,41.730909
-123.873167,47.972777
-123.698182,49.068432
-124.240094,49.464741
-116.311481,43.670926
-135.326414,57.059297
-122.5867,43.230066
-121.513999,40.094836
-110.584946,43.764256
-140.36905,61.927731
-122.328863,41.308055
-135.317847,57.050946
-121.640498,38.028815
-135.382231,57.047767
-126.303216,49.437292
-121.25985,38.76547
-110.686547,50.003936
-148.895976,61.539792
-125.167532,48.817243
-119.79588,39.513895
-121.424063,38.570075
-124.072708,41.791333
-123.346524,48.872986
-115.947094,42.937436
-107.380308,52.229695
-123.603142,48.337841
-111.340523,40.602388
-125.603729,49.220185
-114.021724,51.293204
-121.810106,49.080353
-119.705812,39.172542
-114.072528,51.021117
-131.679379,55.350176
-111.155894,40.785143
-110.80227,43.212867
-118.947858,42.805884
-111.201101,45.850325
-149.443313,60.099061
-122.203922,47.491434
-120.260699,52.342647
-115.752619,40.843646
-113.791732,42.535925
-114.168717,51.085761
-110.963159,45.483972
-124.225414,43.2011
-121.788974,38.525012
-122.349507,47.842002
-122.671883,45.42783
-124.96985,49.366036
-136.580674,59.958075
-133.707138,56.889095
-117.32612,53.263367
-122.305727,47.567054
-147.797843,64.863201
-118.865246,42.957687
-122.39179,47.378647
-112.853458,49.680675
-121.896519,39.476253
-119.226352,46.301541
-117.932056,45.275162
-123.008294,48.584647
-112.87947,49.632162
-123.174553,49.121958
-122.180958,47.475121
-122.988517,43.917166
-127.449691,50.364116
-123.697371,49.13426
-116.187983,43.599867
-127.37252,50.688478
-111.565694,40.147752
-116.249,43.640317
-110.114909,49.671935
-125.569336,49.035906
-113.996558,48.525975
-121.756493,38.517079
-112.235483,40.777785
-161.111878,60.434295
-123.200643,44.068663
-114.047242,51.08222
-106.066361,53.965467
-122.827998,45.429256
-122.892555,39.135609
-122.712049,47.072468
-111.537166,40.721948
-111.995128,41.234288
-130.321612,54.31825
-145.430903,60.484588
-121.434819,38.261433
-123.12963,44.620259
-117.52127,49.421647
-122.272531,43.78872
-122.90946,47.040116
-117.953345,45.253867
-121.251162,38.848189
-130.796661,55.547826
-120.088167,39.2113
-123.062305,44.863528
-121.789291,42.217714
-114.125879,50.927543
-123.501237,48.93927
-122.935945,45.114972
-121.605928,37.917137
-125.335471,49.702294
-117.616021,49.585224
-121.380388,38.018211
-114.136642,47.455459
-124.042771,44.623279
-108.838793,42.595013
-113.9078,50.974213
-122.2303,49.221237
-122.294466,47.654022
-111.658526,41.276341
-108.20774,40.083252
-122.905228,44.785795
-121.785631,42.208535
-124.422137,48.554213
-106.216184,53.943413
-128.523925,52.590337
-113.741517,46.434783
-121.508656,38.117428
-123.231513,49.581488
-123.445328,48.49598
-122.047222,49.093436
-121.907313,45.315116
-123.152796,49.068245
-125.206512,49.971185
-117.164269,53.701395
-127.696115,50.138586
-109.501053,49.662552
-123.027998,38.470608
-122.620178,49.184217
-123.395478,48.506047
-121.995537,47.709183
-122.799463,49.119402
-123.582849,42.609065
-119.114238,46.217764
-122.51302,48.698281
-111.019255,45.694962
-111.718769,40.282632
-118.235294,45.332363
-121.549163,39.26528
-113.744868,50.962338
-121.567174,38.465372
-123.096737,44.640206
-123.48707,40.838783
-121.69287,38.518765
-123.122947,49.110879
-121.523125,38.61244
-130.648441,55.637765
-113.924357,50.850415
-148.916476,61.554723
-124.357216,49.348308
-123.829609,44.781652
-131.733611,55.365672000000004
-113.667894,48.701561
-124.034697,41.355062
-128.120117,51.662666
-122.158055,48.840316
-122.235928,47.76621
-124.495063,49.351943
-114.295816,48.245286
-121.304658,38.851097
-133.886114,58.302166
-111.703578,40.770012
-107.415477,44.517117
-124.037162,41.295721
-123.196216,49.172014
-125.253754,50.041266
-126.888512,50.540802
-120.191826,52.142223
-125.727825,50.658136
-123.373948,48.587379
-126.793,50.5429
-114.0232,51.0837
-123.178539,49.108826
-116.269789,51.458772
-115.894375,51.255237
-115.304913,51.051322
-115.322437,51.06292
-115.23825,51.040451
-135.830002,58.400002
-135.860001,58.400002
-135.850006,58.450001
-156.639999,58.669998
-156.929993,64.730003
-151.929993,63.080002
-149.660004,59.84
-136.995728,61.078712
-123.429718,48.099274
23.08333,53.87502
23.58334,52.95835
23.41667,52.70835
23.25,52.79168
22.75,54.29168
22.75,53.95835
22.58333,53.79168
22.91667,53.45835
23.41667,53.62502
23.41667,53.12502
22.91667,53.70835
22.75,53.54168
22.58333,53.70835
23.41667,52.87502
23.41667,52.62502
23.25,53.62502
23.5254,53.78948
22.75995,54.35078
22.75,53.87502
22.75,54.04168
22.91667,54.12502
23.25,54.20835
23.08333,53.20835
23.41667,53.20835
23.25,53.12502
22.75,53.70835
23.55112,52.10503
23.08333,53.95835
23.08333,53.79168
23.75,52.95835
23.54423,53.70687
22.58333,53.95835
22.91667,53.54168
23.25,54.12502
23.08333,53.37502
22.41667,54.04168
23.57561,51.96085
22.58333,53.87502
22.75,53.79168
23.87244,53.03574
23.86665,53.1302
23.87833,52.87453
23.25,53.37502
23.08333,53.62502
23.58334,52.87502
23.08333,52.87502
23.51767,53.86388
22.91069,54.36637
22.91667,53.29168
22.91667,53.37502
22.91667,53.20835
23.08333,53.45835
23.41667,53.04168
22.91667,53.62502
23.57635,53.54005
22.91667,53.87502
23.41667,52.79168
23.7367,52.64242
23.41667,53.29168
23.08333,54.12502
23.25,54.04168
23.25,53.87502
22.91667,54.20835
22.91667,54.29168
22.58333,54.04168
22.91667,53.12502
23.08333,53.04168
22.41667,54.12502
22.75,54.12502
23.57863,52.04059
23.25,52.62502
23.58334,53.29168
23.58334,53.20835
23.55852,53.62317
23.25,53.29168
23.25,53.70835
23.75,53.04168
23.25,52.95835
23.25,52.70835
23.58334,53.12502
22.75,54.20835
22.58333,54.20835
22.58333,54.12502
23.25,53.04168
23.08333,52.95835
22.91667,53.79168
23.88159,52.95987
23.75,53.12502
23.58334,52.70835
23.41667,53.37502
23.41288,54.12379
23.25,53.54168
23.08333,53.54168
23.08333,53.70835
23.58334,53.04168
23.25,52.54168
23.08333,54.20835
22.41667,54.20835
23.08333,53.12502
23.41627,54.04188
23.41667,53.70835
23.75,52.87502
23.25,52.87502
23.08333,52.79168
23.41667,52.95835
23.41442,53.95749
23.07649,54.28339
23.25,53.20835
23.41667,53.54168
23.08333,53.29168
23.41667,53.87502
22.75,53.45835
22.91667,54.04168
22.91667,53.95835
21.302041,61.144863
23.82498,61.503089
27.712896,61.260166
27.682409,62.813387
24.760358,64.010027
22.069958,60.269861
21.549667,60.377609
25.725764,66.509561
26.00306,60.272662
21.470892,61.591225
22.097525,60.220793
23.492763,61.757199
28.241582,63.135593
24.03426,60.391595
24.705035,63.883245
25.221808,61.341717
27.022676,68.904016
24.701109,60.79522
24.0357,61.25864
26.321227,62.338743
24.813116,60.640761
22.980524,59.856032
24.91945,60.260102
23.20796,59.836485
25.31579,60.63493
25.033766,65.641558
28.571867,64.754239
28.032548,67.451258
23.265923,63.814803
24.178364,62.017696
24.649733,65.731831
26.722037,60.724865
25.023771,61.518513
25.495347,63.409098
24.099784,62.560752
23.738591,61.224374
23.554695,60.118423
27.762154,67.451847
23.238703,63.816604
29.179724,63.827013
24.110368,61.232816
22.181998,60.417565
22.026483,61.44199
26.15584,61.350729
24.570449,61.158052
24.633575,65.801477
25.256622,60.713815
26.79523,62.121722
25.088745,62.876802
29.225271,63.727773
25.045083,60.178619
21.966096,61.225145
27.191885,64.147751
24.8739,60.158085
29.12642,63.548175
25.005706,63.5791
22.84102,62.364901
30.21797,51.281835
27.964385,50.062638
28.095683,49.939679
29.529075,61.806573
33.463797,66.489695
23.784682,61.490076
28.88367,60.797689
25.419172,60.167975
21.255641,60.219235
30.753282,50.822982
32.910584,66.574567
28.755868,60.758765
30.659908,50.347093
30.195371,50.164069
25.768745,51.851513
30.773047,57.368514
27.270648,55.727655
29.150725,59.979288
25.966519,51.677289
28.23167,60.510955
30.24618,60.506068
23.656578,54.853312
25.923436,59.604467
24.675505,59.430781
23.050734,63.875349
31.29511,64.823262
24.466667,58.1825
27.673509,50.163895
23.610139,54.543069
32.962372,56.4521
23.74621,54.30546
31.27343,58.500582
24.722607,60.152103
27.748371,50.168895
34.084219,53.721043
23.346173,54.529287
27.733419,62.90649
25.003715,60.13813
30.193769,61.334654
29.439881,50.551651
25.728372,51.888167
34.051572,52.71546
30.452949,53.905671
25.307097,62.664524
30.607528,50.326756
24.852002,60.456473
29.555478,59.29804
21.818159,60.438714
26.435057,53.917039
30.545369,50.84716
33.923123,52.612903
32.158583,54.761082
24.73388,60.285976
33.179402,57.930815
24.13629,61.444887
32.748797,55.009261
29.909107,60.173166
30.463477,59.69516
35.326479,58.502163
24.085533,51.921197
23.83568,54.893069
21.546466,60.052824
29.344645,60.622706
29.534438,60.237236
27.495749,53.952353
25.930709,52.653205
26.692543,63.869172
29.542062,50.554195
29.309272,58.156362
26.998518,60.546346
26.72946,69.295493
30.004328,70.068481
30.117809,70.096352
30.124986,61.028497
32.656774,55.049053
30.57261,50.329012
23.107948,62.722742
28.871475,60.26475
34.314067,53.288422
30.099828,59.572212
30.804551,59.854993
32.673088,55.027542
22.859802,53.530051
25.684013,59.62901
24.210691,54.146019
22.195811,61.49455
28.634737,60.639102
38.001266,64.70507
30.641469,59.736604
27.492966,57.620814
27.737925,58.318864
28.158458,53.714442
27.688179,50.025727
26.405035,50.906646
33.506864,66.481356
27.668403,51.051565
30.526958,50.496982
30.952613,61.81132
23.964476,52.230787
27.67887,50.05224
22.588884,54.423255
30.650218,58.628215
24.860225,60.18732
23.807516,52.090305
29.17429,65.956571
25.04148,60.414605
27.691948,50.109742
25.678618,62.128767
22.401272,54.425863
30.070053,59.614063
23.636317,52.14173
30.637096,50.320879
33.646096,66.291694
30.571278,60.369488
30.664944,50.518227
29.044657,60.178505
24.985415,55.682817
33.64716,53.674945
24.208354,52.093345
27.72727,49.995412
34.226576,53.274855
26.876102,53.382378
23.78123,52.575914
24.049279,61.271749
24.728512,59.473053
28.223315,60.52507
23.738229,52.723626
27.704796,61.731016
25.721371,51.878159
28.472027,56.206546
30.41225,53.900492
30.007415,51.524244
32.265318,50.814795
30.67599,60.568036
30.535356,50.602422
29.166369,63.534247
23.345784,54.572133
30.056742,59.701285
25.043012,61.051395
30.30611,66.277565
25.478928,65.019997
32.948971,56.542312
34.241914,64.335935
30.371525,59.720634
30.213424,50.674559
22.287828,60.466118
23.449539,54.70023
33.997854,62.30775
29.328376,59.880911
24.843033,60.261841
29.081801,70.578134
32.590205,50.227043
27.676296,50.085884
25.936739,62.457531
33.878419,52.453289
21.757989,59.884976
29.407769,54.769364
28.091536,49.255847
30.457757,59.069219
30.458736,60.566135
21.067528,60.453515
28.029005,53.743702999999996
29.532929,50.091979
30.842843,50.152112
23.608075,63.189971
30.735389,57.341098
23.445553,58.764083
32.405822,53.004278
34.176235,57.905705
25.694671,59.67019
25.779762,62.033921
26.717096,50.214136
32.163945,54.750089
30.302519,60.364235
29.774198,50.151006
23.835992,52.742242
28.338378,54.08793
25.047278,55.56535
30.369168,51.1845
24.977133,60.178224
26.702902,53.227054
21.232853,60.501658
28.630884000000002,50.329998
31.362039,58.532846
29.073974,70.54013
30.799317,50.355232
28.071178,70.27549
24.257985,54.573065
33.413673,56.910799
31.839127,66.935529
30.732425,59.633271
26.762827,62.432117
28.22,56.136
28.317654,50.294083
30.112994,50.579223
27.730778,50.137197
30.219053,49.768712
30.913516,59.515658
21.815917,60.574886
30.176525,61.932171
22.1141,56.099103
26.9374,60.448133
32.856902,56.571643
27.397011,53.808147
30.179022,50.182504
23.861201,52.922991
33.327406,52.163658
29.918063,61.598146
25.377446,56.031504
30.520464,50.514667
34.130283,53.255548
24.530472,54.239847
24.346800000000002,57.812
25.754153,62.25093
27.776103,57.70303
28.98232,60.303463
23.657336,54.157778
27.019848,60.503846
30.297117,61.425997
33.877326,53.6751
23.65002,52.085395
32.671167,55.040913
30.165678,56.116374
29.901192000000002,59.357178
34.074872,52.712092
32.85412,66.693499
31.024689,50.000381
28.950402,60.325966
31.294762,49.411195
33.549808,59.65296
29.531102,60.227987
23.779426,52.734794
31.8573,55.501483
28.012452,53.747643
30.850458,59.650532
25.748027,51.84591
28.364263,49.230988
23.479567,57.002189
23.713841,54.234991
24.288506,60.894383
33.403891,66.493184
31.828128,55.500817
30.259114,50.499131
26.417856,53.811929
31.284693,58.549345
23.777771,53.68896
25.071953,60.242131
31.380901,58.54058
29.744229,60.662239
23.616887,55.291474
33.435614,56.390567
32.750077,51.560175
33.981031,62.268087
27.880606,70.274067
23.88977,52.68534
28.825157,70.471012
25.048507,58.383742
27.749056,68.654039
23.835182,52.718723
32.100788,63.405567
26.330104,53.919965
24.3,58.4
26.1,58.1
26.6,59.1
24.8,59.2
26.7,59
27.1,57.8
27.3,58.3
24.1,58.8
24.7,59.3
26.2,58.5
26.2,57.9
26.6,57.8
24.5,58.4
25.7,58.6
24.5,58.9
25,58.4
24.1,59.3
27.8,59.2
25.5,58.5
25.9,59.4
25.5,58.8
26.4,58
27.1,59
22.5,59
27.1,58.4
27.4,58.2
22.6,58.8
25,58.1
24.8,59.4
25.9,58.4
25.5,58.3
26.1,59.6
25.3,59.5
27.1,58.3
25.7,58.4
23.9,58.8
27.6,58
25.9,59.5
26.7,57.8
24.5,57.9
27.3,58.4
24.8,59.5
24.7,58.4
23.9,58.7
25.2,58.4
22.6,58.7
24.7,58.2
26.2,58.1
27.4,58
22.7,59
25.5,58.6
25.4,58.4
25.4,58.5
26.4,58.5
26,59.6
25,58
24.9,58.6
24.7,59
23.84472,52.700587
24.7,58.9
27.5,58.1
24.8,59.6
27.2,59.1
25.1,58.4
26.2,58.4
25.3,59.4
26.7,59.1
23.2,59
27.8,59.1
25.4,58.8
26.9,57.7
26.2,58.9
26.5,58.4
23.6,58.6
25.5,59.2
25.2,58.6
22.5,58.9
25.2,58.9
24.9,58.1
24.5,59.4
24.7,58.7
25,58.5
26.4,58.4
27.6,58.1
27.1,58.1
25.4,58.2
26.9,59.1
23.7,59.2
22.4,58.2
26.6,57.7
26.7,57.6
25.7,58.3
25.9,58.2
23.9,59.2
26.4,57.6
23.5,58.6
26.5,59.5
24.4,59.3
26,59.5
24.4,58
24.5,58.2
24.8,59
25.2,58.5
26.2,59.6
24.5,59.2
26.7,59.2
25.3,58.5
26.7,59.3
25.9,57.9
23.3,58.8
23.7,58.6
22.7,58.9
25.9,58.1
23.7,58.9
23.7,58.7
22.6,58.9
22.8,58.9
25,58.6
24.9,59.5
24.4,59
26.6,57.6
24.5,59.3
26.4,59.5
25.4,58.1
24.6,59.3
23.7,58.5
29.480735,61.600382
24.997101,58.422113
23.522533,56.956376
25.127483,62.936242
26.969833,56.709194
31.149052,70.387049
26.88173,56.824743
25.043259,58.429962
23.81632,58.72272
23.67644,58.80881
31.67347,63.95428
30.46798,65.5922
31.58942,63.65352
32.17577,65.30757
30.67185,63.7661
33.32875,62.77463
33.13958,63.80918
30.60578,64.90502
31.7837,61.65262
30.8686,64.78157
32.92142,62.75953
30.79437,64.73035
33.16227,62.71825
31.20725,64.45205
32.98918,62.74252
30.4943,64.95388
33.17208,62.52397
30.8055,65.39483
30.67935,63.579
31.13693,65.38592
33.86403,65.93337
33.31413,66.10925
32.69042,65.77078
33.67692,61.0961
30.67,64.835
34.78528,64.24993
33.8402,61.08335
30.62303,64.77848
34.76238,64.44708
32.69065,61.05307
30.29,64.695
35.5714,64.26988
30.59833,64.87167
32.97013,64.36237
36.44053,63.83257
36.45152,63.84145
32.53463,65.68517
32.8355,63.95403
34.82547,61.49312
31.63812,61.3639
34.92403,61.4464
31.53627,61.68492
33.03745,61.13265
31.38062,61.73073
32.88213,60.98362
32.13948,61.27572
32.985,61.10373
30.53667,64.70333
32.96713,60.90638
30.57,64.76
32.383,61.21422
31.72678,62.05308
33.35768,61.0272
35.94648,62.96897
33.7647,60.94085
32.14323,62.8999
33.42052,61.0344
32.40387,62.8945
33.09207,61.46928
33.1486,61.30145
32.25298,62.73963
33.20462,61.45795
33.1297,61.47835
33.07083,60.8898
34.1302,62.28398
33.76403,62.74778
34.54798,62.15967
34.62747,62.07502
31.7679,61.933
31.37483,62.17253
31.4286,62.00165
31.64085,62.16727
32.88465,60.9289
34.53442,62.40588
32.87393,62.28975
33.2189,62.34523
32.92218,62.2019
33.6028,62.2933
31.97867,62.3058
31.65287,61.65462
31.73888,61.65998
33.76203,62.70168
33.63185,62.69958
32.54418,62.75293
33.82958,62.19377
32.70253,62.72975
32.86748,62.13118
33.85468,62.22253
32.65348,62.26865
33.17468,62.39253
33.71375,62.16523
36.2514,61.92958
33.3001,62.42603
36.50818,62.5069
33.14653,62.44103
36.019,62.3475
33.13768,62.34053
36.09717,62.68255
33.21627,62.35448
36.0307,62.57583
34.36738,62.5148
36.14188,62.49117
34.18827,62.4318
35.92702,62.407470000000004
34.60947,62.3676
36.21695,62.13008
33.70185,62.21127
35.83595,62.07523
33.72825,62.20943
35.94742,62.0014
31.65728,62.34128
36.41493,61.65753
32.14697,62.38332
36.57022,62.03132
31.84585,62.33237
36.24653,61.76005
31.81277,62.15395
37.01988,61.96442
31.15261,65.4025
32.08028,62.07007
31.53555,62.08282
36.43125,61.96182
31.63547,62.18318
35.916,62.10552
32.32278,64.9375
30.96153,65.0846
31.61139,65.51611
32.6003,65.057
33.92003,65.36778
30.75334,65.12573
31.50535,65.18513
34.54563,62.2384
33.25173,61.25843
34.62197,62.11332
37.11175,61.74675
30.59212,64.65988
30.66808,64.7639
30.74567,66.58457
34.77972,61.51472
31.70752,65.87837
35.24158,61.30927
33.15702,66.12902
35.25407,61.40697
35.33488,61.31025
32.47072,65.76198
34.26893,61.5509
30.43947,65.03132
30.42347,64.66553
30.35785,64.91148
33.77888,61.6175
33.78263,61.47977
32.59827,61.38968
33.47185,61.75638
30.40455,61.56732
33.57505,62.77458
34.3758,64.00653
33.30763,61.60037
34.56852,64.00933
33.95887,61.92658
34.5288,63.7881
33.64058,61.6803
34.4256,64.03128
32.4464,61.56175
34.256100000000004,63.9543
33.69242,61.40175
34.45943,63.23168
32.22482,61.68803
33.12425,63.69682
33.77285,63.85343
31.53242,61.77983
31.49242,61.67493
31.73638,61.60325
34.38085,63.19748
31.90055,61.35762
23.79369,52.69861
23.81502,52.77737
23.82452,52.78459
22.73849,53.49044
28.506635,63.979699
26.041888,61.567241
21.938563,60.53498
21.919013,60.543229
31.993255,46.451618
23.40354,53.924421
27.533698,60.380186
27.50441,60.366356
25.567356,59.10436
26.302322,59.569643
24.469818,58.107024
27.050693,58.107929
25.16539,59.44171
24.72579,58.72884
26.797297,57.581885
24.5731,59.44601
24.655801,59.38945
26.762263,58.367356
25.68008,59.3894
23.6439,59.00994
24.31107,59.14871
25.991565,58.200627
26.185681,58.414644
26.8919,58.61406
27.15997,58.31188
24.72396,59.36446
23.789177,58.738416
24.32687,58.38904
26.235445,58.420461
26.119793,59.585468
26.131055,58.382835
24.699695,59.4815
24.283446,59.402153
25.67184,59.65459
24.47832,59.0685
25.027292,58.434072
27.020504,58.139098
26.393,59.54899
27.00386,57.7658
26.533527,58.399688
25.816289,59.512257
24.30009,58.38057
23.705619,58.829954
26.101612,59.566099
25.908535,58.086883
26.819189,58.334147
24.664446,58.413743
26.73465,58.38047
25.280823,58.012541
24.825035,59.469612
25.268169,59.506341
24.50869,59.0721
26.551775,58.25342
24.08841,58.27286
26.69158,58.40549
26.71177,58.39057
27.65011,59.16775
23.546752,58.553149
27.11278,58.28886
26.738683,58.335484
26.31015,57.83765
25.9876,58.614212
26.76599,58.31676
23.844269,58.754518
25.637469,59.270879
26.31858,57.84888
26.758079,58.338191
24.96401,58.13227
26.28598,57.76901
26.686946,58.576879
24.801659,59.411352
26.782853,57.638526
24.99786,59.47237
26.36664,58.469063
27.528519,58.128075
26.67397,59.285377
22.525617,62.084058
24.711889,62.254425
24.026883,61.275588
21.781711,62.056217
24.279317,64.508711
26.260401,61.355655
30.963159,62.745246
21.545509,61.239138
22.405418,60.781133
24.625711,62.30034
31.461084,62.947349
24.646516,62.361772
26.445602,61.498818
24.70657,62.430566
24.757223,60.16251
30.972768,62.790036
24.387686,62.900979
21.865054,61.099869
23.989508,62.487364
27.608413,61.475877
26.884793,66.287177
24.769482,66.078937
23.924451,61.228722
27.014395,60.407649
24.361133,62.67444
31.115284,62.733229
24.966698,62.577566
26.587783,66.001265
26.998063,67.704556
25.10041,62.71519
24.716401,62.326025
24.835538,62.1282
27.583671,67.059897
21.606896,61.695869
26.771256,62.498136
25.80552,62.229192
31.009178,62.817164
24.737485,62.338219
26.007237,66.806227
27.041479,62.210012999999996
23.722239,62.284183
28.617571,61.972007
24.191823,62.345362
24.310053,61.403043
27.754739,62.935032
24.621609,62.223858
24.080471,61.461483
28.646658,62.510148
22.104111,60.4481
26.010655,61.198661
24.762384,62.210923
24.208466,60.707676
28.193109,68.031406
23.169297,62.826594
24.557528,62.021138
23.964892,62.478959
22.527985,60.560534
21.349015,60.830545
24.832069,62.418198
23.831384,61.78161
25.533785,61.17591
27.553916,61.189881
29.994001,61.939681
24.047455,61.221187
30.823866,62.826818
24.542421,62.276432
24.800198,60.223117
24.731576,62.1457
26.600384,60.888797
24.72708,62.266434
26.536087,60.903814
29.416944,66.260547
21.983547,61.039084
24.720795,60.131924
25.193723,60.265115
24.184941,60.158564
22.203836,60.426277
27.102874,62.344848
25.743472,62.138707
26.906058,60.455875
24.711117,62.506833
24.587818,62.329455
26.933251,60.487304
30.947992,62.912629
23.830407,61.63199
25.506229,60.881318
29.911626,62.637651
24.627055,62.204973
30.938504,62.729319
25.050963,60.246594
27.799493,61.805431
28.81153,61.220104
24.545751,62.304695
23.845359,61.210378
26.68229,60.40634
24.692597,62.489221
30.995126,62.735355
28.235038,61.023908
24.877762,62.490308
31.017745,62.736056
24.044839,60.365129
22.259187,60.414454
21.395412,61.627668
24.672684,62.367688
24.671504,62.353503
23.961042,62.443182
23.971362,61.285621
23.303576,61.955255
26.031709,66.666254
30.903037,62.757263
23.135172,63.837673
21.348789,60.790852
24.200019,62.312175
21.604268,61.225154
25.88478,61.640897
23.427791,62.363069
24.726102,62.097459
26.258584,64.850411
28.457002,62.601994
25.190495,60.223281
21.330721,60.184207
29.221874,62.41242
24.513134,61.039426
24.879469,62.273864
24.707315,65.731932
28.02527,66.654827
24.238666,60.831401
28.068847,51.508527
28.066481,51.453557000000004
28.07003,51.470306
28.068854,51.537307
28.010549,51.530207
28.107031,51.535465
23.241504,53.231379
23.306832,52.744724
30.93229,50.00844
23.817896,58.746704
25.271215,62.487617
22.234599,60.555739
21.154632,60.451972
24.348777,62.349377
24.267788,62.321431
23.795641,64.278965
24.35882,62.371367
23.998513,62.397763
24.038993,62.279802
25.660256,60.737263
28.708151,62.397226
24.88278,62.226458
28.574619,61.321796
24.940022,62.773892
26.214293,64.831661
21.276523,60.81797
24.688514,66.658079
26.342236,62.617545
29.652735,64.169355
21.975466,60.660738
24.619332,62.248344
23.684088,59.965481
24.058686,62.620846
28.298215,60.860887
23.387347,59.928587
23.073674,63.906534
24.031858,64.315296
24.511076,62.130126
24.790272,62.210704
24.370986,62.354835
25.733321,66.525577
28.485967,61.039376
28.889595,65.024269
24.678075,62.270173
24.363048,62.343084
22.166076,61.108401
24.662753,65.695925
23.568437,61.489652
25.669586,61.99394
28.915932,62.090516
23.016464,60.966451
29.772062,62.600632
25.88346,62.244421
26.13245,64.297961
23.283346,62.324371
23.61875,60.81552
24.007058,60.041155
23.418019,62.584172
26.082328,65.078986
23.640867,60.013775
24.820363,62.282302
25.550427,65.013343
23.785143,64.234238
24.578233,62.40908
27.425939,62.237347
22.142276,60.335621
28.643695,62.561771
21.273696,60.211189
24.741957,62.42547
24.695518,62.099994
24.80458,62.301933
22.100701,60.428187
26.078655,64.17534
28.052598,62.674576
29.861677,63.029242000000004
29.030358,64.207553
24.528988,62.380073
25.72307,66.4875
24.688699,60.224467
30.218301,62.903898
29.145851,66.302609
21.447379,61.100798
21.252,60.835774
25.958286,62.616855
29.048755,62.355683
22.912873,59.822518
24.560872,62.339318
24.469954,62.330438
25.599542,64.140854
25.651264,60.369269
24.977981,60.147597
25.992095,60.399139
23.084939,60.382516
24.25765,60.371743
30.767508,62.502017
23.026244,63.772131
28.31507,60.870489
23.539716,60.126991
26.957192,66.722128
24.822032,62.160303999999996
24.369233,62.381436
24.914064,62.213305
24.903723,62.239652
24.799592,62.172562
26.959578,60.372224
23.540017,60.088431
24.427238,64.665476
24.737938,62.233586
24.031193,62.261614
24.794516,62.316601
21.440474,60.957286
21.177507,60.613921
24.792555,62.255026
24.764465,62.201229
22.486287,60.088405
24.79033,60.68916
24.545299,62.353071
24.636007,62.235742
24.446999,59.935535
24.608407,62.287049
24.449457,62.340403
23.033165,63.830807
21.714523,61.494477
24.480726,62.109217
26.717252,62.549128
28.968442,62.368873
21.541642,61.124857
25.76781,62.234648
24.543151,62.409256
24.786788,62.334744
24.349732,62.379574
24.559026,62.258864
22.261135,60.559978
25.984656,67.602371
24.6562,62.23312
27.249633,63.376432
24.385242,60.16085
25.683673,60.37139
25.069684,63.954346
24.303074,62.399867
24.736151,62.358974
22.296923,60.421374
24.415826,62.461444
26.514212,62.339551
24.930851,63.618262
22.836101,61.764255
24.854137,60.160542
27.578872,61.713583
24.914379,60.169983
21.762967,61.294989
25.712526,62.331669
25.864869,61.16343
25.49932,65.064544
22.498336,60.418543
24.746575,64.269843
25.357151000000002,64.858922
24.797559,62.194041
28.214309,69.909151
24.615917,62.134306
25.006838,63.619754
27.712336,63.148725
24.175833,62.333544
27.282305,61.675741
24.82208,62.033481
24.619693,62.458085
24.046578,62.289197
22.234322,60.428604
24.245221,60.156924
24.440179,61.52282
25.574908,61.794631
24.98447,60.279606
29.902307,64.557824
22.825996,61.779456
22.123629,60.469318
26.588965,67.752582
25.78018,60.18267
23.55,60.096489
24.526978,62.321097
24.830539,62.240045
24.798668,62.291933
26.11625,64.173587
24.738371,62.303933
24.641949,62.334037
22.22694,59.809758
25.610899,66.466162
23.417596,62.049424
25.723151,62.250191
28.916275,62.181042
21.372135,61.031237
27.515865,66.721651
24.030987,61.12917
23.126121,59.896347
26.21004,65.011279
24.926021,62.247039
24.25891,62.379079
24.593965,60.886605
24.051849,62.298517
25.83367,66.491564
24.209987,62.349513
22.047394,60.073137
21.478981,61.141575
24.418916,62.242469
22.32139,60.464255
25.709003,62.261343
22.397607,60.295026
26.486418,63.954358
24.602059,62.236719
24.387583,62.417289
25.00861,60.243319
22.898771,59.815231
27.847519,61.709676
21.439464,60.288762
24.424927,62.227414
24.129214,62.302256
29.500222,64.127856
24.62302,62.278874
24.823382,62.342903
24.510973,62.404677
21.442413,61.130109
25.753386,60.406401
29.848611,63.798201
28.55463,64.202732
26.150327,60.972439
24.68768,62.323509
26.746575,60.923904
22.904016,63.063829
24.746818,62.22283
29.015048,66.285368
24.969713,63.933079
25.89804,60.246991
24.460744,62.208526
29.294599,62.6449
29.329056,65.509421
27.289173,60.640436
24.819786,60.188286
24.416882,62.205838
24.390797,62.186671
24.706303,60.23398
28.251951,64.160483
22.33829,61.426268
24.116278,63.694057
28.553143,61.568799
23.318932,59.965784
28.332226,61.530522
24.36491,61.417616
29.206067,66.088568
25.713342,61.14467
28.318119,63.189497
27.425085,61.70548
24.977989,61.548744
24.76145,60.566547
22.332434,60.591884
24.023978,61.690225
23.924138,59.980964
23.687265,60.247138
25.163257,65.368963
25.15517,60.204752
24.534154,60.068872
29.571817,62.529283
27.09089,68.943572
30.123384,63.71392
24.314695,60.118205
28.897953,62.240928
22.353177,60.396947
26.954828,61.256253
27.913605,68.787566
26.992462,64.310725
25.055322,60.160016
24.775625,60.270922
28.184818,61.494289
21.118809,60.471473
28.879548,61.210393
28.252269,61.503113
25.49931,60.203397
25.717008,61.094603
29.972046,62.674551
22.496123,60.921886
25.122321,60.224759
22.219511,61.563914
26.108378,62.44341
22.455416,60.558439
25.120111,60.237185
26.11264,60.308814
27.389772,61.658473
22.677858,60.269821
27.088418,61.38102
25.102537,60.244964
24.893352,60.21151
28.911266,66.328731
27.392565,62.566586
24.047354,61.702904
30.092963,63.256045
24.768141,61.364697
23.393454,61.998356
24.681096,60.208932
23.882368,61.535255
23.539782,60.287633
29.315257,65.822536
23.538937,60.266357
26.486484,63.08867
28.67474,64.173325
25.043386,60.288901
27.73012,61.563366
26.059088,62.302743
23.276955,61.483634
26.403739,61.913865
25.161715,60.136476
27.176524,69.899062
26.929976,61.869221
29.550919,66.297842
27.17715,61.921996
29.004957,61.566229
25.099206,62.806423
25.072625,60.413429
29.068532,66.254613
24.323472,61.644802
23.67847,61.058975
22.590806,60.486314
24.958878,61.645844
21.362934,60.394988
30.160364,63.01881
26.026963,62.651751
26.355168,63.299549
25.921776,62.715021
23.468522,60.436827
25.1687,60.112197
24.876433,60.072477
25.919109,62.194781
26.364072,61.339881
25.817405,60.954801
24.15581,60.551377
24.843601,60.292333
26.030172,62.50875
24.47495,60.115835
26.910847,61.217817
25.984819,62.83231
28.648047,66.175489
23.778948,60.263046
26.830009,62.775188
30.575218,63.392324
29.135474,62.199294
22.812905,59.924611
29.2427,63.553553
27.716898,65.043922
25.043731,60.321225
24.394141,61.683074
27.499134,62.950877
23.594366,61.689295
22.151564,60.480568
23.548319,61.38256
22.970143,62.853547
29.474159,64.230546
25.654678,61.183068
28.702495,62.060631
22.808831,60.039454
23.754559,61.363776
27.03056,60.430891
27.476503,62.144583
26.044842,63.103941
25.156399,60.352815
25.053238,60.430447
23.802427,61.21009
23.79295,61.510765
27.688675,61.352493
27.781205,61.577364
25.136831,60.204198
25.27218,62.28358
25.003482,60.318112
25.640559,60.356344
26.022998,60.300347
28.405823,61.593919
26.564495,61.07747
22.36854,60.052104
23.80482,61.865381
21.554074,61.218962
27.689184,68.70246
21.012642,60.470496
28.276758,61.605886
30.150087,63.697754
29.574053,65.961136
21.534989,61.66026
28.27733,62.762168
23.118085,60.428074
28.654436,61.071726
26.01476,60.319735
29.757414,62.670654999999996
27.82084,60.997084
21.747077,60.1314
24.099925,60.936794
27.103082,64.254227
24.479272,61.004721
25.777772,61.016105
24.26283,60.352859
30.310439,62.905059
27.753283,68.764674
21.489379,60.313986
23.841856,60.252938
23.832317,60.373903
26.518083,61.602898
25.868941,66.533969
25.883021,63.718891
23.145816,63.149897
24.54175,60.012958
22.514179,62.69977
29.658958,64.348947
24.818978,60.212403
28.60191,64.190336
25.579483,65.122107
21.984395,61.464019
25.482143,64.989997
27.466492,64.474544
26.658939,60.473683
25.585348,60.246227
25.629483,61.222754
23.116888,61.811977
22.105889,60.497697
24.507897,60.123368
28.355974,64.67704
22.63539,61.75186
22.454635,61.164116
25.053479,60.26333
29.57291,64.270792
21.743332,60.183891
25.593915,61.889933
22.959249,60.119161
21.602958,61.772995
23.581198,61.528928
24.666004,60.232318
24.687041,60.883031
26.7027,63.594468
29.035449,66.929289
23.955374,61.682536
21.947868,60.762456
23.196109,63.903761
27.60978,64.229239
29.297055,66.0891
21.449026,60.916606
21.533155,61.153698
25.169631,60.217256
24.172669,63.703072
25.097057,60.1862
28.356309,61.559653
29.321358,61.668147
27.356788,61.014855
25.184033,60.251897
27.834426,60.541385
28.910789,62.883376
21.600266,61.391402
24.473556,61.709568
27.820457,63.249892
25.331426,60.916919
23.129466,59.932543
22.190838,61.616701
24.548845,61.042983
24.130559,61.417907
24.834377,64.901331
23.495586,61.436028
22.621207,62.997533
25.51503,60.232797
23.810613,60.932953
24.067552,60.94947
24.725431,60.70217
26.475687,60.430601
23.507368,61.696735
22.202152,60.510294
24.668876,60.244765
25.735181999999998,61.894635
25.894631,66.535283
23.814749,61.703609
21.408317,60.761221
22.105767,60.357551
25.181912,60.201483
24.083657,60.975317
26.349397,61.882703
26.799557,60.535965
25.602663,62.708402
23.152076,62.599083
24.817169,61.402207
25.12705,60.460538
25.429177,65.15709
24.999814,60.227082
25.585061,65.052877
25.308563,60.295491
24.590232,64.742835
30.019913,62.577258
26.688576,61.815016
24.095686,61.293641
29.772364,62.658801
26.093629,60.261392
26.778238,62.685189
21.778639,60.273937
26.057796,62.448086000000004
26.278408,62.38031
27.061452,60.529968
25.705217,60.376861
21.569789,60.558966
21.694642,60.471284
24.602066,60.440352
26.605514,60.433544
24.968881,60.238163
25.141345,60.222656
22.26896,60.375068
25.983241,62.380874
21.909824,60.688339
25.959598,60.245629
25.739202,60.413106
21.66334,61.623396
24.900299,60.261158
24.654938,60.224399
26.013064,61.101109
24.608207,64.128295
24.505294,60.2872
25.078256,60.200551
25.968857,62.412331
21.703569,60.447885
21.357363,60.552056
23.992248,61.400968
23.448275,60.444701
25.353965,65.038657
27.257846,62.349032
27.42342,61.113564
22.274619,63.297942
28.398426,61.214621
26.526508,60.949056
24.813094,60.796329
27.815904,61.520408
24.9756,60.22411
25.647261,62.005054
25.983919,60.272791
29.348879,61.861596
23.280462,60.753791
26.299466,61.344708
25.973503,62.056793
24.814454,60.236167
25.107596,60.3523
24.136651,61.319298
25.599331,61.238716
25.493033,65.118042
22.293205,60.510619
25.752473,61.990559
26.171232,61.967935
27.041855,60.501235
25.695597,60.276721
25.1585,60.407791
21.329571,60.556789
24.72024,65.785927
24.76263,60.242498
21.879862,60.46331
28.279545,61.105688
24.278486,60.537205
27.347838,61.724082
29.67423,62.876042
25.453781,60.256444
27.984516,61.577033
21.392595,60.53484
22.751448,61.932828
26.021043,60.543241
28.870536,61.371171
28.593454,61.344933
27.333522,61.714324
25.001227,60.275002
22.942149,60.277057
26.565697,62.615122
27.070313,61.020835
24.533642,60.037466
23.614676,60.351224
25.817125,60.30575
24.577363,60.024782
24.692746,60.64991
26.81944,62.112288
26.803333,61.544868
23.867601,61.68316
22.540035,60.551205
26.085036,62.281461
26.915081,62.644544
24.821892,63.236101
25.53718,65.121072
24.959274,60.203265
28.891104,62.825093
26.389455,61.423248
29.800436,62.656025
22.452998,60.355856
21.470147,61.024994
25.656785,61.064872
25.791773,62.280461
22.546462,60.360372
22.278658,60.244716
22.789216,60.889074
28.22739,61.470623
23.69917,60.874994
25.178677,60.188901
25.787786,67.182449
24.301575,60.576771
25.066108,60.191744
25.623708,63.092624
25.791548,62.53813
26.127949,61.613509
21.307937,60.593627
25.630157,61.146367
28.621577,61.47938
28.44211,61.504472
21.568124,61.430508
24.810716,62.325054
25.73845,60.424531
27.672906,62.230942
27.856837,62.482487
25.455184,60.283429
29.418779,65.990785
29.06874,61.738524
25.93975,62.747634
24.822443,60.297297
25.373638,60.288005
25.970174,62.367223
27.780239,62.923557
24.413655,61.186554
28.836324,61.358024
24.695138,66.691394
25.096864,60.266438
27.798814,61.466139
22.580792,60.379503
21.553449,61.183577
25.764044,60.436462
26.624697,60.397361
25.037895,60.212615
21.895896,60.355701
28.970929,65.897482
27.16194,61.244844
29.441859,62.644149
26.545611,63.851375
22.27949,60.418086
27.923752,62.371971
25.52829,66.743285
21.149344,60.497281
28.366674,63.704972
24.074654,60.921225
26.012695,62.292484
25.239437,60.516358
24.641217,60.141413
22.375256,60.468561
25.506826,61.475271
26.828325,61.920227
25.045378,60.272488
21.338049,60.541173
22.11638,60.248403
21.366746,60.410461
27.971393,62.351457
25.225243,60.246365
25.007844,61.621523
26.033305,63.214364
24.919007,60.187998
27.829124,61.359624
24.823142,60.269104
23.755229,63.109762
22.42158,60.250586
25.390795,60.207586
26.247144,60.669171
21.878099,60.550685
25.084777,60.252092
21.956691,60.369558
29.215498,66.068085
29.182431,62.312815
23.208039,60.406529
27.826519,63.119127
24.377206,61.090222
21.435759,60.881675
22.773875,63.695669
24.933661,61.504364
27.662594,62.959871
24.290063,61.939148
26.387529,62.085396
25.393352,61.440354
24.914154,60.717249
25.620988,60.872892
27.045391,60.422725
23.440998,60.698195
25.859481,61.03591
22.091546,60.195104
24.738579,60.254846
22.412035,61.458728
23.601523,61.528942
29.971849,62.662455
26.657834,63.245507
25.385388,60.437335
26.026203,62.639843
21.900681,59.952411
26.034543,62.454642
23.646403,60.92792
22.422359,60.435277
22.003571,60.3605
27.678929,63.181105
25.279362,63.056759
21.623047,61.749075
25.612185,61.851162
25.319713,60.239009
21.64889,61.277074
25.109103,60.450172
28.51949,64.17909
25.515366,65.374125
24.420903,60.329428
24.893563,60.173575
27.779276,61.442703
22.577509,60.075806
30.883106,62.548669
24.554811,61.661051
27.152497,60.787324
23.650396,60.117494
27.993446,64.36388
24.802031,60.273823
24.786856,61.319612
23.037,59.891747
23.61323,60.151264
28.125423,61.391263
28.854015,64.061703
27.598902,63.302926
26.228697,61.285314
27.472372,62.695467
25.161094,60.230116
23.934556,61.257097
24.795006,60.906678
27.807075,62.984908
24.095408,60.594424
22.053886,61.355898
22.674433,60.481396
24.375129,61.265542
23.829656,60.149462
21.886925,60.372936
25.715599,60.357763
25.580441,62.228285
27.486282,63.378449
24.939854,62.843768
25.358712,60.494224
27.221034,61.023217
26.449685,61.248556
26.823789,60.48334
25.368075,60.208354
24.489518,60.194645
23.885838,61.491993
26.878315,60.735892
24.209086,60.732323
22.099376,60.512785
28.163187,61.599088
25.132599,60.403332
21.982312,61.428191
25.013432,60.166795
25.991654,60.290514
26.521532,61.71157
27.465206,63.346711
29.641897,64.195695
27.776246,60.522503
29.497605,61.772438
22.676566,62.80404
30.276992,64.346981
24.849706,60.814633
27.01812,62.277551
21.579031,60.426395
23.249223,61.474793
26.935623,60.477837
25.011465,60.288864
29.297816,66.359272
24.427242,61.992369
22.347043,60.494307
28.326845,62.743916
27.763247,61.267825
24.927162,61.292657
26.288603,62.319699
26.287764,61.212996
22.112961,60.525887
21.791078,62.411817
25.434627,61.620154
23.26068,63.876664
24.755815,61.236862
22.133707,60.400487
22.767046,60.028059
25.541288,60.277451
27.107741,61.257008
27.374271,61.05282
25.514136,65.088483
23.414471,59.9444
25.076627,60.277041
26.562263,61.652206
22.859459,60.55948
23.928971,60.217703
25.956816,63.29694
22.057938,60.358154
28.960605,61.816099
29.795015,62.689437
27.249469,60.642808
24.999766,60.205642
28.192794,61.429817
26.024665,62.465085
27.504011,64.538833
22.081229,60.333785
24.766472,61.305709
26.160505,62.734361
27.864285,64.455032
28.394321,63.120402
21.647769,60.552214
28.688787,64.711386
30.018217,62.690039
25.074424,60.232668
25.993007,62.845455
24.523753,61.443018
22.486097,60.445404
26.238225,62.094501
23.867532,60.357
22.268433,59.905201
25.527398,60.22399
25.082799,65.839501
26.554545,64.648946
25.032109,61.126258
21.887118,59.987505
21.701042,60.28501
24.677993,61.307826
24.889716,60.228457
25.94142,61.014633
24.21746,60.028445
28.362853,62.71059
24.824965,60.202145
29.827466,62.641523
28.296546,61.1149
21.522289,60.848057
29.852042,62.635277
25.029725,60.184733
25.251919,60.230266
27.007964,60.566911
27.889645,64.984155
25.649548,61.138211
22.838682,60.041046
25.40211,61.476624
25.043149,61.067856
27.400637,61.476634
27.327413,61.726844
24.762754,60.822151
27.823147,62.840007
27.807541,61.306587
24.828598,60.280915
22.662381,60.434971
22.214525,60.434202
26.43946,62.663745
27.505021,61.591136
21.652422,60.37193
27.501808,68.697155
26.982903,61.733624
25.497241,61.623388
25.088036,61.170507
25.044657,61.713958
27.864933,61.59489
29.010274,61.930791
21.888378,60.485572
23.609063,60.674672
24.076617,63.350267
27.519454,60.436825
25.236803,60.254486
21.636783,60.096937
24.499607,60.098084
21.992727,60.210607
24.687459,60.09083
23.97654,61.521033
27.265883,60.626615
26.027912,61.78202
24.031773,61.913302
29.932844,62.813733
21.682612,61.550145
25.252603,60.882998
25.772506,62.174762
27.679013,61.701971
29.114638,61.618556
22.01099,60.386759
25.8993,65.147688
26.692232,62.649869
29.769978,61.931618
22.083657,60.56053
21.071016,60.69884
29.250132,61.372129
26.047562,62.95599
23.749214,62.740343
21.718635,61.599723
26.433809,61.473014
25.654706,61.447781
27.112682,60.547748
21.660405,61.711907
28.394329,62.19184
21.879572,61.939928
28.559649,66.165977
23.87641,62.172214
21.573533,60.279462
26.651251,61.916662
25.110242,60.20781
26.57086,63.195073
28.96359,61.85987
25.896204,66.674836
25.239019,60.266379
26.228918,60.40867
27.449321,65.418147
22.532731,60.02508
26.339844,60.443214
29.63306,64.499793
24.820186,60.227387
28.379283,61.611149
27.811591,60.505905
21.571069,60.326878
25.657955,60.900025
26.82278,60.927065
27.995589,62.354706
25.025753,61.291621
24.489739,61.110136
25.201366,60.241616
27.556341,61.521604
27.574753,61.431475
25.26537,60.237825
28.507942,61.066366
24.455698,59.994187
21.843477,60.486773
26.321686,60.504377
29.182091,61.801814
25.851779,64.899453
25.463738,60.222128
28.334616,61.096562
23.991759,60.809544
22.297732,61.143853
21.97826,60.364699
26.4501,63.83104
25.419803,61.786801
24.959211,60.19121
28.62241,62.55449
25.854219,62.257002
25.954743,62.24687
24.035826,60.850684
26.03267,61.796543
26.168394,62.450772
21.55061,61.133642
25.150855,60.296094
30.643817,62.866856
24.594724,61.047886
28.648308,61.571528
28.332158,61.153657
27.820142,60.533743
23.310879,62.215722
29.294044,61.491124
25.255456,63.283069
29.376652,61.952734
26.192121,61.007227
21.635216,60.535808
28.228085,61.52639
26.054854,66.844048
24.832695,61.3966
25.797773,62.31801
25.059424,60.217261
26.697139,61.795295
21.425974,60.588408
23.506407,63.463851
29.774926,62.706183
26.7504,60.46346
27.340395,61.653146
24.698358,60.204193
24.489666,60.281471
25.317684,62.996792
27.152465,61.258339
24.926477,60.213112
21.753245,60.561214
23.345887,59.944233
27.74949,69.120611
22.379069,60.354518
30.896668,63.183013
27.824807,61.508706
27.919781,64.409178
22.09767,62.208822
30.150787,62.335447
27.764681,61.798628
25.762523,61.849033
22.56551,62.165081
21.501672,61.166234
25.557112,61.858901
24.901576,60.355227
30.107358,62.043643
27.73182,63.060076
23.281231,63.85382
26.540149,60.511953
24.707541,61.403943
25.035122,60.197719
25.083227,60.286316
27.772755,62.854008
28.942554,61.802348
22.244024,61.514269
27.900056,64.358173
25.077876,60.183912
28.301448,62.854309
24.917067,62.336579
21.242446,60.614536
24.309969,65.83788
26.13579,60.472326
25.845075,62.090316
28.309323,62.463411
26.70132,62.659951
29.542368,62.034005
22.540608,60.607545
24.973232,60.248136
25.02342,60.250671
25.865284,62.700249
27.197975,60.957094
27.604658,62.612282
27.969524,62.365941
25.488279,60.244691
25.573353,61.225651
22.474104,61.627105
27.871172,62.937287
27.205508,68.943599
26.041899,62.498525
25.408935,60.923514
21.779464,61.522859
26.385199,60.444347
22.388255,60.222036
25.045105,60.232812
24.017104,62.54336
28.576773,61.597288
22.190789,60.36082
24.890775,61.477413
30.30614,62.852252
27.644392,61.555107
26.649802,64.707797
29.937242,63.202122
23.248735,61.553387
27.559636,64.288533
30.14658,62.593312
25.30216,63.093007
22.481568,60.048051
22.249377,60.281033
26.958195,64.593392
25.4441,65.028028
24.671793,60.914473
26.92423,60.504624
22.031767,60.529001
24.452801,60.393402
25.745933,61.790948
25.423935,65.036503
24.270508,61.341988
25.867516,62.949697
25.541578,61.36799
28.084466,62.874185
28.134183,60.881715
22.10942,60.258779
24.16684,60.29723
27.89109,62.147878
26.304493,62.198155
25.878872,60.531565
25.915603,61.135774
24.985083,60.314018
25.654513,60.260058
25.172466,60.377609
25.97287,61.110166
25.545645,60.822917
23.782661,62.233514
23.574772,61.943068
21.980024,60.452311
24.664114,60.039002
26.825398,60.947682
23.745762,61.587494
27.444544,61.164329
26.429891,61.907108
25.654941,62.022745
27.922658,61.306393
27.402081,63.630363
26.613606,61.552713
26.531837,60.443129
27.205827,61.669421
29.919873,62.124693
27.526595,60.888363
25.287883,62.563584
26.993686,60.535082
28.577433,61.570245
28.610875,62.143667
22.298998,60.934202
22.546748,60.460649
29.959288,61.823822
25.301394,64.943416
25.525517,60.270263
30.519084,63.475643
25.618528,61.445166
25.418715,60.291415
21.717786,61.652365
29.650266,62.631299
21.689426,60.44148
29.394815,63.969303
21.350832,60.404015
28.331086,61.233141
27.104403,62.637196
26.938175,64.554765
28.499625,62.737637
22.335507,62.979855
27.971383,61.463618
27.751092,61.278909
26.377229,61.02233
22.381535,62.731359
28.696961,61.327401
29.824143,62.95222
28.969244,63.140547
25.265097,63.032795
25.842375,60.251923
23.720579,61.687579
27.861321,61.027456
25.141137,61.556424
22.618373,61.316997
25.906634,62.275666
22.137794,60.274081
26.154306,60.70482
22.37265,60.520013
21.878599,60.26643
25.25093,60.64469
29.286098,62.253791
30.037651,65.845739
28.525333,61.571518
23.489379,61.088517
25.086638,60.330401
24.756505,61.32233
24.892273,60.146519
27.722239,62.873923
25.611655,60.44053
26.655738,61.321478
28.842448,62.722938
25.508676,61.418508
23.916173,61.529186
24.333863,61.372601
22.814252,60.962879
24.91375,63.290164
23.04692,59.801407
22.181303,60.27048
21.042313,60.628242
24.498608,60.167211
21.834665,60.294831
26.453451,64.956193
24.4418,60.166063
27.893825,64.371018
27.921916,62.592735
25.599214,60.313223
23.295835,61.82095
26.458273,61.654995
25.40614,60.036237
23.82393,60.682675
22.96922,62.993344
23.903146,63.060522
24.488042,61.510941
21.854261,61.514578
25.562658,65.114067
23.925379,61.473934
22.414062,60.616091
30.141644,63.370347
26.408251,61.21327
25.984447,62.878364
22.191447,60.496145
24.676797,61.590321
27.563265,61.478304
24.829425,61.275242
25.372161,60.175797
21.480397,61.446275
25.572502,61.879442
28.104467,61.797089
22.704666,60.127588
21.489899,60.833401
25.707054,62.162217
24.792466,61.339462
27.774254,62.869868
23.574369,60.891193
23.442577,59.944425
25.84809,62.299
28.155018,62.245272
23.219851,61.794153
25.908867,62.126024
25.809306,62.299123
23.427449,61.851758
22.326227,63.358451
26.713029,61.384238
25.168017,60.504225
23.258907,62.219397
21.674954,60.304058
26.765571,63.64196
24.008173,60.013572
22.022696,60.235856
26.183222,60.458042
23.466119,60.472632
23.966169,60.511873
21.640073,61.377916
26.611065,62.055253
21.707089,61.610667
22.088107,61.43946
21.73095,60.517584
24.210391,62.127561
23.536757,59.944075
24.207185,60.053789
23.792853,60.896923
22.452262,60.218188
24.075814,60.292228
21.865476,60.166466
25.673547,60.388484
24.077823,60.646222
23.041734,61.397681
25.967926,62.282437
25.514505,61.324597
21.555611,61.639504
23.862528,59.981302
21.767094,61.154682
30.257022,62.592203
24.203227,61.398848
25.140065,60.23822
21.498545,60.470544
23.595394,62.81145
24.708574,61.387794
21.763244,60.498838
21.315058,60.68553
26.286874,61.373947
25.097729,60.216335
29.921842,63.194221
21.288949,60.257215
25.802428,62.709916
27.016775,64.346251
22.625705,62.756999
21.157485,60.564565
24.957208,60.219939
23.779867,59.988449
21.491746,60.541192
24.657703,60.171979
26.069941,60.387837
22.82257,61.860714
24.839201,60.145628
24.640524,61.707578
26.889926,60.499384
21.378077,60.850107
25.447023,60.291883
27.710157,62.913038
21.34877,60.870883
21.891259,60.168788
23.887454,61.463963
25.988194,60.25966
24.041799,61.801476
28.237659,61.687067
24.841485,60.196226
24.400773,60.068321
26.490124,61.856383
21.884301,60.362686
25.876985,62.618422
24.273145,61.415674
26.033781,60.260511
27.706699,61.612883
26.830652,60.514028
24.830972,61.220088
26.090946,62.254183
29.357933,62.622149
25.450738,60.306286
27.070913,60.509888
24.641817,64.123546
29.259716,66.346626
25.272627,60.24681
22.927492,63.803725
23.52645,60.443051
21.955195,60.354235
25.179358,60.312627
25.421613,61.393956
24.921124,60.379336
25.166105,61.474624
25.768695,61.059365
25.758261,60.294563
24.204669,62.089737
27.686999,69.950938
25.074072,60.264807
25.947012,62.26762
21.473716,61.181338
25.839951,61.049077
25.462864,60.588624
21.48785,60.228628
25.740317,60.971513
26.592911,61.332365
24.935963,60.250858
25.163906,60.244714
26.214657,61.053257
26.42067,60.158361
24.767156,62.529309
23.417938,61.446426
23.921508,61.264986
27.613186,63.955108
26.671172,61.603846
25.133227,60.273628
26.542209,61.66154
28.229383,61.441694
25.722785,60.250943
26.236915,61.645492
23.854086,61.546349
25.693379,65.062047
26.522868,61.654471
27.714319,61.63017
25.850694,62.317174
24.486788,60.142345
26.521966,62.693984
27.090639,64.391854
23.804572,60.621825
25.289661,66.932534
22.893124,60.596922
28.47934,62.896331000000004
25.631332,60.652971
27.495708,62.903222
26.471405,65.146579
29.668263,65.123752
27.488189,62.454471
22.515583,63.282292
23.455312,63.758029
22.05181,60.118598
22.583932,62.8349
28.414674,61.550366
25.378218,65.587467
23.398172,64.205843
26.545832,60.659188
26.496505,63.800673
30.392031,62.414034
26.480078,64.697972
24.384612,64.675793
22.949129,60.149135
24.295085,65.572055
28.435505,61.999055
27.528595,64.697935
22.775553,61.49231
25.650015,60.204177
23.712992,61.518143
30.342061,61.966009
27.519922,64.249301
26.5261,61.556907
29.581353,64.227415
24.651992,61.537532
24.717443,60.640512
24.58207,62.434386
25.48173,63.793577
23.664896,61.966226
27.537594,65.146541
28.526322,63.793471
25.320338,66.484212
28.457048,62.44771
24.617617,61.985979
27.467106,61.108034
27.511561,63.800637
21.68698,62.353954
28.689737,66.484083
24.685251,61.089043
29.425159,62.434227
26.504292,63.351979
25.528167,62.896429
23.848192,60.17359
27.566747,66.492188
30.44373,62.862005
24.748616,60.191942
28.631108,65.587347
26.511811,62.903256
27.480923,62.00569
27.54694,65.595118
23.759527,61.070009
24.545295,62.882751
24.426961,64.227596
28.551095,64.24199
27.577253,66.940682
25.257733,67.380822
27.4739,61.556877
22.649972000000002,62.387437
26.44335,66.492231
27.503495,63.351945
22.713811,61.939906
29.540214,63.779182
24.467808,63.779357
29.35477,61.537381
25.45725,64.242099
30.293738,61.517933
26.433253,66.940727
29.624009,64.675605
26.488439,64.249336
28.720821,66.9324
26.519077,62.454503
25.61204,61.101731
29.500515,63.330906
25.550206,62.447806
25.405544,65.139045
20.99297,60.97504
25.431871,64.690588
23.510459,63.310159
29.321293,61.088896
29.714202,65.571855
21.9835,60.565829
21.840114,61.460055
28.576784,64.690477
28.659854,66.035731
27.55665,66.043667
25.505354,63.34502
25.592109,61.550457
29.389373,61.985824
25.349835,66.035856
28.394524,61.101643
24.247726,66.020119
23.615163,62.414257
29.462187,62.882587
26.45306,66.043708
21.764823,61.907047
28.603437,65.138928
27.460532,60.65916
21.91297,61.012982
26.5261,62.00572
28.502418,63.344918
24.507229,63.331075
26.539468,61.108063
28.375022,60.652885
22.835294,61.044648
26.462406,65.595158
30.497245,63.309922
24.198505,66.46814
31.42346,62.834605
25.571508,61.999149
23.563713,62.862234
22.686443,61.388522
22.23165,59.836676
23.92067,61.48287
23.445768,60.233974
24.673828,60.52014
24.93835,60.180058
24.818148,62.878381
29.252815,65.953887
29.789,62.607
26.116991,69.395088
29.227667,62.18335
21.766497,59.914408
25.827999,62.000341
24.96219,60.158659
21.7949,60.218563
22.193447,60.33261
23.546699,61.840544
27.241748,61.672123
27.722,64.232
25.24979,60.199342
26.603411,62.768928
22.941921,61.253942
23.431723,59.86013
23.026314,60.858623
25.521203,60.214663
27.115653,60.424381
27.725029,68.850514
29.570317,64.201731
24.579608,60.894067
21.653216,61.427819
28.56868,61.687327
28.125968,64.130294
29.160168,69.350996
29.13007,61.346762
22.342523,61.123041
27.066432,60.395808
27.364072,69.0785
27.154981,63.532609
27.132652,70.261135
28.193688,70.257227
29.678936,69.433505
28.458853,70.255273
30.545792,70.503314
30.029171,69.698068
28.014402,69.998468
26.172317,69.763803
30.038154,69.456955
31.09097,70.371566
30.041675,69.608513
29.933671,69.429396
29.992672,69.42624
31.011002,70.250195
29.226418,69.130316
29.152155,69.200939
28.183384,70.077925
29.162611,69.231635
30.08289,69.546344
29.265872,69.30433
29.151247,69.261379
29.546587,69.490687
29.712874,69.702238
28.1783,69.988273
29.248041,69.165056
29.142408,69.171761
29.155631,69.214488
29.444484,69.616436
29.792087,69.405278
27.913602,70.088449
27.5774,66.682824
23.743355,61.448933
25.018642,60.110161
26.059627,61.597146
21.305201,61.087927
21.367117,60.450444
21.093841,60.87182
25.753959,60.21136
21.736844,60.257204
25.555497,60.254055
21.714399,60.148278
21.459253,60.174356
21.815576,60.131614
22.201768,60.160999
24.487481,61.019509
25.964113,60.254466
24.030708,60.898986
27.643515,63.101848
24.874924,60.198555
26.549529,60.437416
28.291581,62.010322
21.683633,60.103275
21.410565,60.242037
22.016313,60.212626
21.826364,60.36009
21.78239,59.987145
29.067622,63.615127
26.538913,60.365387
25.103904,60.480376
23.129552,61.749666
24.496536,61.362109
21.671926,60.201844
23.292288,60.29544
21.933367,60.346425
22.515921,60.370994
24.193145,61.039466
21.025279,60.510988
26.22869,60.353024
24.348277,61.257493
29.220961,62.648258
26.955553,67.186751
23.882146,59.97709
28.001205,67.463987
27.188262,67.071566
22.258438,60.332024
27.454109,60.352612
23.912601,61.730631
25.159546,61.618819
25.023802,60.222038
24.944139,60.153261
26.223747,66.623833
21.982127,60.474008
21.925697,60.200759
25.314552,60.221662
26.391307,60.372558
22.260258,60.535398
22.154452,61.049268
24.601968,60.039683
27.3057,60.275279
21.730804,60.324179
28.919,61.767
21.986812,60.335111
21.293852,60.725017
24.551856,60.04463
24.047649,64.349723
21.422009,60.619165
24.262265,61.40521
21.603926,60.254721
23.276622,59.865555
27.448397,66.707137
24.912518,60.136318
27.64781,62.84717
26.661575,60.411847
21.696888,60.224021
21.65026,60.483108
27.403384,60.33485
21.379001,61.334993
25.48814,60.177395
21.370502,61.4261
21.243775,60.174658
25.532622,60.203281
25.125355,65.560578
24.868388,60.170585
24.390831,60.958295
27.895725,62.311416
24.983557,60.214565
28.071838,60.948974
22.320967,60.244931
22.054291,60.22626
21.218505,61.002174
21.80685,60.411837
21.329613,61.003468
21.558114,60.334363
21.612851,60.223224
22.367211,59.954084
22.01043,60.202016
25.285861,60.212052
21.759575,60.438041
24.613685,61.348238
25.166338,61.888651
29.145021,61.64434
27.449464,62.126954
25.644896,60.991772
26.0081,60.206815
21.425038,60.177988
29.033508,61.975724
21.842475,60.211191
21.957353,60.478381
25.443245,65.204372
23.162264,61.627919
25.010633,60.197977
23.149024,59.895416
23.92095,66.09676
24.12542,65.85749
23.79733,65.75225
23.96848,65.90338
23.93003,65.81139
23.92046,65.8774
23.85917,65.88208
24.01097,65.86739
23.92449,66.06459
23.84196,65.77865
23.89179,65.93665
24.12849,65.8461
-3.90254,48.00785
-3.00006,47.83004
-4.59896,48.37762
-1.71864,46.99149
-4.33914,47.88482
-3.54754,47.95543
-4.35993,47.93295
-1.45662,47.40519
-3.4613,48.74372
-2.07563,47.7122
-3.66416,48.24311
-3.84107,47.83821
-1.97082,47.63516
-3.85211,48.39115
-4.39644,48.43068
-3.10289,48.61826
-3.12361,48.22399
-3.82023,48.60016
-4.09577,48.59243
-2.95798,48.20148
-4.30916,47.86849
-1.86559,48.04486
-2.3352,47.378660000000004
-4.34178,47.81235
-2.00617,47.81427
-4.2393,48.1275
-3.86895,48.68734
-4.60192,48.10041
-3.51879,48.78543
-3.3019,48.81704
-3.91457,48.6569
-4.59259,48.05843
-3.20246,48.81416
-4.3411,47.9096
-3.44971,48.78153
-2.01617,47.97832
-3.17619,47.96882
-3.41962,47.83935
-1.93488,47.69757
-2.252768,51.308513
-4.388553,51.768372
-3.613466,51.911447
-3.133728,51.522383
-2.978064,48.034162
-2.0384,48.443506
-2.821802,51.160213
-2.512065,51.123725
-3.818239,48.706601
-5.1767,50.311775
-3.923532,48.68125
-2.861989,51.111369
-4.00788,48.0122
-3.14319,48.58272
-3.41853,47.78433
-4.21678,47.86519
-4.31267,48.28123
-2.69003,48.27978
-3.62018,48.64771
-1.92968,47.85192
-3.10956,47.70203
-3.72748,48.50562
-4.1109,47.91721
-3.55803,48.77102
-2.13652,48.56047
-3.07156,47.65953
-2.677388,51.114361
-3.747513,47.853338
-2.040476,51.353008
-3.094572,51.139009
-4.07376,48.20295
-3.97558,48.23806
-3.13744,48.66984
-4.68714,48.47119
-2.43166,47.87083
-4.46537,48.53947
-2.62211,47.67826
-4.32654,48.04016
-2.98493,48.46832
-3.04902,48.18219
-4.50739,48.07167
-3.81175,48.67741
-2.18087,47.44389
-2.97197,48.12178
-2.59295,47.73278
-3.56357,48.70786
-2.76121,48.29305
-1.92925,48.58412
-1.943423,51.130943
-2.839672,51.2882
-2.790591,50.953909
-0.46306,48.65484
-1.28382,48.71821
-0.47501,48.83455
-1.26913,48.53858
-1.33604,49.34669
-0.32742,48.6587
-0.48704,49.01422
-0.33315,48.74857
-1.17683,49.08223
-0.59251,48.56096
-4.524136,48.038664
-2.17786,47.48807
-4.06882,48.04507
-3.28277,47.78813
-3.05974,47.71653
-2.12556,47.44852
-3.60925,47.87382
-3.46348,47.81614
-3.29968,47.79069
-3.49773,47.84206
-3.9862,47.96835
-3.24084,47.7954
-4.01659,47.983
-3.45884,47.80536
-1.29861,48.89782
-3.28407,48.35869
-2.83038,47.93079
-2.54443,47.76421
-3.41863,48.35146
-3.94461,48.23139
-2.32302,48.22548
-3.72204,48.60546
-1.80997,48.5179
-2.8009,47.66152
-3.34281,47.7236
-3.25204,48.08961
-1.63508,48.07422
-2.27805,47.77654
-3.63103,47.88823
-4.32195,48.02781
-4.07874,48.22342
-2.24261,47.41729
-4.00426,48.67945
-1.89479,47.97354
-4.06671,48.1338
-1.45559,47.54029
-2.25143,47.50711
-1.41841,47.09088
-2.66801,47.66805
-1.68942,47.17038
-0.64251,49.27961
-1.25131,46.64631
-1.6352,46.54122
-3.38591,48.08242
-4.09082,48.31303
-1.65829,46.81088
-3.99225,48.58986
-2.48539,48.4886
-0.77319,49.18559
-1.48578,47.89973
-3.3382,48.80702
-2.72593,48.20661
-0.70247,48.19732
-2.51648,47.49484
-2.36593,47.32143
-1.5474,48.61835
-3.46277,48.71009
-0.99015,46.65571
-1.35953,47.99462
-2.14481,47.782470000000004
-3.09741,47.91721
-2.15352,47.87228
-3.78731,48.05992
-2.22427,48.59054
-1.79354,48.33831
-3.06668,48.82114
-2.11886,47.51302
-2.65847,47.57827
-3.17855,47.46154
-3.20983,47.73075
-3.39678,48.172110000000004
-2.26027,47.59692
-0.10242,47.56624
-1.91983,48.24297
-3.65355,48.06757
-4.45551,48.0194
-1.97789,47.42893
-4.40995,48.65486
-2.99438,48.19326
-1.35215,47.90476
-2.61078,48.39254
-1.60273,49.24677
-1.74492,47.79937
-3.77581,47.97027
-0.52597,47.57212
-1.80175,48.42811
-3.3273,48.71737
-4.7225,48.00213
-1.91145,48.15317
-4.24986,48.48406
-1.50492,46.54643
-4.29719,47.84859
-1.1696,48.99243
-1.33014,47.63516
-3.51975,48.07507
-1.14808,48.72301
-3.96835,48.41064
-2.46667,48.3091
-0.72788,48.55679
-0.71513,48.37707
-2.67758,47.75782
-1.83736,47.34468
-1.6668,48.4335
-1.65883,48.34369
-1.78125,46.71562
-3.22033,47.82047
-2.19751,48.32124
-0.49308,49.10405
-4.03085,47.8649
-3.79885,48.14958
-2.94377,47.74459
-3.15787,47.28205
-0.9034,49.09142
-1.42715,48.80306
-0.67741,47.83775
-1.68283,48.6131
-2.57267,48.03353
-4.22513,48.30488
-1.57885,48.9775
-4.46818,48.10899
-2.78141,47.48197
-3.24144,47.9999
-2.62038,48.48228
-3.139,48.27607
-2.28698,47.86634
-2.96391,47.92407
-1.72893,47.61968
-3.47575,47.7163
-1.19135,49.26178
-1.75633,49.42091
-3.9328,48.14176
-1.75295,47.88921
-0.4907,47.03251
-1.12677,48.45353
-0.99855,48.54799
-1.8536300000000001,47.52438
-4.11509,48.49223
-3.01486,48.37269
-2.90036,48.55888
-3.60956,48.79229
-4.04276,47.95454
-1.87824,47.79389
-1.64287,46.63111
-2.22507,47.23764
-1.93666,48.42256
-1.43479,48.89285
-3.18894,47.55128
-2.35955,48.58452
-1.05418,49.26648
-0.96455,48.09871
-1.87001,47.70406
-4.30955,47.9382
-2.07154,48.41687
-1.44246,48.98263
-3.42961,48.44113
-1.48904,49.52116
-2.85021,48.11028
-0.63618,49.18981
-4.51928,48.46726
-0.61734,48.92035
-1.86181,47.61422
-1.65089,48.25387
-1.81823,48.60769
-0.9238,49.36079
-1.18408,49.17201
-1.07791,47.8245
-3.83372,48.41849
-4.58903,48.01084
-2.84028,48.02054
0.17671,46.87057
-3.73359,48.69508
-4.39725,48.5653
-4.35941,48.29659
-1.50102,48.07942
-1.5396,48.52855
-4.23748,48.39448
-3.02515,48.4624
-2.37493,47.41124
-3.81044,48.23922
-2.95383,47.83433
-4.13953,48.67141
-1.3285,49.25694
-3.14948,48.36577
-3.30561,48.53805
-3.11813,48.09665
-3.85717,48.59773
-2.34122,48.40501
-2.05425,48.23729
-2.18865,48.23146
-2.36876,48.67426
-2.81069,47.75128
-0.69618,48.10744
-4.53217,48.55681
-2.17102,48.05188
-1.6748,48.5233
-2.31396,48.1357
-2.02003,47.87808
-3.55314,48.34408
-3.53084,48.16475
-0.87327,48.81869
-3.95646,48.32102
-4.65392,48.45863
-1.52409,48.34892
-1.51985,46.72622
-2.3321,48.31525
-1.09175,48.00425
-3.36429,47.90302
-2.6012,48.3028
-2.03708,48.0577
-3.26268,48.17931
-0.45712,48.56497
-2.8802,48.37946
-2.4296,47.95002
-4.50644,48.3777
-2.08895,48.59641
-2.75534,48.4758
-0.6236,49.01018
-0.8369,48.19302
-3.19937,47.64102
-2.64896,47.48848
-2.06288,48.32708
-2.29594,47.95613
-0.86986,48.64231
-2.35037,48.49477
-4.34688,48.207
-4.20057,48.12568
-3.82206,48.32886
-3.45168,48.62045
-2.16226,47.96209
-4.78852,48.44985
-2.5350799999999998,47.67443
-3.49768,47.8957
-1.61157,47.8047
-2.55381,47.85399
-1.06124,49.35625
-4.77523,48.36032
-3.10775,48.00693
-2.21532,48.50078
-0.35914,47.03641
-1.6738,46.99063
-3.16819,47.3718
-0.75364,48.91615
-2.04565,48.1475
-1.23284,48.08937
-1.71305,47.43997
-4.49364,48.28814
-4.16404,47.85682
-2.42041,47.86024
-2.01154,47.78826
-4.66704,48.54817
-2.69682,47.93735
-4.38459,48.47574
-1.51238,46.63632
-2.56323,47.94376
-3.04585,48.64178
-0.64885,49.36941
-3.19179,48.72449
-1.6272200000000001,47.98439
-3.71053,48.51583
-0.95782,48.00883
-3.98028,48.50025
-1.38184,48.26416
-2.86017,48.20001
-3.54197,48.25442
-2.39303,47.59086
-3.12855,48.18636
-1.37462,46.55149
-3.05625,48.73146
-3.9093,47.96248
-0.48101,48.92439
-1.90311,48.06336
-2.89026,48.46918
-3.44062,48.53079
-2.13613,47.69266
-3.37508,47.99272
-1.39684,48.44382
-3.05637,47.55825
-2.2064,48.41102
-1.96212,48.6919
-1.04013,49.0869
-2.47601,48.39885
-1.08482,47.91438
-2.45735,48.21934
-3.69906,48.42619
-2.9105,48.64858
-3.29482,48.44837
-1.9282300000000001,48.33277
-3.64227,47.9779
-2.08023,48.50664
-4.21283,48.21528
-2.7455,48.38608
-2.87017,48.28974
-1.24728,48.26907
-2.97403,48.01381
-3.07682,47.73774
-2.76521,48.56552
-0.85002,48.37276
-4.10293,48.40263
-3.40769,48.26179
-1.46309,47.63015
-1.37438,48.17432
-0.76665,49.09579
-2.17982,48.14168
-1.26182,48.44875
-2.30494,48.04592
-2.70649,48.02711
-3.17056,48.54515
-3.56435,48.43374
-1.77723,48.15868
-3.16001,48.45546
-1.34479,47.8149
-3.68762,48.33655
-1.53184,48.43874
-1.41953,48.71326
-4.18835,48.03606
-1.31351,49.07739
-1.3512,49.52618
-4.17618,47.94644
-4.3344,48.11741
-0.77975,49.27539
-3.0046,48.28298
-3.4739,48.79973
-2.44807,48.12957
-4.26229,48.57364
-3.84542,48.50812
-2.7357,48.29635
-3.89761,47.87282
-4.62783,48.27953
-2.58215,48.12329
-4.12729,48.58182
-1.27646,48.6284
-3.03548,48.55209
-3.06658,47.648
-2.7162,48.11686
-2.12748,47.60284
-2.23383,47.32747
-2.38397,47.50105
-2.26914,47.68673
-1.03314,48.9971
-2.59166,48.21305
-1.25454,48.35891
-1.76911,48.06886
-1.49339,47.98958
-1.65057,46.72099
-1.22565,47.99951
-2.41126,47.77045
-0.58023,48.38122
-2.00308,47.69843
-4.64086,48.36909
-1.99466,47.6086
-1.55002,47.08577
-1.1624,48.90264
-3.23087,47.91019
-3.4867,47.806
-1.64297,48.16405
-0.49915,49.19387
-4.05471,48.04417
-3.27336,48.26901
-2.82052,47.84104
-3.75291,47.79093
-2.68718,47.84759
-0.89665,49.00162
-3.31644,48.62771
-1.8865,47.88372
-1.36694,48.08447
-1.54244,46.99589
-0.84345,48.2829
-2.92067,48.73828
-1.78919,46.80549
-1.45016,49.07241
-1.32099,49.16717
-0.6111,48.83051
-1.78537,48.2485
-0.31602,48.47895
-3.61982,47.79854
-1.53489,46.906
-0.88992,48.9118
-1.82926,47.25482
-3.0871,47.82748
-0.41031,47.84583
-1.02617,48.9073
-1.12074,46.65108
-1.76102,47.97904
-1.98626,47.51877
-0.4512,48.4751
-2.43882,48.0398
-1.30605,48.98761
-0.50524,49.28368
-3.66487,48.15724
-2.98419,48.10354
-2.11026,47.42319
-1.38933,48.35399
-3.49331,48.85986
-4.69285,50.593066
-1.795715,50.776901
-2.97998,51.114679
-4.888927,50.448939
-3.410445,50.705595
-2.889487,51.052006
-4.868796,51.848067
-2.795673,51.197008
-1.220223,50.84192
-2.358522,51.113741
-3.762819,50.471459
-1.076439,50.930797
-2.869935,51.340352
-2.135999,50.741029
-2.072808,51.114268
-2.723699,51.170499
-2.501374,51.113215
-4.748247,50.452349
-2.07295,51.204188
-2.907855,51.079292
-2.780451,51.143158
-4.06411,50.916196
-2.781013,50.751981
-5.23439,51.883545
-2.640498,50.842764
-4.52013,50.533971
-3.929388,51.098367
-3.650457,50.279738
-4.480945,50.728194
-2.355765,50.754053999999996
-2.072385,50.844501
-1.930485,50.754577
-3.806135,51.050875
-2.86537,51.097599
-2.65206,51.161929
-4.339384,50.731122
-5.711347,50.155684
-1.786261,51.293935
-4.807445,51.795588
-1.110722,50.998507
-2.253429,51.487175
-2.881189,51.178411
-4.935567,51.981323
-1.787091,51.114098
-2.151189,51.055744
-3.064477,50.749737
-2.796604,51.250954
-3.066521,50.839647
-4.334917,50.64127
-4.817165,50.545148
-2.366698,51.2441
-2.97979,51.105688
-4.727982,51.680545
-1.788725,50.754407
-2.419033,50.695391
-3.766171,50.561346
-2.214418,50.844326
-2.96343,51.690298
-3.345322,50.656903
-4.792379,52.020781
-2.996005,51.195474
-4.297793,52.040465
-2.151218,51.064737
-4.793517,51.804913
-5.019786,51.934223
-1.540517,50.767183
-4.513447,50.40819
-4.967722,50.244556
-4.879066,52.020042
-2.307657,50.983499
-2.642974,51.0226
-4.82941,52.018548
-2.926304,50.930771
-2.622493,51.090153
-1.483899,50.757953
-4.547217,51.81051
-5.373122,50.224488
-3.020851,51.024405
-3.206193,50.748357
-5.4254810000000004,50.074513
-4.973242,51.89044
-2.406354,50.866296
-2.277506,50.704807
-4.24884,50.467575
-4.969098,51.827589
-2.92275,50.750945
-4.897857,51.678722
-1.787502,51.024177
-4.20004,50.630404
-1.930617,50.66465
-5.562985,50.137844
-4.202019,50.823738
-2.609161,51.16216
-2.813951,51.421681
-2.238698,51.424266
-2.508314,51.742601
-5.550949,50.17375
-3.900054,50.379358
-3.647091,51.192614
-2.07197,50.57472
-2.122534,51.010817
-5.26405,51.89172
-4.283332,50.889628
-4.991334,51.943944
-5.152325,50.172221
-4.622481,50.725094
-4.942465,51.786437
-4.471496,50.548506
-2.641733,50.932683
-4.883467,50.359122
-4.803545,51.732726
-2.653137,51.741885
-2.500403,51.023297
-4.753468,50.542176
-2.894275,51.115366
-3.772927,50.741115
-1.218721,50.931836
-5.140556,49.992619
-1.413578,50.712657
-1.951717,50.786062
-5.509091,50.166477
-3.066925,51.167872
-2.737714,51.152428
-4.363709,50.51027
-4.776335,51.702344
-1.363461,50.752862
-4.143741,50.946238
-4.189428,50.554154
-5.488973,50.130648
-3.692909,50.683848
-2.648003,51.382254
-2.50235,51.203132
-3.128358,50.753633
-3.172451,50.816148
-2.978272,51.033762
-4.485705,50.818035
-4.695331,51.982574
-4.861713,51.965156
-5.011815,51.826052
-5.033452,50.395783
-3.621964,50.473507
-4.274842,50.422098
-2.178996,50.866867
-5.479835,50.149365
-4.60261,50.365751
-4.429378,52.046817
-4.936155,51.990302
-4.210521,51.003451
-5.540363,50.201063
-4.462144,50.368811
-2.072525,50.934425
-3.727115,50.458503
-4.110937,52.097915
-2.267883,51.496135
-2.950122,51.051979
-2.88136,51.187402
-4.634893,52.069376
-4.363108,50.780111
-4.681293,50.638306
-2.753035,51.215275
-5.339487,50.144494
-1.646966,50.754064
-3.059727,50.853198
-2.215248,51.024171
-3.785131,50.502597
-2.931705,51.2005
-4.762714,52.012488
-3.643893,51.102731
-4.770663,50.474305
-2.436794,51.082002
-3.326008,50.724573
-4.758716,50.632
-1.795204,50.893802
-2.799885,51.439762
-2.824453,51.205801
-2.135973,50.732037
-5.164214,50.351815
-1.504261,50.843471
-2.737857,51.161419
-2.356449,50.843978
-2.873227,50.755823
-1.765957,51.055609
-4.612495,50.545426
-1.454919,50.811777
-3.885851,50.905723
-3.641381,50.423769
-1.780691,50.956723
-4.321653,50.371702
-2.893235,51.06142
-5.135904,51.940628
-4.561509,52.062002
-5.300666,50.190586
-4.967327,51.800652
-3.604949,50.595157
-1.523687,51.027897
-3.052216,51.15002
-2.767052,51.197199
-1.241889,50.819581
-2.35922,51.203659
-3.21293,50.734798
-5.704407,50.065936
-4.656082,50.692852
-4.60754,50.455589
-3.489589,50.74508
-4.834621,51.824164
-3.486743,50.655184
-5.027059,51.82611
-2.865202,51.088608
-5.049444,51.942452
-3.498216,51.014761
-4.235125,50.773641
-5.157243,50.140601
-2.87982,51.106483
-1.625882,50.731517
-2.065227,50.804039
-2.923202,51.133126
-2.499437,50.933378
-5.409339,50.142462
-3.759483,50.38157
-1.795676,50.785893
-4.326052,50.46156
-3.783192,51.010758
-5.221812,51.910873
-2.822692,51.106899
-5.02958,50.445359
-1.505211,50.753549
-2.53558,50.982676
-3.933139,51.188236
-1.965993,50.66017
-2.390792,50.704482
-4.197801,50.733878
-2.214007,50.754401
-5.482447,50.185273
-2.910151,51.196174
-4.260053,51.870339
-3.347898,50.746805
-2.723136,51.134534
-3.31034,50.670791
-2.357136,50.9339
-5.235035,51.892522
-2.34851,50.731595
-5.026457,51.817131
-3.504041,51.194541
-2.9642,51.042871
-4.072106,51.095923
-5.566996,50.191701
-1.937519,50.795048
-2.645476,51.20243
-2.822532,51.097908
-3.779753,50.920879
-4.684169,50.440353
-1.785843,51.383852
-2.790134,51.291462
-1.266043,51.089509
-2.929896,51.110592
-4.060143,50.82633
-3.514763,50.866164
-5.013169,51.835461
-3.694353,51.1155
-3.790124,51.190512
-3.20851,50.838263
-5.004061,51.916638
-4.068098,51.006061
-3.925655,51.008496
-4.77838,52.030106
-4.354541,50.609394
-5.285969,50.078551
-2.621288,51.000236
-4.510112,50.875975
-3.896471,50.289474
-3.634399,50.833073
-4.856207,50.256348
-3.641023,50.81949
-4.825892,50.454986
-4.466808,50.45866
-4.185274,50.46429
-3.48215,51.181332
-3.350487,50.836705
-5.292129,50.168338
-1.850754,51.307523
-4.957551,51.872849
-2.780906,51.170131
-4.842656,50.499553
-2.137268,51.172659
-5.431901,50.164288
-4.348386,50.910822
-2.708983,51.143613
-2.792897,51.035167
-4.582882,51.926642
-3.798484,50.853142
-4.968507,51.81861
-3.637548,50.922961
-4.373641,50.707944
-4.544384,52.017409
-2.713569,51.440319
-3.495326,50.924869
-2.695094,51.170673
-2.665842,51.125882
-3.534626,50.605099
-4.953431,51.809996
-1.074654,51.020708
-3.49245,50.834976
-5.012492,50.175935
-3.921941,50.918624
-4.943632,51.882192
-4.343874,50.820973
-1.506131,50.868209
-1.215693,51.111663
-2.611782,51.359969
-5.190872,51.884735
-4.515352,50.444128
-2.518733,50.748947
-5.018159,50.265745
-2.868237,51.250445
-3.046693,51.536727
-3.954387,52.190533
-4.472585,52.036925
-3.7465,50.602114
-1.793169,51.352394
-3.918247,50.82875
-2.782124,51.24206
-5.3947329999999996,50.133894
-2.178413,50.713994
-5.52505,50.192983
-3.776332,50.830998
-4.992531,51.961901
-4.93953,51.819338
-5.588899,50.110055
-5.072361,51.851916
-4.84646,52.068949
-4.743052,50.362521
-4.432252,51.830932
-4.716225,51.725785
-3.003644,51.546095
-3.615841,50.293715
-4.330474,50.551416
-5.146426,50.082421
-3.640712,51.012847
-2.799257,51.403799
-3.756165,50.29168
-2.293638,51.019504
-4.707135,51.815928
-4.476208,50.638351
-2.825579,51.268738
-2.794899,51.152053
-1.929949,51.11427
-5.003462,51.90766
-2.321405,50.911523
-4.193604,50.644017
-2.651174,51.098988
-4.432736,51.839915
-4.040607,50.376976
-4.731228,51.73443
-3.501121,51.104652
-2.14997,50.678063
-2.951412,51.114915
-2.357827,51.023821
-2.845363,50.783007
-4.878035,50.269302
-2.591759,50.919458
-2.621408,51.009228
-2.883252,51.286301
-2.853078,51.205596
-3.631266,50.743184
-1.169321,50.909013
-4.740479,51.887102
-2.823812,51.169837
-4.076135,51.185785
-2.214832,50.934249
-2.498476,50.843458
-2.787063,51.111641
-4.617475,50.635261
-4.688867,51.996212
-2.644222,51.112515
-4.861961,51.74031
-3.889128,50.98661
-5.590244,50.128007
-2.795828,51.205999
-2.072666,51.024347
-2.422929,51.127014
-4.5454039999999996,52.035373
-4.926206,51.837658
-3.30959,50.64382
-4.916941,51.918831
-4.213866,51.817263
-4.439259,50.60765
-2.435192,50.911154
-4.206259,50.913595
-3.592226,51.053986
-2.906976,51.034337
-4.03213,48.09752
-3.91408,47.93776
-1.05111,47.112
-3.68953,47.88532
-3.95222,48.52688
-2.64795,47.68421
-3.84873,48.58636
-1.02088,47.10011
-3.92147,48.20777
-3.51493,47.85045
-4.05404,48.21597
-3.86777,47.91179
-4.03249,47.98915
-4.11123,48.5069
-4.05022,48.51847
-2.7031,47.92194
-3.75906,48.58286
-2.72131,47.67137
-2.59964,47.60436
-4.08581,48.02958
-3.63407,47.87719
-3.89277,47.92349
-1.04062,48.31275
-3.77397,47.88809
-3.74512,47.88439
-1.94512,48.51235
-1.95361,48.60213
-2.4948,48.57834
-2.40213,47.68066
-4.01897,47.77525
-2.02854,47.96789
-2.92377,47.56508
-3.76434,47.8806
-4.27476,48.66321
-3.92103,48.05212
-3.5087,47.98539
-2.79114,47.57175
-2.52577,47.58464
-3.58688,48.61303
-3.18116,48.63482
-3.35353,47.81331
-4.44289,47.92981
-3.57559,48.52339
-4.37198,48.38617
-4.54509,48.64635
-2.93376,47.65483
-3.796678,51.748276
-2.59387,48.17714
-2.24322,48.5732
-3.40828,48.83669
-4.924428,51.619602
-3.485423,51.968543
-3.439566,52.036548
-3.137521,51.853734
-3.159734,51.8706
-3.560295,51.77695
-3.384934,51.96707
-3.560637,51.786837
-3.630099,51.783196
-3.345728,51.921669
-3.440645,51.934032
-3.294616,51.91415
-3.313458,51.912143
-3.258731,51.930724
-3.152256,51.847971
-3.573638,51.764634
-3.25344,51.87391
-3.282439,51.997003
-3.322416,51.920135
-3.451723,51.96177
-3.272051,51.887422
-3.102309,51.838784
-3.170487,51.837226
-3.424707,51.981881
-3.273042,51.922478
-3.269569,51.953985
-3.386029,51.955369
-3.328655,51.934451
-3.356473,51.940428
-3.595788,51.755793
-3.369783,51.899812
-3.23288,51.995735
-3.1708,51.877234
-3.4635,51.921162
-3.031893,51.806155
-3.216618,51.986913
-3.295784,51.904247
-3.228647,51.867653
-3.431268,51.959323
-3.07273,51.81568
-3.389948,51.940936
-3.420573,51.943268
-3.580286,51.9754
-3.598372,51.951777
-3.556691,51.798578
-3.398982,51.95072
-3.021675,51.867385
-3.655987,51.935695
-3.317259,51.942671
-3.214369,51.876793
-3.340502,51.94151
-3.226784,51.884046
-3.251844,51.839984
-3.559402,51.919031
-3.553046,52.029711
-3.356147,51.929642
-3.372387,51.937546
-3.0405,51.896441
-3.247248,51.990198
-3.307115,51.994035
-3.564645,52.111379
-3.073051,51.829164
-3.374342,52.049015
-3.664539,52.089915
-3.496375,51.947723
-3.606282,52.089465
-3.573156,51.960974
-3.407098,51.97989
-2.778511,51.15531
-2.762844,51.15901
-4.160929,51.62041
-3.978046,52.064253
-4.600193,50.466773
-4.134673,50.701324
-3.790867,50.709813
-2.269082,50.692804
-3.695939,50.773693
-2.118408,50.790058
-4.596089,50.481886
-2.307321,51.25551
-3.777821,50.701919
-3.040314,50.802429
-2.646224,50.794622
-3.810027,50.69243
-1.978227,50.793192
-3.285893,50.757982
-3.738802,50.565805
-2.044635,50.788311
-1.984835,50.804011
-1.767119,51.344199
-3.352034,50.803764
-1.904117,50.824251
-2.022354,51.06441
-2.092881,50.794578
-4.110592,50.574948
-1.901228,50.847629
-3.686904,50.53599
-3.460755,50.615492
-2.466583,51.416836000000004
-3.627863,50.583597
-1.906478,50.772231
-3.911701,50.594501
-4.083649,50.83282
-5.585296,50.089924
-4.26687,50.535133
-2.326791,51.675813
-2.457488,51.729323
-3.891595,51.99909
-2.931505,51.60299
-2.14429,50.83848
-4.548504,52.0709
-3.878845,51.698553
-3.266556,51.652847
-3.071725,51.59386
-3.738136,51.519526
-2.884361,51.678781
-4.10359,51.583233
-3.864605,51.704175
-3.251682,51.572035
-3.261189,51.70681
-3.36288,51.526736
-3.786909,51.673506
-3.026728,51.642556
-3.922217,51.65833
-3.22734,51.632537
-4.032621,51.658673
-2.873782,51.579954
-3.187801,51.418488
-2.947277,51.609505
-3.245286,51.412289
-2.777193,51.586028
-3.592685,51.62635
-3.391481,51.519206
-3.651655,51.499644
-3.166985,51.589093
-3.333139,51.470877
-3.036055,51.544465
-3.366799,51.609416
-3.344109,51.721176
-2.81803,51.568568
-3.47404,51.531686
-3.162219,51.572056
-2.979725,51.674428
-3.155158,51.464224
-3.783707,51.597525
-3.189689,51.629328
-3.592564,51.664118
-2.860813,51.619163
-2.907661,51.541932
-3.299659,51.483393
-3.564913,51.490943
-3.295826,51.678109
-3.306911,51.58582
-3.013384,51.821601
-2.879258,51.825828
-3.547628,51.745646
-3.628586,51.539533
-2.687969,51.698978
-3.217521,51.481577
-3.135603,51.595471
-3.088965,51.516695
-3.317999,51.520055
-3.185765,51.481498
-3.010029,51.833768
-3.007689,51.640967
-3.221354,51.597981
-3.989672,51.668401
-3.869279,51.677124
-3.892144,51.670463
-4.027907,51.731144
-2.697042,51.818508
-3.039536,51.823171
-2.890578,51.663898
-3.152843,51.711744
-2.667833,51.707186
-4.192963,51.580697
-3.342218,51.480998
-3.601706,51.55429
-2.877505,51.548456
-3.645754,51.735321
-3.830339,51.662001
-3.289527,51.647291
-3.33377,51.517179
-3.281931,51.536775
-3.314816,51.559655
-3.658617,51.730644
-2.923554,51.61464
-3.272329,51.484592
-3.407277,51.610736
-4.048597,51.708304
-4.287689,51.598673
-3.095459,51.583084
-3.727819,51.69795
-2.84444,51.546369
-3.08908,51.500374
-2.960388,51.546457
-3.137672,51.715714
-3.262301,51.538652
-3.3604,51.540252
-2.676128,51.77817
-3.624806,51.575104
-4.001351,51.605255
-2.891231,51.70823
-2.847674,51.572952
-3.173891,51.464937
-3.188748,51.490999
-3.032074,51.527865
-3.175732,51.508529
-3.83706,51.726236
-3.18667,51.679712
-2.857351,51.550403
-3.278755,51.66256
-2.965345,51.780196
-3.905452,51.677442
-3.671377,51.664372
-2.828973,51.574507
-3.378485,51.661432
-3.209246,51.661184
-2.905931,51.708738
-3.278931,51.720105
-2.763612,51.787209
-3.01441,51.802711
-3.218709,51.499099
-3.32294,51.591036
-3.253331,51.527058
-3.373405,51.5038
-3.547818,51.496565
-3.340614,51.600501
-3.360587,51.425601
-3.998294,51.65072
-3.979628,51.620461
-3.625127,51.584092
-3.739164,51.546488
-2.870484,51.558399
-3.764774,51.593315
-2.799008,51.578967
-3.675608,51.722175
-3.823926,51.736287
-2.94244,51.759252
-2.881657,51.539433
-2.861514,51.694237
-2.811365,51.559722
-3.359409,51.506993
-3.576928,51.505169
-3.394793,51.767702
-3.536138,51.513354
-3.007137,51.671498
-3.85157,51.719893
-3.528756,51.501626
-4.272319,51.595959
-3.315294,51.62619
-3.545445,51.554146
-2.83205,51.586551
-3.174345,51.454592
-3.738479,51.528513
-4.070242,51.611704
-3.753233,51.537286
-3.289112,51.568932
-3.976004,51.686617
-3.272993,51.456709
-3.72441,51.537713
-3.698403,51.516961
-3.333456,51.656782
-2.91009,51.591367
-3.591174,51.541845
-3.057327,51.528989
-3.593444,51.503597
-3.9353,51.646424
-3.239239,51.485845
-3.326007,51.64675
-3.410836,51.620719
-2.783503,51.784696
-3.236147,51.51583
-3.305751,51.595724
-3.718729,51.641343
-2.673457,51.647362
-2.782106,51.577121
-2.994591,51.758822
-3.55695,51.426304
-3.773239,51.680862
-3.232597,51.506597
-3.253085,51.518069
-3.141821,51.506616
-3.102726,51.5136
-3.038152,51.57322
-4.874035,51.759352
-4.493297,51.819311
-4.888606,51.896597
-4.652509,51.861691
-4.89903,51.640469
-4.940115,51.828317
-4.173081,51.678189
-4.172972,51.87198
-4.085126,51.747228
-4.139802,51.670302
-4.262774,51.794299
-4.065898,51.738575
-4.097226,51.884731
-3.950415,52.088048
-4.093176,51.670648
-3.934012,51.802732
-4.781798,51.850159
-4.326927,52.039893
-3.859919,52.03021
-4.239295,51.74484
-3.984664,51.884301
-4.634364,52.060395
-4.245093,51.861633
-4.97028,51.845546
-4.794629,51.822874
-4.297422,51.819706
-3.857313,51.967309
-4.969689,51.836567
-4.994584,51.78512
-4.555161,51.861149
-4.55827,52.043637
-4.083856,52.143357
-4.184083,51.816471
-4.020862,51.897623
-4.114475,51.662173
-4.274727,51.840156
-4.972649,51.881462
-4.804605,51.99486
-4.512289,51.847684
-5.016079,51.737802
-4.831337,51.97983
-4.848316,51.983468
-4.927955,51.864596
-4.456205,52.044012
-5.031904,51.682081
-4.513408,51.997841
-4.050298,51.873734
-4.207284,51.682497
-4.87913,52.009698
-4.055613,51.86285
-4.446567,52.161116
-5.016968,51.772855
-4.224381,51.73613
-4.274003,51.786888
-4.23825,51.943145
-3.994053,51.992569
-4.104929,51.814768
-4.010707,52.080398
-4.479176,51.932021
-4.210754,51.887013
-4.649508,52.082088
-4.658904,51.73609
-4.296438,51.743287
-4.08128,51.758087
-4.366997,52.177128
-4.995527,52.006793
-4.721498,51.656862
-4.950062,51.725089
-3.969639,51.956041
-4.293724,51.861144
-4.680344,52.036425
-4.949078,51.998523
-5.036093,51.625759
-3.899816,51.939654
-3.994065,51.981706
-3.792751,52.009222
-4.078219,52.108613
-4.971464,51.863504
-4.10945,51.756236
-4.503531,51.89913
-4.115192,52.187758
-4.748711,52.021809
-4.703909,51.762043
-4.741972,51.708548
-3.967201,51.900331
-4.017032,51.877006
-5.167068,51.728222
-3.807267,51.8993
-4.807497,52.029415
-5.042107,51.715544
-4.088658,51.855074
-4.088223,51.688721
-4.380167,52.040178
-4.776734,52.015306
-4.822873,51.729115
-4.500263,51.748568
-4.562452,52.014769
-4.18327,51.85965
-4.990969,51.664693
-5.130049,51.751908
-4.049909,51.72132
-4.129586,51.706863
-3.940457,51.987998
-4.288425,51.699379
-3.965084,51.851809
-4.409217,52.078705
-4.117593,52.084307
-4.968375,51.70619
-3.975719,52.17669
-4.121859,52.174151
-4.258882,51.99176
-4.70074,52.072381
-1.67315,47.14767
-1.35803,49.6183
-1.65682,47.06026
-1.71448,47.14343
-3.33728,47.92705
-1.72379,47.05279
-1.9294,47.99496
-3.80073,47.95817
-2.7571,47.65979
-3.58771,48.53186
-2.24275,47.37202
-2.83114,47.69761
-1.58125,47.67648
-3.23325,48.73168
-4.23881,48.32426
-2.41281,47.43812
-1.62348,47.13288
-3.0307,47.87555
-3.19985,48.46613
-3.52501,47.90215
-3.26032,47.95566
-1.81785,47.08451
-4.15867,48.07281
-1.7677,47.46326
-3.277623,51.470461
-3.368087,51.72178
-3.486027,51.470783
-1.547026,51.221167
-2.878214,51.686974
-2.060465,50.731795
-2.610452,51.34852
-3.5982,48.70266
-4.43438,48.63185
-0.65805,48.14677
-1.67923,47.36273
-1.32711,49.07906
-4.05949,48.26113
-1.63849,48.15445
-2.86387,48.44096
-3.239743,52.006902
-3.385385,52.005278
-3.967795,51.996985
-3.521882,51.733844
-3.089724,51.828561
-2.942762,51.739918
-3.527954,51.913599
-3.2348,51.827127
-3.382616,51.915397
-3.237265,51.917015
-3.52491,51.823722
-3.531013,52.003475
-4.32393,48.30263
-4.55984,48.08028
-1.25716,48.70848
-4.54159,48.26179
-0.33891,48.52897
-4.27802,48.26901
-3.35786,48.51918
-2.754653,51.619444
-3.893535,51.634471
-3.398104,51.688175
-2.960578,51.555448
-3.044224,51.559247
-2.92445,51.729724
-2.73082,51.794485
-4.12992,51.632605
-3.379982,51.567899
-3.38497,51.779147
-2.923712,51.782284
-2.991462,51.718522
-2.830779,51.556439
-3.117667,51.491113
-3.041909,51.519821
-2.749191,51.68678
-3.365253,51.79826
-3.07993,50.74317
-2.08033,51.56337
-1.54098,51.43032
-4.49134,50.37538
-1.78169,51.16469
-1.41432,51.40916
-1.93543,51.37416
-1.64587,51.35935
-1.37352,51.40062
-1.82429,51.03511
-1.49452,50.93477
-2.75139,51.42165
-2.758922,51.442282
-2.637783,51.422323
-2.528747,51.445345
-2.299519,51.377819
-2.774211,51.325288
-2.535513,51.531633
-2.554002,51.510867
-2.65341,51.408749
-2.687954,51.411249
-2.881468,51.38028
-2.313973,51.390369
-1.383598,50.800856
-1.307658,51.061212
-3.10593,51.86623
-1.811438,51.151681
-2.10411,51.42647
-3.6205,50.6021
-2.026566,51.437544
-2.0842,51.4689
-2.08531,51.05576
-2.17368,51.35274
-2.1553,50.6954
-2.1636,50.8546
-1.785537,51.063784
-3.592107,51.774725
-5.6349,50.1183
-1.31751,51.230547
-1.781273,50.938784
-2.790955,51.796334
-2.139928,51.342152
-1.087158,51.309142
-2.485322,50.602058
-3.810629,51.742382
-5.693,50.1425
-4.20451,52.239812
-1.959393,51.505561
-2.042968,51.514911
-4.245259,50.65495
-2.11878,51.38781
-1.233869,50.832568
-1.78715,50.86867
-2.151758,51.44644
-2.22295,51.33558
-1.51652,51.079437
-2.20343,51.24636
-4.824287,50.428039
-1.3039,51.1518
-2.61486,50.77954
-1.497105,51.105883
-1.765911,51.064601
-5.581166,50.072058
-2.124963,51.356061
-1.8045,51.067774
-1.48583,51.220842
-1.500435,51.008781
-1.285031,51.246989
-3.306,50.656
-3.298179,50.665981
-3.44538,51.94639
-1.341261,50.970809
-2.08023,51.57768
-1.940458,50.994995
-4.244137,50.66554
-5.144256,50.20397
-3.578638,51.554603
-3.584538,51.782477
-1.76659,51.199258
-4.034696,51.882097
-3.262649,51.966647
-4.200453,52.151579
-4.116939,51.962476
-2.675899,51.762886
-4.304723,52.189152
-4.244524,52.184918
-4.176954,52.059396
-3.654368,51.852095
-3.490063,52.020634
-3.171985,51.61512
-3.667861,51.548872
-3.65053,51.548218
-3.382707,51.610129
-3.221948,51.64698
-5.044964,51.844085
-4.013008,52.144138
-3.904994,51.80424
-3.409965,51.557651
-4.776871,51.734709
-4.602583,52.003098
-4.661978,51.997273
-3.122092,51.583237
-4.286783,52.210183
-4.104514,51.727998
-4.347267,51.913144
-4.877293,51.969722
-3.551173,51.679959
-4.517643,51.865555
-3.224427,51.416762
-5.127254,51.858113
-3.804687,51.798629
-3.711816,51.950182
-3.752689,51.729278
-3.530295,51.789933
-4.054953,51.656935
-3.272618,51.546633
-4.275178,51.867799
-4.162625,51.883412
-3.943038,52.215448
-4.961623,51.658242
-3.96623,52.110759
-4.760134,51.982421
-2.75522,51.653608
-3.695517,51.98099
-4.62979,51.820832
-3.239606,51.658484
-4.157531,51.959041
-4.834261,51.864644
-4.398863,52.035302
-4.177542,51.951478
-3.8601,51.629611
-3.019296,51.568889
-3.78382,52.077695
-3.375578,51.517595
-3.516094,51.582404
-4.029511,52.121376
-3.187198,51.920678
-3.296497,51.777459
-4.244207,51.800051
-4.594061,52.082423
-3.584455,51.721777
-3.995315,51.845904
-4.286617,52.149939
-4.575868,51.893072
-4.079961,51.697861
-3.331806,51.548673
-3.768653,51.69307
-3.970601,52.077416
-4.139319,52.096054
-3.348183,51.712138
-3.077017,51.508129
-3.915605,51.712347
-4.076469,52.125953
-3.571071,51.586177
-3.530733,51.845676
-4.89783,51.926948
-5.081419,51.761289
-3.281725,51.511465
-4.320718,51.736515
-4.952991,51.769984
-3.473281,51.95341
-4.131329,51.866897
-4.072862,51.85895
-3.992281,52.138196
-3.181041,51.518817
-3.997638,51.800004
-3.682453,51.826519
-3.45006,51.638989
-3.407567,51.759996
-4.187016,52.086186
-5.076528,51.881037
-3.415222,51.634019
-4.135936,51.902783
-4.145834,51.713761
-4.991289,51.647597
-4.025421,51.610687
-3.252665,51.921797
-4.11411,52.056944
-3.619666,51.775248
-3.583413,51.4844
-4.810376,52.017205
-3.086107,51.949527
-4.23948,51.616689
-3.491451,51.535062
-3.346074,51.494558
-5.058404,51.656659
-3.882188,51.952976
-4.303074,52.128936
-4.405519,52.18624
-4.72236,51.671232
-3.39461,51.432845
-3.598154,51.494091
-4.429522,52.143483
-4.06552,51.57132
-3.814814,51.978312
-4.721091,51.914982
-4.035417,52.090701
-5.120525,51.907759
-4.611177,52.05057
-3.557685,51.405612
-4.762506,51.878943
-4.165051,51.782651
-4.416722,51.798428
-4.174811,52.285136
-4.130433,52.185236
-3.018234,51.7793
-4.576663,52.109783
-4.213589,51.618979
-4.161746,52.076761
-4.03958,51.893703
-4.269636,52.017181
-2.892819,51.814486
-3.546147,51.574819
-3.024568,51.674944000000004
-3.334993,52.000915
-3.634361,52.06098
-3.969632,51.822958
-4.124918,52.284246
-4.011231,51.714345
-3.811574,51.789531
-3.202861,51.416986
-4.544135,52.128475
-4.421109,51.853194
-4.485212,51.988548
-3.640745,51.596913
-4.090124,51.917994
-3.972841,52.194272
-3.889404,51.98613
-4.532055,51.966866
-3.424452,51.927936
-4.810962,51.933553
-3.696015,51.878477
-4.286029,52.052834
-4.601425,51.832255
-3.556574,51.837245
-4.130001,52.267969
-4.355184,52.091937
-3.47988,51.578371
-4.138327,51.98367
-4.972552,51.670558
-5.10435,51.7364
-3.96834,51.926389
-4.162306,52.148688
-3.119456,51.534707
-3.811133,52.03142
-4.227388,52.251784
-3.739784,51.883233
-4.639202,51.981598
-4.044108,51.737158
-3.912512,52.220442
-4.088676,52.199471
-4.658538,52.0621
-3.785803,51.761151
-4.955155,51.91383
-4.541301,52.052998
-4.274467,52.083631
-3.095883,51.873011
-3.717906,51.766659
-4.038409,52.15629
-3.443907,51.80901
-4.996659,51.991025
-3.481656,51.67726
-3.640451,51.668854
-3.740532,51.789706
-3.846545,52.147762
-2.904978,51.624675
-3.691697,51.802108
-4.117245,52.154002
-5.068204,51.972093
-2.669824,51.744039
-3.902456,52.01919
-4.060887,51.755749
-4.521441,52.011159
-2.992886,51.747148
-3.960513,52.047012
-4.508638,51.886432
-3.225091,51.709889
-3.740382,51.597276
-4.006068,51.761194
-3.260796,51.79673
-3.772506,52.013125
-4.556446,51.986123
-3.930337,51.854183
-4.136243,52.245377
-3.551233,51.808542
-4.464582,52.116677
-3.864526,51.737448
-3.109794,51.907047
-3.82258,52.097782
-4.44948,52.081022
-4.826808,51.699341
-3.03353,51.941009
-4.139883,52.138307
-3.546319,51.961464
-4.700926,51.942427
-3.743181,52.045933
-4.091138,52.09602
-4.29855,51.898819
-3.211453,51.46995
-5.246466,51.899852
-4.52487,52.046157
-3.191704,51.87118
-4.402306,52.045124
-3.908136,51.741244
-3.779764,51.791816
-3.610637,51.480432
-3.820913,52.164346
-3.785003,52.107349
-4.351877,52.029056
-3.47611,51.906618
-2.913944,51.854785
-4.303524,51.939188
-4.061123,51.983249
-3.752543,51.800317
-3.819111,52.048382
-4.60171,52.063369
-4.150351,52.112938
-3.928044,52.173433
-4.667546,51.870344
-4.020116,51.686316
-4.359002,51.804097
-3.104881,51.706586
-3.463108,51.998494
-4.740269,51.943315
-3.600675,51.565994
-4.859054,51.705755
-4.399694,52.023595
-4.683405,51.843902
-3.565611,51.72113
-3.820781,51.694072
-3.169721,51.527023
-3.824306,51.961081
-3.329789,51.627825
-2.945675,51.775411
-4.051156,52.21092
-4.251881,52.040902
-4.745699,51.793899
-3.911161,51.915642
-5.168042,51.901092
-2.73064,51.832689
-3.58067,52.110266
-4.07778,51.650239
-3.579,51.814466
-3.941273,51.737104
-3.395062,51.400468
-3.841398,51.80975
-4.365737,51.932558
-3.266758,51.595252
-2.981329,51.882114
-4.839823,51.906779
-3.867998,52.101567
-3.673233,51.851828
-3.453502,51.475292
-2.758543,51.852293
-3.974332,51.7977
-4.335132,52.211035
-3.624034,52.097988
-4.066215,51.777237
-3.707226,51.598663
-4.326738,51.825424
-3.701462,51.714745
-3.93813,52.068963
-4.130247,51.936158
-3.404649,51.852645
-4.861838,51.795624
-4.021431,52.007317
-2.821348,51.633383
-3.563075,51.899201
-3.468568,51.853662
-4.069864,51.92015
-3.719992,51.935676
-3.300747,52.025575
-4.680565,51.698275
-3.057622,51.913822
-4.27739,52.11235
-4.240425,52.015942
-4.893271,51.720206
-3.744451,52.003653
-3.566029,51.942321
-3.845298,51.97604
-4.490158,52.051392
-3.869096,51.918116
-4.350355,51.749415
-3.740314,51.557711
-3.838339,51.770232
-3.740348,51.634145
-4.731941,51.830193
-4.331459,52.168844
-2.889564,51.64907
-4.985175,51.840222
-2.967142,51.626877
-3.753762,51.644736
-4.291022,51.779364
-4.366717,51.923546
-4.342674,52.159629
-4.153516,51.570637
-3.660957,51.794454
-3.130734,51.756692
-4.322073,52.072811
-3.496654,51.737315
-3.647189,51.655272
-3.805943,52.119618
-3.27345,51.936859
-4.098365,52.125565
-4.645202,51.910418
-3.8386,51.883528
-3.205949,51.588699
-4.622104,51.763448
-3.345081,51.411843
-3.35852,51.670656
-4.228975,52.049431
-3.223896,51.772843
-3.00696,51.793783
-3.228218,51.450892
-5.282162,51.870978
-3.382354,51.835825
-3.963307,51.677388
-4.197756,52.215473
-2.705564,51.806768
-4.299958,51.727031
-3.87003,51.940581
-3.445452,51.448415
-4.424831,51.868405
-3.993605,51.87291
-4.968726,51.899098
-3.42609,51.704024
-3.507884,51.508775
-3.678646,51.919189
-4.907832,51.789099
-4.746507,52.069074
-4.257487,52.238623
-4.73063,52.000197
-3.986247,51.705778
-3.777111,52.165913
-3.819256,51.764235
-3.275389,51.902671
-3.329581,51.670088
-4.535696,52.082794
-4.447351,52.095454
-3.020565,51.625526
-4.307977,51.997552
-3.365617,51.473651
-3.658329,52.117292
-4.383536,52.07608
-4.967809,51.995354
-3.978108,52.016145
-4.709685,52.039351
-3.320412,51.851823
-3.47703,51.401261
-3.971747,52.086838
-4.245418,51.722241
-2.597,51.704
-2.852785,51.38319
-2.433842,51.452029
-2.479732,51.436564
-2.84238,51.403497
-2.939438,51.302633
-2.704184,51.344613
-2.579588,51.369574
-2.499986,51.315091
-2.402341,51.470124
-2.784233,51.407947
-2.478492,51.317879
-2.793154,51.424971
-2.614897,51.324435
-2.570713,51.522026
-2.500868,51.396013
-2.579169,51.336307
-2.550784,51.483008
-2.495332,51.415819
-2.754088,51.410842
-2.597538,51.369034
-2.438628,51.650722
-2.540186,51.378305
-2.679411,51.513804
-2.638327,51.564387
-2.696842,51.333867
-2.345651,51.398373
-2.448878,51.371047
-2.961813,51.305914
-2.507885,51.380697
-2.597922,51.343406
-2.400107,51.543862
-2.657903,51.421313
-2.342373,51.344432
-2.559511,51.372369
-2.423051,51.48959
-2.817942,51.449447
-2.367344,51.325024
-2.739522,51.488264
-2.625899,51.341911
-2.762908,51.469906
-2.760337,51.354153
-2.820105,51.375825
-2.433255,51.389989
-2.727462,51.43001
-2.773969,51.357796
-2.602885,51.502533
-2.295646,51.334219
-2.569815,51.450098
-2.624197,51.586043
-2.433791,51.294674
-2.885503,51.403179
-2.745905,51.34975
-2.408824,51.390077
-2.688102,51.421139
-2.839409,51.359008
-2.678742,51.46885
-2.314244,51.429932
-2.441608,51.585524
-2.735739,51.342621
-2.793565,51.365622
-2.804454,51.413205
-2.705687,51.425584
-2.865059,51.424462
-2.44668,51.440292
-2.600195,51.297536
-2.894076,51.354773
-2.916354,51.378753
-2.777549,51.437664
-2.513748,51.519143
-2.310243,51.370148
-2.416882,51.643608
-2.332382,51.352553
-2.632682,51.573409
-2.801574,51.453256
-2.437781,51.412451
-2.861649,51.399895
-2.914981,51.331467
-2.911362,51.293728
-2.611184,51.315013
-2.736679,51.437883
-2.738451,51.332713
-2.718519,51.338547
-2.634185,51.37019
-2.776531,51.465006
-2.420932,51.456572
-2.401059,51.488112
-2.646574,51.535569
-2.843916,51.369766
-2.984382,51.321462
-2.488267,51.427537
-2.345427,51.368701
-2.890085,51.388173
-2.625776,51.33292
-2.395376,51.497123
-2.592855,51.617675
-2.454249,51.405645
-2.325553,51.402027
-2.829351,51.438208
-2.829091,51.423823
-2.929387,51.334051
-2.672363,51.328615
-2.65578,51.574182
-2.494944,51.512929
-2.477926,51.539075
-2.980536,51.309355
-2.413346,51.572589
141.63,42.68
104.267937,52.373626
142.657345,46.741493
83.680109,53.408113
86.217739,50.201082
82.919022,51.135349
124.782205,56.551108
81.976772,50.98
158.632247,54.689618
99.0305,52.86478
85.531349,50.285814
84.601635,53.329457
130.702119,55.625554
83.05325,54.86407
82.826301,55.031079
85.297695,52.442951
86.495238,53.305109
73.392164,54.7904
106.968545,53.10507
105.776868,56.791039
74.322848,61.195881
144.346111,43.107045
83.875338,53.451897
83.050502,54.841896
89.800712,51.866995
85.251049,52.417623
85.944584,53.248765
82.780287,55.186862
129.969959,49.442042
130.068341,49.978066
144.479391,43.174105
87.366675,53.774667
82.830692,55.049294
106.941341,47.889226
102.977821,52.408845
84.024724,53.716568
141.469044,43.065581
85.646797,52.388432
73.029501,49.744228
104.829291,51.87631
84.533597,53.359789
85.392975,53.484622
143.991322,49.282169
84.607431,53.34285
73.551677,55.377042
77.961068,53.766193
93.459424,56.132502
109.110762,55.038174
142.289668,46.373032
86.674697,55.515988
85.741365,55.154042
84.959608,51.982232
127.969828,49.652887
158.622895,54.674053
87.478673,51.757351
158.278341,53.177773
85.753148,51.837316
86.345563,55.145466
166.281128,55.112736
85.408824,52.282949
83.098052,54.776107
83.446204,54.250788
84.883818,53.772396
77.872822,43.625167
91.878494,69.127306
86.140226,53.561807
88.406573,50.076436
86.514034,53.842586
144.722547,43.587449
142.450519,46.647585
83.018498,54.771599
81.815422,51.10578
80.495308,50.375538
106.757237,52.884485
84.916721,54.798106
84.431495,53.343864
142.711831,48.63506
83.826967,55.002463
135.026198,44.290506
158.642447,53.030519
83.044095,54.871916
82.203413,51.037377
142.384909,46.583317
85.011564,54.798862
101.649256,52.757537
88.450747,52.822207
80.229753,50.410617
85.383924,52.150266
77.964045,53.747122
86.434834,54.439088
85.05456,54.775655
85.377933,52.120346
142.509939,46.729744
88.535218,52.778421
85.937105,53.96457
81.114848,50.485862
106.422,52.307
90.402386,53.137649
83.828057,51.241327
129.853475,49.751857
85.913885,52.060355
142.254165,46.289265
91.980773,53.295821
87.180998,51.814775
158.593017,54.683587
83.029093,54.720969
82.799976,55.194683
88.20766,53.632235
84.672492,53.395228
82.970467,53.067293
106.607283,52.790597
99.71538,52.754861
85.635668,52.294992
83.697156,56.142124
83.238728,55.204125
83.105087,52.816224
79.125688,45.083916
73.053721,49.747326
87.231493,54.217977
86.046238,50.141905
82.601724,49.97493
144.482745,42.989289
85.62403,52.306313
83.051163,51.447578
88.240111,53.640254
145.208369,44.033888
84.063277,52.567899
85.343558,54.608319
88.128749,53.645361
85.349569,51.920074
84.366329,51.606785
81.989054,56.948424
101.61787699999999,52.721506
85.805051,55.067607
83.086087,54.818417
83.982707,55.587649
75.026363,42.591781
144.457443,43.526615
84.473903,53.354792
74.035558,50.850014
74.480332,42.526035
83.756337,53.474318
91.97318,53.3041
77.817795,53.718307
130.508343,48.924813
83.001109,54.973002
83.026958,54.87809
86.04564,55.305557
166.14006,55.306483
158.641508,54.701988
86.182859,50.140139
142.518015,46.714301
84.584149,53.359667
83.458678,55.342228
105.07652,51.903547
83.811174,53.311782
83.366579,54.983851
82.915021,53.100083
144.098667,43.434175
85.655234,52.292698
87.687558,50.254459
142.795254,46.991864
106.768593,51.20165
84.413513,53.345027
82.586445,49.950304
101.807651,56.337464
133.055447,48.992351
83.23615,54.7675
84.303502,55.626885
83.532864,55.236811
85.143852,56.241462
85.382687,52.13432
85.105421,56.351555
104.669713,51.472071
87.008037,55.54253
127.688102,49.855579
83.717445,56.132966
74.61006,42.615643
103.381093,52.386266
72.86756,49.830462
82.989029,54.691956
-72.356686,43.592538
-72.634336,44.271179
-73.207806,44.608557
-72.407291,43.451907
-72.609229,44.073813
-72.4431,43.56199
-72.444035,43.576232
-72.407879,43.522943
-72.092517,44.155707
-72.469056,43.006697
-72.072653,44.196628
-72.068137,44.21103
-72.448683,43.588711000000004
-72.777955,42.760694
-72.393377,43.534014
-80.572235,43.537135
-73.289197,44.759572
-75.998111,39.934298
-81.10567,40.849143
-76.479713,44.242967
-66.372957,47.336907
-80.254668,43.617125
-84.324175,43.893849
-79.434731,37.671982
-79.679097,43.429672
-72.691362,44.47153
-76.94722,41.150152
-83.503726,36.160206
-71.23333,42.430914
-80.995803,46.472897
-75.796016,45.374626
-74.424188,39.453105
-79.903357,43.270815
-76.322586,44.649365
-62.70746,46.286096
-79.14524,43.767176
-80.471732,43.522922
-84.418847,39.244853
-81.856372,42.281722
-79.257985,35.895382
-81.424305,42.950178
-83.182032,42.134952
-79.251327,42.900211
-60.199953,46.149766
-79.703271,43.397666
-78.086952,45.07372
-75.661538,35.889743
-74.02575,42.050289
-73.835769,42.099332
-80.268316,45.252841
-79.355946,43.655183
-76.492145,44.502925
-82.126543,41.460179
-78.056305,44.915138
-71.536237,42.264669
-83.110274,40.096812
-78.819483,42.963944
-77.874128,40.590286
-81.957515,46.810063
-75.251372,40.053486
-81.506494,45.967493
-75.003831,40.785808
-65.533041,45.728608
-78.332919,45.599712
-73.211368,44.511032
-77.643365,39.964362
-82.588114,35.761972
-77.863526,44.821318
-75.675926,35.22355
-60.188545,46.143345
-81.296403,45.246595
-75.558466,35.771298
-60.157229,46.149312
-73.311486,43.767611
-78.316855,45.549338
-83.74269,42.483786
-71.999728,43.118158
-77.689978,38.881588
-79.152101,43.877523
-79.317718,43.873971
-84.403455,40.160217
-74.838753,41.289326
-80.312014,43.373013
-76.484005,44.223966
-79.966475,43.376429
-70.538935,41.926337
-77.414783,40.59306
-76.720648,38.794698
-77.264508,38.920689
-79.153425,43.806372
-75.935828,45.279051
-81.301287,31.589672
-84.280188,39.215505
-79.740633,43.373472
-79.20366,45.392314
-84.613786,39.315095
-71.590493,41.378033
-80.145967,45.236787
-73.192621,44.523262
-69.43445,45.692278
-82.922505,42.346704
-78.54371,40.466284
-79.287957,44.328602
-74.513525,45.026047
-79.217667,43.084411
-79.397353,43.63382
-75.44215,45.591885
-80.433821,43.962988
-79.523347,44.728705
-81.57467,41.139483
-81.218097,43.032298
-79.342249,43.622437
-78.288884,44.234064
-73.816727,44.743872
-81.306595,45.008694
-82.951919,40.11549
-83.193731,35.09089
-73.122636,44.545637
-71.833117,45.228401
-79.372608,43.803852
-80.811182,37.334373
-81.384742,45.978126
-76.851258,39.013592
-74.156666,45.224158
-78.413265,44.374595
-71.365944,42.361261
-64.876593,44.433196
-81.505141,43.604051
-80.303897,43.436928
-76.878302,39.023817
-73.100485,44.680154
-75.564284,45.654661
-80.303885,44.148122
-71.967113,42.412559
-81.208336,42.748451
-78.961617,43.87726
-72.769707,43.894403
-80.608095,43.474045
-75.596847,40.832631
-81.618965,40.944759
-83.260937,35.014976
-81.385751,44.993187
-72.604294,42.810901
-83.034848,42.621611
-75.661135,35.21983
-76.049328,36.746388
-71.252574,41.669031
-79.530907,44.23542
-68.249763,44.544658
-76.621978,39.956242
-80.748598,41.268326
-73.075862,44.413367
-73.59224,45.428011
-84.745935,42.756016
-79.370827,40.269492
-81.835164,42.663395
-79.386338,44.039431
-83.660574,42.756674
-78.351477,44.201527
-72.752581,42.848156
-72.510175,44.325468
-67.89811,45.973246
-84.023574,39.578459
-75.766893,44.688609
-74.53295,41.289757
-79.548319,43.835177
-78.104653,45.040703
-77.481753,43.127143
-75.89504,45.287356
-74.937099,44.994878
-53.002808,47.490397
-78.349018,45.623617
-68.90608,44.054565
-73.211596,45.54833
-76.332279,43.156908
-84.111469,46.335552
-82.841135,42.169796
-70.502715,41.775989
-77.304297,39.532699
-82.425249,45.701189
-72.805497,42.848267
-82.620008,39.737804
-72.186157,44.72834
-83.53275,42.62294
-68.870286,47.677988
-71.324503000000007,46.898197
-80.02228,32.755704
-73.272917,44.398638
-75.864602,39.924837
-80.096419,43.194364
-79.539488,44.269672
-83.062347,42.652745
-78.898619,35.994033
-56.935988,51.490158
-83.339353,40.697744
-82.647228,42.584433
-79.512745,45.821485
-70.891959,42.906407
-73.538279,45.520816
-72.621934,45.079808
-81.356569,41.665113
-80.804702,43.384661
-70.794517,42.737995
-80.761092,43.149762
-79.373383,44.818778
-72.044997,45.154367
-81.141005,41.134599
-79.369631,43.869645
-70.709238,41.989873
-75.526768,45.505906
-77.441051,43.224337
-74.280967,45.72678
-71.88546,45.410843
-74.876169,46.378922
-81.504672,45.979861
-84.452037,45.649959
-68.535243,44.977607
-71.345653,43.84053
-83.923348,46.343772
-79.211412,43.075099
-71.548624,44.272219
-77.331291,44.177908
-79.730907,43.244979
-81.269986,37.86414
-71.64314,41.733716
-81.947252,42.262974
-73.562296,45.456455
-72.229988,43.890793
-75.725991,45.437237
-57.716566,49.424976
-71.39881,43.671424
-72.351219,43.874255
-72.714161,42.83921
-76.884984,41.267081
-75.346829,40.143051
-75.927819,40.439116
-79.724316,43.451093
-80.481353,45.53983
-83.845809,35.940486
-78.247627,44.340654
-76.686304,45.281283
-74.74012,40.125328
-75.802832,39.95491
-73.443803,45.645987
-72.265884,43.734192
-78.420761,44.603241
-79.131868,44.133515
-74.860742,40.111054
-75.65612,44.998165
-79.752363,43.46005
-80.592363,32.299198
-78.038833,45.070238
-72.621697,41.328197
-64.336246,45.109057
-80.415147,43.418717
-81.434221,31.115134
-81.656171,41.180003
-83.826752,38.919164
-62.100894,46.382461
-79.409578,45.023155
-76.298678,42.9434
-84.390864,34.327275
-80.293113,45.281333
-74.126878,45.26118
-70.84129,42.628633
-65.620762,43.395413
-72.626375,41.367735
-76.791356,42.515146
-81.953481,40.75886
-68.630119,44.038241
-63.06675,46.405833
-78.773697,45.348183
-81.166704,42.969815
-76.991873,44.000869
-79.944213,44.041983
-53.075586,48.501231
-77.374478,44.155707
-81.33073,26.084938
-81.976257,40.570415
-81.84928,40.596163
-67.970285,44.401199
-66.804168,45.239722
-74.914021,44.996824
-73.35081,44.079718
-52.897323,46.939093
-77.141442,35.96928
-78.729991,44.340917
-81.729197,46.107687
-75.660331,39.798101
-77.247009,38.967339
-81.564066,41.588887
-78.393616,44.876284
-79.195517,44.05761
-64.511724,44.379896
-63.670962,44.718658
-78.957107,43.963161
-78.754196,42.782156
-72.599037,44.886355
-69.191579,47.098251
-76.649215,39.740715
-73.946421,46.232968
-83.662443,42.299392
-73.302353,44.645323
-60.3154,46.212528
-73.175072,44.490543
-72.990387,44.448483
-80.304169,43.36468
-78.165869,38.724525
-82.268004,45.657461
-71.291917,46.789162
-63.717888,44.725496
-79.458555,39.027711
-77.387401,44.188104
-70.610857,41.852121
-78.4232,45.6984
-82.424914,42.970863
-78.74488,44.91005
-82.017799,39.557706
-80.85958,41.047561
-81.491502,41.508592
-79.760812,43.363972
-74.382128,45.570432
-75.810913,39.794895
-81.190955,41.380555
-71.352088,41.766652
-71.315769,41.750748
-77.574882,40.853592
-75.417688,40.310245
-75.47749,39.29369
-74.276934,45.225531
-79.8261,44.3057
-74.688352,40.268038
-79.586941,43.816185
-82.032793,39.572806
-78.053078,45.123058
-75.915441,45.295707
-75.970944,40.36038
-72.071974,45.852066
-77.393827,40.171994
-75.738631,44.561668
-76.518628,42.462501
-81.435496,43.975594
-79.606934,44.52001
-83.23724,41.639223
-79.507684,43.678915
-83.190297,42.643662
-76.300589,42.892962
-72.534262,44.609332
-83.793675,46.289931
-68.471733,46.105035
-79.343758,43.61293
-79.564859,46.378945
-82.885095,40.047633
-72.74517,42.840363
-81.34383,41.584666
-71.247754,41.472879
-83.883732,39.802328
-82.84431,42.740023
-84.265787,46.62364
-73.941667,40.925214
-72.417904,41.352334
-79.892595,43.6581
-82.609457,39.587364
-78.59676,45.55397
-73.173903,43.510935
-75.461858,40.251578
-71.955658,41.284022
-64.057824,44.617971
-78.670876,43.925934
-84.28345,33.849176
-82.910522,40.14447
-71.548656,42.605781
-64.310938,44.578987
-80.423372,45.470341
-81.34295,41.397224
-73.245826,44.498578
-79.066279,43.157686
-78.985625,45.387803
-76.341918,44.271548
-71.330912,42.163838
-79.888194,43.276944
-74.23962,41.24071
-81.288379,25.892169
-77.050119,44.334473
-83.966473,42.418895
-61.160862,45.838904
-75.074306000000007,40.152875
-83.341988,34.886967
-83.222747,41.411542
-74.527149,40.475378
-83.807766,42.331234
-76.699017,42.677669
-81.855812,41.171621
-78.160665,39.053097
-78.722528,44.929347
-78.650068,45.10575
-80.100574,43.999949
-78.915,43.183333
-79.417975,44.31578
-77.061419,42.286702
-75.875276,45.115693
-78.170589,44.258
-77.102053,39.197255
-75.399452,44.777869
-83.792317,40.05559
-83.226827,44.924246
-72.434494,42.350945
-70.16231,43.692583
-84.753663,45.515909
-68.299411,44.243132
-73.266233,45.179596
-73.834848,41.451759
-84.089331,43.603007
-72.244558,41.717385
-73.665843,40.974107
-74.413088,41.377453
-71.105429,42.190209
-75.238384,41.228707
-81.443488,25.932025
-81.195931,40.85467
-73.46549,44.68969
-72.222895,42.643093
-82.017713,40.816736
-72.707567,41.499916
-80.204364,45.352625
-79.211906,39.224758
-82.734292,35.233447
-72.610488,41.694553
-64.594189,45.100185
-81.830163,43.080334
-80.294474,46.471092
-79.37444,37.723224
-81.639137,41.26505
-76.477782,44.23209
-65.591469,43.454781
-76.056132,44.249871
-79.109287,35.734251
-76.037653,45.354926
-78.77529,42.4607
-81.422499,42.940609
-72.343621,42.463422
-71.699124,41.390965
-75.204626,40.318985
-74.407184,45.113069
-81.909585,41.077012
-76.067997,45.383761
-71.251109,41.499427
-76.117789,45.132334
-76.436203,44.51984
-77.83448,48.057635
-76.93378,35.834863
-74.314705,44.414288
-77.419919,45.524272
-64.028764,44.91182
-84.294344,38.445865
-71.674874,48.620739
-72.725808,44.509469
-67.098749,44.731424
-73.733845,41.785141
-77.67658,39.296584
-75.664997,44.7069
-70.755469,43.196514
-72.412222,44.553245
-79.458595,39.126627
-71.195398,42.367945
-81.189043,44.631822
-74.303927,45.73455
-83.306884,44.938068
-80.938626,46.518178
-71.510239,43.001747
-83.010009,42.185729
-71.949495,41.361205
-72.520087,44.630994
-76.612709,44.239379
-63.853431,46.452048
-80.206947,45.433338
-73.275558,44.537145
-80.064696,47.017339
-79.528473,43.85915
-79.589338,43.652492
-77.459031,37.525273
-79.312072,43.658838
-76.786737,42.915038
-71.973411,45.662031
-73.96714,40.962364
-80.182137,43.5481
-75.873068,39.913324
-80.075939,42.152607
-72.790288,45.041514
-75.679588,40.80953
-75.869348,45.174719
-74.515495,46.206428
-81.202874,41.325356
-72.259727,45.356799
-52.749865,47.527497
-79.222584,43.711295
-76.441917,44.246953
-80.195325,43.546945
-81.344457,35.734454
-79.132349,38.211254
-80.072156,45.202084
-84.065918,42.329753
-72.18328,45.414576
-64.743463,46.123112
-60.40279,53.414004
-71.516962,46.596043
-76.92505,39.198722
-77.869303,40.821067
-74.209348,43.977411
-80.21184,43.553963
-75.066111,42.465556
-80.989491,37.718504
-84.357379,40.375599
-80.050336,41.509952
-81.953576,45.782501
-75.525172,35.767769
-84.298329,43.919004
-75.532317,35.243261
-70.71785,42.055533
-73.268196,45.441426
-80.319533,43.429333
-79.240854,42.876676
-82.506105,41.937014
-81.609458,41.311222
-84.038549,46.50682
-71.126454,41.555694
-76.862183,43.937168
-77.946486,38.962598
-79.837678,43.453903
-72.534849,42.877683
-76.642526,42.58035
-84.070624,46.327284
-83.421517,39.181858
-78.369897,45.587475
-70.817835,47.054402
-74.642822,46.190052
-80.459928,37.174646
-79.361256,43.76855
-76.591928,44.278717
-75.578203,39.5263
-73.371812,45.456062
-72.408322,44.287549
-78.274954,43.949149
-82.659251,40.227546
-72.800407,42.119438
-75.967065,44.08983
-63.354349,46.207567
-77.302904,39.059225
-75.698738,45.321462
-71.213625,45.105086
-76.34472,40.380104
-74.503485,40.709988
-72.150056,45.263658
-71.877554,41.309832
-79.487811,43.642094
-81.404624,42.94502
-79.390038,43.79935
-76.196625,44.30185
-76.672624,37.700647
-83.554652,42.510995
-69.750029,44.22677
-81.95655,40.501567
-81.61886,41.048242
-81.707574,41.18753
-76.431166,44.473091
-77.242991,39.836472
-79.712677,43.391125
-72.538165,41.255988
-79.624863,42.896084
-83.603106,42.28823
-78.869843,44.53062
-76.079698,44.446256
-78.497287,45.578183
-83.218277,41.613978
-76.248624,40.271783
-74.984601,44.99106
-80.634902,43.442575
-71.138192,41.493707
-78.33995,35.696778
-81.33155,41.454819
-75.546875,39.948081
-77.023007,35.873041
-74.80282,40.61528
-72.499628,42.35138
-71.728476,42.400601
-76.639399,40.302094
-63.607528,44.608938
-82.172845,39.391953
-76.590504,41.049274
-80.32027,40.174602
-64.348292,45.500636
-77.852331,40.755643
-77.609209,39.169405
-72.221583,45.442716
-79.239122,43.124788
-73.234388,44.963072
-73.202757,42.724661
-52.714001,47.577268
-81.489911,41.080869
-70.446301,43.93726
-80.198978,43.392446
-70.469483,43.342563
-70.973717,42.810988
-81.458963,41.145147
-83.643207,41.617688
-76.648093,39.679344
-72.448412,43.176468
-84.020568,36.001937
-81.883662,41.40885
-74.851996,39.182128
-76.600678,44.513253
-68.416992,45.396437
-83.89951,35.580936
-81.58483,41.325038
-72.623709,45.093571
-81.929392000000007,42.573308
-72.682434,44.635897
-72.01155,41.265663
-74.113318,41.215198
-80.56583,44.701746
-79.958048,42.810169
-80.598192,45.767655
-76.368222,42.484656
-72.717869,46.152374
-79.620279,44.793304
-74.131163,41.996255
-83.409745,41.670588
-79.137214,43.828996
-79.452012,45.607453
-76.211328,43.08098
-72.51928,46.295274
-64.366922,44.413994
-75.257898,41.378088
-80.219126,45.36387
-76.686929,40.209437
-73.493785,42.681072
-78.284038,45.012722
-72.40612,42.804844
-78.999755,40.578872
-79.142504,35.770368
-76.829003,45.012111
-81.039633,46.454188
-63.896903,44.684316
-73.686633,41.05867
-82.509306,41.910291
-82.031031,40.797609
-78.445332,40.764507
-81.252774,41.005541
-76.155657,44.8833
-74.153586,41.81965
-79.038615,39.641731
-80.41929,43.460121
-79.193621,43.745605
-76.699022,42.665918
-70.039943,43.750234
-63.904388,44.492855
-79.977043,44.506423
-59.968175,46.036378
-77.477275,38.80405
-79.226483,48.802337
-84.795152,47.645917
-76.929889,41.233108
-83.093289,42.731599
-79.712373,37.166764
-77.192908,44.90078
-83.251014,41.641369
-76.230679,45.203505
-78.165685,43.956183
-72.454758,45.243503
-80.47687,43.55971
-78.258046,44.37679
-79.961714,38.939275
-77.230058,38.969968
-79.924277,43.441857
-52.708258,47.5639
-74.911682,39.188522
-76.657503,41.805231
-65.045308,44.38366
-75.635823,40.950926
-76.4518,42.441597
-80.320597,43.366401
-77.526939,39.086006
-76.913828,40.321724
-76.736073,37.203574
-77.496657,39.256417
-79.755646,45.185496
-78.159901,39.527044
-81.436357,36.359342
-80.520748,37.27157
-76.215767,44.280278
-73.360036,45.777607
-75.005661,42.677089
-80.349677,43.940327
-75.166002,40.34389
-76.571729,42.563066
-79.962463,43.784901
-82.050245,41.40073
-75.806453,44.978928
-69.011314,45.027756
-71.276833,46.811771
-79.668226,43.55683
-78.848228,44.626173
-71.391388,42.446097
-76.440193,39.949067
-75.530596,40.592424
-80.451599,43.665773
-75.806908,41.745046
-72.819844,45.038995
-79.283737,43.081028
-69.886924,44.528031
-72.199037,44.866443
-76.872981,42.384925
-71.816913,41.27777
-73.188388,44.47511
-79.479508,44.353088
-75.256675,41.407047
-81.633225,42.51777
-71.375961,41.79379
-84.161435,42.273227
-79.510122,43.589357
-79.282694,45.361991
-76.831859,45.035526
-72.697778,42.892033
-76.701502,38.781883
-79.858795,32.75822
-83.076136,42.757943
-75.36573,40.025847
-73.149028,43.881981
-83.018092,40.020303
-75.76064,39.73245
-76.552087,44.362887
-73.474233,41.177423
-77.241858,39.810058
-79.490161,44.264589
-73.368204,41.132126
-65.592977,43.466167
-72.411743,43.643159
-78.385415,44.037957
-80.1251,47.618828
-75.840302,44.427462
-78.591728,38.526613
-76.58062,39.651897
-79.930992,43.752585
-72.244697,45.728831
-76.450226,42.469261
-71.14149,41.927826
-79.131902,44.085526
-71.112299,42.640981
-73.3445,44.7013
-76.95195,38.706462
-78.533372,45.60196
-80.109977,45.387397
-80.40323,43.963207
-74.680543,40.652747
-72.215449,42.910543
-73.347161,42.05612
-72.610533,45.234639
-53.597477,47.53368
-84.072844,35.389625
-74.012681,43.632636
-72.0496,42.226412
-73.255455,44.524425
-71.137009,42.168936
-80.494451,45.550641
-77.415467,45.275063
-60.296793,46.179053
-72.183769,44.751427
-79.857961,39.338389
-80.55745,42.717432
-77.337935,43.949543
-79.343005,39.288587
-74.520201,46.349728
-82.733781,39.875824
-79.2182,43.722225
-82.51569,41.945028
-83.811767,40.063222
-74.742804,45.011753
-72.373042,41.821447
-81.305286,44.8215
-84.425653,46.714117
-72.369203,43.752047
-67.795588,44.549537
-78.903083,43.955097
-80.481423,43.506743
-57.355083,49.245612
-80.872341,44.784689
-71.333989,41.467076
-75.314055,40.409233
-80.078741,44.872561
-76.005342,39.232869
-79.069611,45.3565
-77.594917,44.209033
-72.349723,45.217569
-82.094497,39.319278
-79.717062,37.178398
-74.016478,41.439965
-71.975979,46.051735
-79.645129,41.599572
-83.525147,44.460008
-78.904295,42.898167
-73.258737,42.793633
-72.062774,45.270763
-81.230876,43.025789
-62.594166,46.271958
-78.829624,38.064425
-81.273278,40.53313
-80.149322,43.606122
-81.537299,41.034549
-79.033585,45.073346
-79.914435,44.832672
-80.770215,44.117181
-82.40165,42.378495
-71.555564,41.475307
-80.338757,43.337077
-79.774525,44.623857
-78.594394,44.773074
-76.190773,44.825956
-83.121011,42.100158
-83.779911,41.590525
-71.169254,41.580268
-79.751153,44.58537
-80.397465,43.41934
-67.816436,44.533713
-79.428774,39.03626
-82.601484,41.416612
-73.03537,43.697758
-64.49152,45.079361
-76.670833,45.134095
-72.18,45.106944
-75.035486,40.301658
-68.057154,44.344434
-72.697253,44.198666
-80.159303,38.987053
-76.039475,44.481462
-76.499782,45.253863
-74.862455,40.993188
-76.409139,44.592614
-80.455772,43.903759
-78.692736,44.458072
-72.517726,45.219427
-79.402108,41.061544
-64.410233,44.308645
-79.448172,44.864981
-73.619888,41.905209
-79.621733,43.590291
-82.21421,41.131551
-72.866551,43.276848
-80.195122,45.345558
-72.204597,41.30415
-77.363024,39.054388
-82.473753,42.820664
-76.257376,44.166677
-79.503178,43.596995
-83.404738,46.300953
-75.836244,45.164524
-81.012229,31.978033
-79.883554,32.668258
-76.115084,43.028874
-79.761237,43.559792
-72.474865,43.816902
-80.736052,43.08213
-80.373565,43.176963
-68.204997,44.352867
-63.432485,44.70254
-78.30603,40.465954
-83.177273,38.658086
-79.831437,43.472358
-76.200758,43.861598
-69.525447,44.060163
-75.919224,45.596316
-78.702258,45.428038
-75.832403,45.303308
-78.321257,45.058117
-65.647087,45.665526
-74.376108,40.689244
-77.523241,38.183773
-80.449139,42.593533
-81.533258,26.03819
-79.460182,44.494255
-71.481542,41.623782
-75.861008,45.275303
-82.712412,41.536755
-76.218073,44.779808
-77.967183,45.124188
-71.183909,45.801417
-77.287916,45.444031
-74.569035,41.203246
-84.749412,45.845801
-64.356702,45.867948
-70.901571,42.028178
-75.635218,35.227208
-72.598507,44.566226
-75.686459,40.088858
-73.465995,45.605725
-78.403281,43.918852
-79.507991,40.50459
-71.57872,41.492272
-77.410541,39.414243
-75.312953,44.830974
-73.884227,45.512322
-79.731903,37.5422
-61.212407,45.849243
-74.7976,40.8881
-73.07071,43.181609
-73.241638,43.300669
-77.804336,44.298675
-68.784815,44.990214
-79.429578,43.950059
-77.743614,39.479538
-61.156168,46.184565
-75.594465,40.101025
-79.096938,44.430793
-77.056904,39.373901
-81.561376,41.270597
-83.719184,46.40635
-81.932361,40.578918
-71.74888,43.987865
-81.919369,41.106871
-84.432117,37.988988
-79.258357,42.878025
-76.8515,39.224326
-82.598315,39.887701
-83.271629,41.942854
-80.45797,42.606608
-83.779692,41.654353
-79.64252,43.748419
-81.618867,42.59882
-71.343513,41.829462
-82.662183,41.451675
-75.681164,41.225992
-79.917734,44.269073
-83.011919,42.596589
-83.802483,41.629554
-76.363975,45.421905
-75.596397,45.372478
-83.402392,38.847015
-83.074573,42.264056
-60.188086,46.167744
-83.191249,41.627972
-78.496076,45.046557
-64.076856,46.511148
-76.809333,39.114703
-79.840102,44.72917
-81.365921,31.155799
-79.515985,44.136144
-81.237187,41.177507
-76.010842,44.574387
-79.324125,43.617534
-82.090866,40.762177
-74.236113,43.985578
-76.749611,42.933422
-80.543365,43.465369
-76.992289,39.789147
-78.466727,44.578173
-81.517615,43.035013
-80.012849,43.440745
-75.662232,40.723562
-79.245289,43.731784
-81.959197,41.012531
-72.654381,43.071916
-71.857815,41.305608
-68.62993,44.65006
-79.504642,40.679716
-76.497851,42.453776
-79.072105,43.921185
-79.627835,44.413569
-72.730059,44.384798
-63.844268,44.521587
-71.455125,41.430367
-72.850387,43.211782
-84.572621,39.366801
-75.659585,45.208862
-71.967736,41.380977
-75.645683,45.681267
-73.217799,44.443685
-77.474237,37.52388
-78.470385,44.441928
-76.980146,45.115236
-81.208019,39.398177
-78.485401,44.408956
-76.455507,42.766602
-81.277358,44.604038
-71.881761,41.294591
-76.932042,40.985276
-76.248559,44.89881
-69.914947,43.8495
-72.572609,44.866211
-72.146301,43.82092
-79.598324,37.053268
-64.818346,43.866649
-76.275764,44.817333
-83.070725,42.186828
-64.368341,45.905346
-77.079204,39.368932
-83.451771,42.531511
-77.242859,38.709275
-81.579602,41.188897
-70.871121,42.817316
-71.296445,41.736602
-75.271928,40.644837
-81.931258,35.969574
-77.697085,44.004097
-82.958817,40.071316
-74.16595,45.212282
-80.408792,42.580775
-73.768788,40.950299
-71.576776,41.370024
-79.512297,43.662388
-84.506988,45.370892
-72.458908,45.038517
-79.708539,44.813556
-76.965466,39.33827
-72.769801,42.002262
-68.273335,44.338556
-71.206763,42.132961
-78.236097,45.488982
-80.443994,43.491647
-79.022658,43.9109
-84.390276,43.599575
-79.581345,43.549175
-79.653792,41.618444
-83.68217,49.70939
-79.385978,45.101506
-79.571792,44.560342
-83.5771,42.875169
-78.477397,45.065738
-80.005887,41.011508
-78.609231,39.539795
-52.803184,47.362104
-80.057458,37.574803
-79.337036,43.850669
-71.169433,42.315658
-83.912486,46.078609
-68.583179,48.200365
-76.809332,42.086995
-84.476807,46.468332
-68.182518,44.330117
-76.235378,45.087043
-71.44645,44.255112
-83.937652,46.271721
-83.177156,41.74175
-79.684488,37.155251
-81.86682,42.270985
-71.257573,41.489204
-79.968675,44.442964
-72.557319,44.304047
-84.555646,39.302072
-75.817866,45.382528
-73.523437,43.323679
-80.404632,40.500439
-78.321126,44.370301
-68.55334,44.591705
-71.15879,45.182946
-69.510689,45.489163
-78.997575,44.718355
-76.159414,44.406399
-80.2591,43.388677
-75.399783,40.32074
-76.198789,43.002605
-72.089906,45.201461
-75.739931,45.254307
-83.986285,46.352917
-77.798707,48.108781
-79.471624,46.312705
-81.862671,41.509633
-77.216374,39.813003
-75.439072,40.110699
-77.29334,43.944376
-72.935022,44.296826
-79.249763,43.107527
-79.721842,43.885315
-79.324517,43.701805
-71.763522,41.332416
-77.599162,45.8835
-73.029443,43.960566
-76.479548,44.680727
-69.477858,44.617648
-79.4038,43.819712
-82.732976,45.783726
-79.336525,43.641922
-64.835806,43.829292
-71.61682,42.6042
-77.455803,43.09928
-76.64861,39.388199
-75.152901,40.097279
-81.286789,46.061897
-73.180526,44.551133
-70.971717,42.55136
-77.604487,43.257734
-63.9381,44.5113
-64.225088,44.558567
-81.431828,31.010722
-79.136508,39.511578
-79.302476,43.697781
-79.042473,36.034085
-72.030501,43.585762
-83.914058,43.661158
-84.690784,46.968878
-74.169601,44.303233
-73.787872,45.63137
-78.236392,41.456314
-81.326561,40.877967
-57.667474,49.903628
-76.50751,44.97575
-55.075325,49.348945
-65.969081,43.812296
-79.274915,43.752175
-71.211082,46.836803
-75.264417,39.887413
-80.255033,43.557755
-73.108178,43.867144
-75.723747,39.716282
-81.936684,40.249962
-72.615326,43.552982
-83.209608,41.607496
-73.625823,46.298164
-77.704169,40.986249
-74.913101,40.20898
-79.080284,43.812972
-73.13496,43.027875
-81.354193,42.992182
-73.433491,41.216943
-79.748775,43.676622
-71.278725,42.374697
-81.065505,42.990808
-74.307371,39.404474
-75.446922,40.101751
-78.758629,45.062328
-76.56486,45.446651
-74.584145,40.779918
-80.192191,43.4916
-74.085184,45.269421
-79.559775,42.854622
-81.459311,43.938816
-70.782572,42.121501
-82.997873,42.142011
-79.47682,43.739946
-73.45813,41.137322
-73.925244,45.318815
-81.830763,41.468545
-63.456999,46.465933
-80.75648,43.599328
-72.411793,42.427425
-73.084503,44.101736
-76.6531,44.17545
-71.124817,42.219535
-77.263711,45.568457
-72.057206,45.125223
-76.153971,40.246538
-70.045978,44.493429
-78.312478,39.95182
-76.5102,42.454087
-73.368111,42.526478
-80.558862,45.775673
-81.226074,42.949121
-65.399111,44.790828
-76.789095,39.433555
-79.071952,41.354893
-73.982041,41.857017
-73.63693,44.799391
-55.605937,47.454655
-71.545666,42.463946
-71.271359,41.598918
-75.719895,45.413722
-79.179867,44.838907
-72.372608,43.80796
-52.896911,47.016418
-80.210983,44.095875
-71.139874,48.337914
-68.68858,44.878660000000004
-79.9358,43.240928
-76.229307,44.894859
-81.421709,26.021576
-71.237833,43.208103
-83.329588,35.006758
-72.533369,41.389171
-80.942155,44.570761
-79.914669,43.551402
-76.164848,44.324224
-78.029472,44.954625
-82.876345,42.662082
-63.40913,44.671738
-74.988896,39.213548
-75.472073,45.441811
-71.040568,42.523189
-80.222656,43.611029
-75.740784,40.14933
-71.512004,43.777727
-76.994328,39.64744
-79.883422,46.376297
-71.963471,46.077588
-76.958943,45.211037
-72.319,43.7113
-84.025933,46.434862
-73.416405,42.467241
-81.393943,42.914699
-81.450771,41.489228
-75.171853,40.886721
-77.633984,43.131515
-67.566928,44.47596
-82.986729,40.801646
-75.662587,42.501565
-75.867383,46.23706
-84.041561,43.255884
-82.055512,45.951828
-80.336739,43.233978
-64.382614,44.561404
-77.257204,39.7283
-74.520745,40.287108
-74.9488,40.76297
-79.668112,37.131655
-72.816061,42.875584
-78.273714,44.432677
-82.715551,42.848236
-73.311537,44.565768
-77.867928,45.081754
-79.623102,43.059443
-80.951839,43.480744
-72.589481,44.179293
-65.861517,45.511202
-77.924759,36.485037
-79.849457,44.890186
-75.071653,40.102771
-70.22373,43.605647
-75.06711,45.648094
-81.416533,41.433944
-79.884471,44.357478
-78.285377,44.373838
-83.699429,35.732257
-78.753623,43.061131
-73.268196,45.357965
-71.297344,41.47577
-81.908795,40.49437
-60.595114,46.208713
-75.09141,40.820601
-81.191848,43.067111
-81.900185,41.37592
-76.231103,44.032742
-74.4376,40.448477
-70.686437,42.623408
-83.750339,35.691162
-80.623764,37.052655
-82.511247,42.038421
-75.936006,45.757888
-83.697258,42.273975
-79.391589,39.451506
-53.743434,48.153158
-72.898482,44.910982
-76.281454,44.694762
-76.366908,44.107334
-79.553312,43.204573
-72.006303,44.702525
-72.060712,42.146992
-72.794965,44.21221
-74.377295,40.847075
-74.452442,39.467233
-72.409334,43.632566
-73.85662,41.573938
-78.032536,45.981312
-70.065995,41.67627
-75.353665,45.524189
-73.520665,45.690909
-76.653802,41.108296
-74.886783,40.987735
-78.664456,44.42718
-76.43521,44.65934
-54.720117,49.558151
-71.987507,45.273913
-73.804897,40.87078
-79.620174,37.016663
-75.092968,45.321314
-77.417299,39.469428
-79.992134,37.866996
-75.629546,35.894536
-71.178597,41.512716
-72.789146,44.666958
-68.237158,44.400577
-68.19045,44.306719
-60.194398,46.132827
-71.969945,42.958626
-75.986005,45.530443
-74.78713,40.632773
-81.437262,46.466984
-77.615662,39.333817
-76.127067,45.161239
-63.354423,45.033203
-75.831621,40.175436
-64.341051,45.470975
-79.444778,44.557597
-65.587624,43.442259
-78.321825,37.27567
-63.692391,46.44975
-81.491522,43.017445
-79.905687,45.302028
-71.160569,41.518075
-79.164473,43.821001
-84.764684,42.764998
-74.020142,42.28407
-77.77074,45.85366
-83.09678,40.034901
-82.425011,42.987178
-73.769752,45.651483
-82.413693,42.982791
-80.109412,40.343897
-70.924868,42.644587
-79.579828,43.728379
-70.873083,41.948433
-74.508788,46.066586
-79.445833,39.043569
-77.876512,44.627362
-79.876636,43.336531
-79.941597,45.155472
-70.547229,44.542078
-71.181984,42.281842
-74.455106,40.395103
-69.241111,45.25146
-75.690467,44.562695
-81.466378,46.91973
-70.865651,44.883505
-71.297632,42.629762
-73.174286,44.416473
-79.354029,42.451758
-76.413403,44.572961
-80.658704,43.188006
-65.721537,45.610115
-77.502943,42.697014
-76.039092,44.370835
-74.538096,41.276118
-81.547213,41.225363
-75.719086,45.221253
-79.723957,43.723923
-73.890783,42.607084
-79.51838,45.103939
-60.302718,46.252068
-80.404838,44.198505
-80.685212,41.047837
-71.091935,48.419337
-77.169416,37.352415
-80.618184,37.060732
-77.892159,38.890813
-76.203675,44.773522
-79.077347,42.909092
-76.028419,44.524487
-80.169205,45.332961
-82.177521,41.471557
-75.338207,44.585077
-67.710669,44.497941
-77.8759,39.561638
-80.001473,43.569542
-72.880242,44.103345
-80.118613,42.16189
-81.379266,47.060144
-80.028226,45.042052
-79.993187,43.330428
-70.622016,42.667125
-79.407411,44.954931
-79.656812,44.560592
-53.955928,49.452265
-84.03832,43.350356
-79.763855,41.160228
-60.410047,46.548897
-80.629834,43.031765
-80.571087,45.663356
-83.207866,42.03849
-72.168481,45.279114
-75.925064,44.343967
-79.046468,38.435118
-73.480973,45.606968
-74.729247,40.746946
-81.84337,41.33953
-74.48168,40.710505
-74.1456,44.327286
-73.309885,44.183438
-73.709092,43.273608
-76.313577,44.258866
-80.417623,43.479982
-76.195969,44.891711
-78.390185,37.307266
-80.225496,41.25911
-72.559708,42.865397
-75.051481,40.144586
-79.008759,48.381583
-83.721811,42.314964
-71.552578,42.633548
-77.513418,37.219102
-75.215376,40.809449
-76.298173,44.384185
-75.452839,41.108118
-81.7725,41.388333
-64.434806,44.352114
-54.282782,49.405872
-59.985122,45.891472
-70.842666,41.740709
-73.810486,42.839775
-63.64355,44.7856
-75.98748,35.115285
-80.218133,44.507192
-78.717552,44.514469
-63.60551,44.707903
-72.447459,45.095784
-72.578189,44.258298
-80.148628,43.477455
-84.547348,46.548658
-74.494836,39.950971
-77.495308,39.520578
-79.253019,42.928731
-80.273188,43.139509
-79.812558,39.523563
-75.660323,45.643414
-79.923079,39.480561
-76.398819,44.244602
-75.546012,39.958405
-68.350952,44.363768
-76.501923,44.555875
-81.231519,43.046333
-79.309218,43.764222
-69.995047,43.727584
-78.289368,44.302378
-74.510533,45.116819
-69.811818,43.748805
-75.368603,40.207396
-80.92654,46.527369
-84.548279,39.330518
-80.897229,46.501307
-77.667957,44.559092
-77.472195,42.885435
-77.289762,40.629732
-81.938935,41.016192
-78.49901,44.488955
-80.749156,41.373657
-80.348367,43.387163
-74.634187,40.553256
-81.310048,42.929903
-75.816208,45.350659
-80.15419,42.109951
-72.837769,44.710408
-71.010575,42.7452
-79.952689,43.071941
-79.874302,42.977578
-78.723663,45.515238
-81.27131,43.043829
-70.84112,42.492125
-66.262405,45.898977
-72.491414,45.238916
-78.382751,44.865367
-80.179187,32.577942
-75.265288,40.11739
-78.679697,42.71814
-84.841171,44.757393
-79.798758,43.745844
-83.569068,46.367115
-72.810855,44.359
-77.615546,41.048368
-80.603382,42.926483
-84.339112,44.675245
-71.647596,42.461799
-78.9246,45.235988999999996
-76.457479,42.608515
-76.032142,44.33392
-78.287865,44.13471
-77.368357,37.373471
-79.251158,44.869903
-75.520867,42.308
-70.966852,42.627113
-64.62105,46.230801
-71.865045,41.341931
-76.143288,40.280586
-81.584875,41.535238
-72.029441,41.25562
-76.761146,44.73962
-81.426619,45.114938
-77.641431,38.566565
-75.262048,44.344745
-79.863754,43.648685
-76.336363,44.284538
-79.920734,43.318275
-80.643951,36.697522
-68.560103,46.145024
-76.691517,39.423828
-77.016931,39.112497
-76.886017,39.66944
-70.510133,44.591501
-80.195125,45.372405
-74.977711,39.799642
-76.569761,44.995536
-71.778508,48.512481
-81.308487,41.686259
-73.96775,42.465142
-75.924612,45.306525
-83.699968,42.770522
-77.614124,36.434498
-72.229714,42.330388
-78.940081,43.899764
-81.403261,41.422853
-81.273992,41.750043
-77.534597,39.264111
-79.60228,43.783747
-76.123435,44.89079
-70.935015,42.137463
-80.451521,42.694936
-78.164254,44.543357
-79.96625,44.466204
-73.276805,45.449712
-71.999557,43.398092
-72.924894,44.407102
-73.695678,42.758667
-68.991455,44.529204
-63.162751,44.761039
-79.963664,38.883049
-84.601498,47.304936
-72.523901,44.337337
-81.447873,43.609886
-80.574122,43.613414
-73.805857,41.449328
-80.419248,43.407973
-79.698843,44.879001
-73.348424,45.040795
-64.296652,45.947503
-77.263115,39.040453
-74.677238,40.30983
-80.590891,43.192501
-82.27281,45.861185
-80.148889,32.57987
-84.314103,46.530309
-52.690375,47.582936
-79.475545,43.621687
-81.203495,42.758933
-81.363637,41.149995
-79.20329,43.757169
-79.542569,43.586779
-82.54201,42.612455
-70.901743,42.837763
-83.222,39.89582
-73.518861,44.513994
-82.6408,42.299763
-68.910279,44.352616
-80.593144,42.697805
-70.634483,41.539367
-73.204335,41.306402
-80.544713,43.409263
-72.237821,42.392234
-71.044372,42.101456
-83.668887,41.554145
-71.388085,46.944275
-82.056033,39.52776
-76.776607,42.972443
-78.392677,44.611154
-71.237983,41.481505
-80.155336,41.59169
-83.56587,46.259877
-72.025246,42.806163
-80.241112,43.583611
-76.735485,45.498383
-83.892957,42.354474
-75.076862,44.935872
-71.976141,45.307907
-80.005321,45.022711
-80.238769,45.346194
-75.194424,40.027845
-72.84198,44.721499
-71.240478,42.287828
-79.750793,43.352646
-72.586731,43.858038
-83.204411,41.622828
-82.598744,35.500328
-79.702013,37.143529
-79.83975,43.30333
-76.526939,43.463347
-78.035898,42.928438
-73.258805,45.39233
-84.383913,34.001376
-73.756344,42.409204
-74.17352,41.064233
-78.414523,43.138308
-78.894163,35.755006
-74.06372,41.291689
-72.730834,46.14433
-79.637177,44.74116
-79.002289,45.968012
-81.974937,41.004354
-80.371692,43.395989
-73.571837,42.291424
-59.949505,46.19727
-79.877212,44.860264
-52.869766,47.509052
-79.186592,45.056161
-84.451615,38.972772
-74.369858,41.781522
-71.932107,41.733728
-71.573258,41.635934
-84.480537,39.344765
-78.258727,44.586968
-73.465241,45.619223
-79.382758,43.778241
-76.044512,39.828594
-52.9422,46.888715
-63.762364,44.720966
-77.370313,38.78116
-64.372113,44.304906
-78.124442,44.748342
-76.523771,36.602559
-71.881183,41.440932
-80.466968,37.235958
-64.166234,46.741937
-64.063356,46.484431
-79.469397,47.426119
-79.512431,44.405608
-73.708588,43.291063
-81.911895,42.2602
-82.333294,40.645914
-73.341644,45.549255
-74.602492,46.124526
-83.796318,41.657928
-77.075337,44.665764
-80.220361,43.462058
-79.70651,43.630296
-60.083532,46.256037
-64.882843,43.847637
-75.1783,40.33552
-63.99786,47.002335
-76.173637,43.066161
-76.535492,45.768855
-77.663009,38.815392
-79.929025,43.267272
-81.907391,35.986668
-57.664987000000004,50.114047
-78.942213,39.073654
-80.088673,41.065725
-72.389047,42.936064
-69.465397,48.271391
-82.48412,42.036052
-76.480768,44.574174
-75.7262,45.754755
-71.102958,42.45078
-81.400692,25.979769
-84.106540999999993,43.342714
-73.557915,44.628655
-77.730259,45.407675
-70.461573,47.952079
-72.437172,44.948181
-70.001122,43.717901
-79.169364,42.02187
-71.20938,42.612325
-79.14377,45.062276
-80.344289,32.684958
-80.02392,43.627265
-83.137233,40.170739
-81.40429,26.061273
-76.716348,39.897441
-76.352119,38.056557
-62.910233,46.242962
-83.768652,42.903474
-70.719797,44.059665
-73.445472,44.618155
-76.50207,42.463006
-77.559535,44.879493
-79.955758,40.413342
-75.712037,45.259717
-82.588283,35.594933
-78.167206,42.850832
-84.320578,46.502532
-81.40702,46.017253
-72.121728,42.000703
-80.295616,45.352085
-80.061963,44.881845
-80.142455,43.632778
-78.749228,42.732956
-64.672425,45.722116
-83.78561,42.352866
-72.630364,46.259708
-78.293075,44.363787
-74.257421,44.437724
-76.037024,44.303755
-73.706519,43.127718
-79.16397,45.019529
-81.630402,40.926722
-66.903358,44.957097
-77.721297,43.993252
-73.769668,44.167792
-78.070584,46.226235
-70.316866,43.534703
-81.593171,41.012228
-80.76525,43.475945
-79.628632,43.860691
-79.155559,43.772827
-73.034195,44.123208
-73.343385,44.713029
-80.2483,43.53622
-73.341395,42.750827
-79.226231,43.949636
-71.010768,41.530431
-72.044142,45.339166
-72.577167,43.894167
-78.314459,45.594183
-76.120269,44.845917
-73.226308,44.494932
-75.897917,44.398428
-84.448751,42.160598
-77.837772,40.807328
-83.909287,39.802265
-72.759908,44.333089
-74.612968,43.701073
-76.47438,36.166614
-72.872917,44.647413
-83.560289,41.018391
-79.170039,45.63389
-79.722048,43.195973
-75.340836,42.546198
-72.130486,43.985783
-79.103301,44.638391
-73.004175,44.44211
-79.626607,40.819045
-81.120367,35.962263
-73.527837,45.682359
-71.703432,44.974872
-79.045673,44.960813
-72.551951,45.210673
-84.761367,42.523839
-81.414898,40.99194
-79.916969,44.94203
-81.123427,44.780357
-75.907383,45.3488
-63.56284,44.623159
-64.000406,44.64956
-81.408666,41.322744
-79.299326,43.662904
-80.343516,40.899085
-82.193927,39.254638
-79.805835,43.207365
-84.398292,44.664437
-72.81152,44.090633
-75.623884,45.533013
-75.696273,45.456804
-79.939853,44.608978
-78.790962,43.868283
-76.320533,44.579062
-83.683975,42.265828
-72.464223,45.251948
-82.471179,35.965297
-79.737018,43.618624
-79.613167,45.050245
-71.967789,42.841442
-78.157779,39.04262
-76.758202,42.443508
-70.600531,42.65999
-80.480122,43.490231
-77.708687,43.311702
-81.25349,43.013105
-69.501,44.124417
-79.78746,43.220646
-82.557111,39.458006
-80.044967,42.549953
-70.223488,41.649005
-71.330184,42.408217
-84.381599,39.200621
-81.217516,42.97488
-74.196838,41.686562
-68.35962,44.335012
-79.040739,33.530327
-76.671714,37.050152
-72.2435,41.845305
-82.040873,39.356292
-76.273882,43.191983
-72.203667,46.073756
-81.444842,45.146817
-83.646009,41.537254
-81.55872,36.595358
-63.891238,46.594694
-77.5009,39.008606
-81.202896,41.396034
-71.532811,41.491027
-84.188231,42.311837
-74.382461,40.956476
-71.345586,42.247986
-65.6596,47.620215
-80.826434,46.195609
-78.421311,38.776744
-68.81096,44.515233
-76.863841,42.391027
-67.641629,44.50654
-79.712296,43.589447
-72.613395,42.962114
-72.35701,45.194731
-81.2573,42.9821
-80.222631,43.548488
-80.246047,41.23233
-80.355574,43.273077
-82.255966,45.899422
-79.866075,44.58363
-77.993763,44.295519
-79.543263,48.06591
-83.4102,35.628722
-74.491766,40.717242
-72.810629,43.200803
-79.5542,45.74147
-75.756225,45.2535
-82.241667,46.107222
-70.895838,42.280187
-77.595823,44.07977
-79.90247,43.316548
-81.618056,38.819444
-81.8412,40.425053
-79.147986,35.778612
-68.326674,47.369013
-80.078363,40.626138
-77.092117,45.133411
-79.818787,44.83162
-79.005993,45.393809
-74.473646,42.775756
-79.777636,47.220448
-79.413231,44.628365
-75.32943,39.949661
-75.881784,44.012906
-76.487698,41.808059
-75.680975,44.588524
-80.399072,43.689224
-79.916814,43.307914
-72.573118,44.274148
-84.308995,43.823592
-75.847994,45.154593
-79.907717,43.280338
-84.822904,44.319358
-72.828057,44.649032
-83.978696,40.196456
-80.587403,43.454617
-82.089799,43.117106
-74.357703,39.788697
-78.206575,44.442315
-79.012108,43.026486
-79.117632,45.071753
-81.293998,43.009991
-83.200397,42.018371
-79.785338,40.344970000000004
-71.566139,44.001381
-80.185708,45.234845
-70.628213,42.643039
-79.63257,43.484408
-76.11248,44.885128
-74.254853,41.6188
-80.472376,43.391036
-77.612817,43.145995
-76.641496,39.608019
-77.441665,39.063861
-62.592499,46.36014
-78.488972,38.106396
-71.62027,43.28067
-83.545644,36.180992
-69.745367,44.955765
-73.991895,45.216957
-79.873231,38.925643
-72.613503,44.764546
-79.385477,44.953908
-80.383263,43.192963
-83.192712,41.60597
-72.509483,44.71775
-81.764589,40.977441
-75.82618,45.202367
-73.494844,41.146763
-72.963066,46.081268
-79.474391,44.297079
-75.725232,45.497053
-73.962753,45.90428
-81.189907,40.160668
-69.874638,48.218361
-84.108909,39.618714
-75.198013,44.884987
-78.129211,43.967958
-81.91365,45.895437
-66.909599,45.962809
-73.590305,41.246526
-81.168921,48.499115
-79.439966,41.548049
-80.255798,42.753291
-75.354916,40.673653
-73.600042,41.175589
-81.076943,38.064756
-83.262907,41.645654
-80.143547,44.172338
-74.269265,41.288899
-78.283813,35.85307
-71.337372,42.25755
-72.617487,44.574758
-80.422044,45.566859
-81.705864,41.497532
-79.75937,44.904115
-63.917356,46.441953
-81.667339,42.72526
-71.119027,44.138846
-75.93021,43.173855
-77.28788,37.27203
-70.898129,42.649949
-81.783998,36.265994
-78.844632,43.867765
-81.72722,41.495257
-73.588041,43.267939
-80.309447,45.390461
-73.984033,41.492748
-76.925764,40.535152
-79.174008,45.145491
-76.511003,38.515792
-69.885032,44.145288
-79.642932,44.374392
-79.053436,44.062347
-78.794192,39.067725
-83.77717,42.252029
-73.9413,45.423151
-81.298251,42.941952
-80.457393,45.535868
-72.823689,44.617061
-84.243967,39.124603
-73.446795,44.646603
-72.392248,43.488931
-79.72265,44.803317
-79.861782,43.374191
-81.71607,45.229086
-70.388467,43.455638
-82.826855,41.46868
-76.221433,44.808264
-70.645555,46.092422
-76.783575,45.260257
-79.159991,45.084699
-79.471017,43.63105
-78.686312,39.217789
-78.307075,44.129019
-84.211932,46.283382
-81.319195,44.832215
-79.474503,44.894203
-80.590366,45.990107
-74.067097,42.013874
-80.650361,43.011558
-78.942778,43.944167
-76.54805,42.538547
-73.562873,41.221562
-84.488841,42.681637
-79.749163,43.407818
-78.037811,40.488305
-80.723878,41.277555
-76.461217,44.518213
-79.117075,43.830867
-73.857355,45.364045
-82.528533,41.987488
-76.08315,42.881801
-81.644062,40.99651
-80.713786,41.345392
-76.44,42.72
-76.366657,44.546708
-83.970271,35.759014
-78.649095,40.027142
-71.552471,42.42282
-78.524939,45.045554
-76.753647,42.984756
-68.191942,44.375708
-81.463729,30.409428
-73.25193,45.865981
-80.575067,43.176575
-78.808547,35.828637
-81.869027,42.281873
-70.850833,42.664013
-76.30825,44.614338
-81.551915,41.396639
-73.329078,41.60643
-76.624062,42.590187
-74.501709,40.609428
-72.060961,43.34446
-76.767892,39.077508
-76.94362,40.186004
-76.930109,38.492392
-76.648042,39.839353
-56.794294,51.139399
-72.296608,43.708605
-83.020408,42.233562
-64.736908,44.424095
-76.425394,42.441916
-73.895729,46.232727
-73.360605,44.067662
-80.017401,40.610842
-76.230797,43.088657
-79.410572,41.10667
-76.705227,39.348862
-80.673629,32.451683
-76.613649,40.482806
-71.806668,42.319547
-75.978144,40.283877
-78.967761,43.853414
-72.491517,44.309953
-75.942291,45.990696
-76.156158,44.308609
-65.727148,45.480634
-74.755853,40.322267
-80.359335,43.257298
-77.496733,44.482214
-73.189414,43.0074
-78.952778,43.950556
-73.749784,45.387497
-72.494408,46.82088
-75.466206,40.276248
-80.710602,43.376673
-73.860152,44.353816
-81.294487,44.826949
-79.425484,39.06664
-77.280276,40.619727
-77.477537,39.37905
-73.974847,44.297303
-76.620154,44.182747
-84.464047,46.886149
-79.235427,38.890625
-75.201501,40.036459
-83.932881,46.069772
-74.993295,40.491913
-79.692513,43.410062
-79.018873,44.168648
-81.91587,41.398712
-70.260605,41.620205
-78.879428,42.055905
-77.514427,45.659569
-84.240963,40.043928
-75.683512,45.227879
-73.690133,45.432558
-81.260494,42.995542
-82.711496,40.338361
-74.891137,40.324028
-79.554176,37.634308
-73.239566,45.312056
-63.559759,44.665425
-80.099246,40.407685
-65.66937,47.613914
-80.073049,39.584423
-76.508513,40.889947
-76.898517,40.214781
-81.087565,38.072877
-83.299568,46.379555
-65.879444,46.167704
-71.847222,41.326606
-84.618483,45.847363
-79.073136,43.087761
-82.026497,39.581347
-80.69877,38.289056
-82.915938,39.890245
-84.118264,34.06562
-73.786055,42.460895
-73.814004,45.606757
-71.012151,43.543757
-70.265468,43.664984
-66.66755,45.91749
-73.618541,41.39451
-79.413043,44.612285
-78.290422,44.564936
-82.526269,43.268465
-81.1074,42.678545
-76.353613,42.53287
-79.514603,44.190471
-81.787364,36.225248
-76.30846,44.410819
-76.693965,44.214484
-63.52705,44.515064
-81.248459,43.038715
-77.842319,40.81613
-79.099102,35.724157
-80.286511,43.573742
-73.227897,44.455567
-78.744073,41.11763
-76.930105,39.375979
-74.082717,44.383503
-76.864875,37.370048
-81.156976,41.425505
-73.906417,44.794425
-80.176195,41.096175
-78.408261,45.578711
-83.0373,42.31535
-80.695621,44.535071
-61.940138,45.083546
-81.126498,32.134866
-80.792784,39.326725
-76.942864,38.91297
-73.962915,40.925452
-80.489442,43.520466
-73.025917,44.463272
-80.52506,48.553378
-79.724128,43.600742
-83.568442,46.239149
-75.221241,40.06785
-84.055797,39.591267
-78.012022,40.482488
-79.630607,43.736757
-76.418856,43.324686
-79.455262,43.637455
-76.955155,40.88417
-73.447439,44.577381
-79.83895,32.767325
-81.923333,41.309263
-80.426799,43.470708
-79.230807,43.677992
-82.239745,35.43689
-74.978013,44.521114
-73.799794,45.61015
-80.248302,43.694673
-79.589295,43.540624
-81.384211,46.031841
-82.978363,41.404025
-72.826312,44.67227
-78.725863,45.10716
-73.327621,44.12873
-74.839477,39.194871
-83.69188,35.949213
-71.305907,41.716789
-77.321113,39.415237
-79.667959,44.3756
-69.45932,44.073933
-80.527589,38.743712
-79.225519,46.103996
-70.219921,43.563921
-84.471086,39.255695
-63.672121,44.641424
-75.499514,45.500598
-83.238113,42.317719
-64.703788,46.09689
-76.289445,36.843178
-78.512763,45.567486
-72.467965,41.311481
-73.639034,45.693125
-80.289312,40.861077
-73.233509,43.252616
-78.30843,44.288428
-75.070175,40.133361
-71.138323,42.976248
-81.37779,42.958618
-82.767477,39.128558
-81.906547,46.013122
-73.380057,44.699395
-79.69388,45.612877
-79.687666,43.467517
-75.895754,40.02059
-79.699026,46.00316
-76.309938,39.786805
-72.535825,43.637313
-73.315505,44.749384
-79.409449,43.63108
-76.327641,36.931431
-75.182113,41.76813
-75.70034,45.420057
-80.337835,43.734623
-73.829144,42.869925
-78.967727,42.950421
-77.351993,39.60725
-75.508725,39.51857
-72.267956,45.027274
-76.55045,43.429604
-70.224122,43.641852
-79.251145,43.770697
-75.832687,45.189191
-71.548937,41.46697
-81.477867,31.153722
-84.898697,47.586687
-82.721869,46.471427
-81.400831,41.011968
-79.254894,42.985583
-83.918667,46.333347
-80.529917,43.466914
-77.116291,45.82978
-78.101375,44.301239
-75.62853,45.641604
-81.566877,41.163074
-75.160082,40.040493
-76.593903,41.098247
-77.42347,39.415958
-77.304619,44.478001
-83.223867,42.544303
-81.416804,31.044325
-79.053305,43.161208
-68.316812,44.299283
-79.493173,43.65277
-71.391922,42.496453
-79.29781,43.897638
-78.429221,39.30805
-79.403944,39.136718
-72.338495,43.71973
-83.372705,44.910648
-83.072883,42.243805
-80.79236,42.644949
-75.691806,45.284844
-74.489838,43.421938
-82.827408,42.036783
-74.928737,44.503286
-71.165386,42.169853
-83.206642,42.026987
-75.338282,45.512442
-76.938738,38.930769
-81.652989,41.421327
-81.467744,41.113393
-78.602762,39.852967
-81.012222,43.367242
-70.595457,41.747681
-74.260284,45.824326
-82.999349,40.806163
-66.689377,45.984706
-79.308291,39.580917
-80.260016,45.241982
-75.700979,45.237678
-79.476668,43.798096
-71.933983,41.29048
-64.83441,43.839338
-82.518654,41.962809
-70.208282,43.622268
-74.00935,45.414992
-73.327806,45.551019
-71.740746,43.057332
-73.987363,41.323883
-63.931083,46.606847
-74.533696,43.759996
-79.987942,42.794983
-69.684958,48.139432
-77.470442,43.031837
-76.392955,44.447966
-71.226543,43.582149
-62.509943,46.20889
-76.183817,45.2251
-75.469723,43.201818
-76.405115,44.68622
-82.471839,42.898536
-78.344746,44.213393
-77.125808,39.089406
-70.77532,47.662981
-73.480697,45.430637
-68.6844,44.92829
-79.909029,43.348632
-73.442497,42.790325
-74.041573,45.293185
-80.422966,45.453002
-80.744991,40.019055
-75.627148,41.131499
-72.188689,45.329637
-77.649673,41.034266
-74.408134,41.241669
-73.535969,45.508541
-79.102631,43.860515
-75.251274,40.410446
-79.210622,43.86112
-74.416291,39.46225
-66.122251,43.837501
-84.370579,42.807369
-84.137251,44.344225
-79.616741,44.350929
-68.857927,45.92623
-81.462131,41.237498
-83.075836,40.241112
-80.230899,43.541792
-84.516103,39.354055
-80.095204,43.91787
-80.98249,44.08913
-79.545076,44.931186
-76.887274,40.96199
-76.311763,43.452821
-84.292161,44.615519
-64.969267,45.627001
-79.680414,43.562925
-74.491665,45.861591
-69.717642,48.135088
-80.432105,42.660583
-74.211238,45.253332
-76.674538,41.045239
-76.629164,39.225198
-80.193825,42.180576
-71.963648,41.359968
-76.631767,42.523005
-75.898684,45.309042
-75.9907,44.3471
-70.345444,41.644489
-77.980555,44.849121
-78.954781,43.811829
-79.439238,44.312772
-76.898453,39.184845
-81.527647,45.17698
-79.475206,44.091722
-76.737802,42.966619
-75.703083,43.153331
-75.954432,44.394499
-81.474219,40.881834
-71.100499,42.410662
-81.627264,43.718543
-83.911801,42.386309
-79.318796,42.106046
-76.379956,44.258309
-73.672067,43.321584
-75.328268,41.095391
-79.002383,46.005176
-76.518622,42.488937
-76.196782,45.092169
-78.210267,44.794808
-79.492225,46.168945
-84.267472,33.789313
-80.150879,43.549721
-80.432181,43.6808
-79.987062,39.523353
-81.32555,45.966744
-63.089492,46.242272
-81.94683,40.494304
-75.566506,40.724172
-82.365258,42.366337
-75.163253,39.753708
-76.205116,43.098428
-73.0092,44.303119
-79.135753,43.773087
-56.324315,52.099153
-71.141739,42.373363
-83.673235,35.282443
-81.161912,43.239089
-73.397014,41.497582
-70.96616,43.148456
-81.502638,40.855962
-80.185824,43.400437
-79.13055,35.763643
-75.71598,46.062038
-68.250338,44.394147
-76.257137,39.431539
-73.253544,45.318688
-75.884995,45.272637
-73.093028,44.39629
-76.329902,43.126525
-79.605897,43.723812
-80.267197,43.560058
-77.449783,43.26173
-72.574538,42.254837
-83.758295,39.861392
-73.24281,45.242588
-82.779621,41.536234
-68.836155,44.036548
-71.147186,42.396343
-81.503974,42.933722
-73.461617,45.04623
-79.985055,43.243328
-76.394603,44.967615
-78.6754,43.885972
-78.976848,35.953789
-79.896788,43.436795
-75.444414,40.253291
-71.485595,42.418313
-79.281856,44.714126
-69.894801,44.007927
-75.726953,41.128805
-81.71187,41.093064
-75.09729,40.057016
-73.272413,44.499187
-76.439317,44.553307
-74.921844,39.983199
-72.026592,42.479497
-73.100896,44.611013
-71.858251,42.816218
-73.583887,41.08342
-84.008148,42.31789
-79.183327,46.210784
-72.640639,42.284828
-72.621629,45.431214
-71.433227,41.790179
-76.092611,39.713051
-78.338525,44.312303
-72.165565,45.321392
-80.807319,45.918858
-76.018983,44.492218
-78.511444,40.063922
-80.606035,37.244415
-83.965576,40.287951
-79.532696,45.132999
-79.13075,43.843369
-80.101214,45.213702
-73.148005,44.428323
-81.262622,43.144496
-73.033301,44.561045
-70.724312,43.410364
-83.117736,42.086983
-72.304709,45.275193
-79.43878,40.732762
-78.188503,44.138021
-77.169997,38.339439
-81.59841,41.163491
-79.543747,37.628568
-76.26338,36.891648000000004
-73.338744,44.876978
-80.440636,42.584136
-76.250547,40.056025
-77.57023,42.96625
-52.82315,47.279176
-73.474603,41.055267
-78.8889,43.046014
-81.172189,31.973134
-64.319627,45.887317
-83.532189,46.258181
-71.684767,44.210467
-79.311431,45.176842
-77.140208,38.560643
-77.044525,35.837617
-75.507561,45.396354
-78.543808,38.084853
-84.562617,38.005325
-81.330342,42.852241
-76.721602,43.044582
-74.929524,40.685189
-64.636116,44.472988
-79.899315,43.199457
-71.152913,42.381791
-75.224724,40.090272
-72.13484,41.795954
-84.721889,45.867485
-76.97905,42.866183
-83.143196,42.670246
-83.839522,41.542878
-77.725424,39.294057
-74.136034,41.123702
-77.906463,44.202612
-72.019216,42.968553
-70.200349,43.569333
-80.900424,37.75896
-77.122218,39.021309
-71.927774,45.615529
-81.145036,43.260567
-68.749035,44.853792
-63.443456,44.660893
-62.126196,45.652027
-72.26775,45.184598
-74.627053,40.419903
-79.713562,44.46714
-80.344938,43.2779
-78.375922,44.058139
-72.259108,44.255725
-53.617703,49.085053
-77.534505,43.237635
-79.662405,43.754174
-72.14901,43.836455
-55.83553,52.281988
-83.186517,40.025553
-79.901511,44.152509
-75.461384,40.096209
-79.289931,42.911358
-82.301611,39.255958
-71.236506,47.507593
-79.588772,39.704646
-78.656578,44.953378
-76.031631,42.98903
-78.688784,35.721404
-80.577552,37.082471
-71.041524,48.394605
-77.544608,39.274928
-82.850559,35.433546
-74.149927,44.405703
-83.104698,39.873075
-82.98714,42.351557
-70.798319,43.152888
-83.208693,42.667742
-69.772138,43.851716
-75.604522,45.501822
-81.41001,45.990748
-70.256788,43.582603
-78.34803,44.277137
-76.66262,39.870475
-81.41694,40.87557
-80.300102,36.89136
-83.025619,42.323883
-81.53856,41.276861
-77.611207,39.680408
-79.619556,37.182647
-70.919939,42.631524
-79.634475,45.083386
-81.592969,45.968682
-80.065944,45.383025
-72.14009,44.411486
-80.287652,43.136632
-78.601555,43.898333
-65.660218,44.758862
-80.320503,43.788803
-71.690689,43.941712
-75.78418,44.458273
-76.229673,44.277873
-78.881904,43.022511
-77.238675,40.535907
-79.345405,43.715178
-79.336497,45.014442
-81.204905,42.971135
-68.039236,44.362786
-77.497806,40.853286
-64.523086,44.13482
-77.321728,35.61169
-76.623806,44.514297
-80.055389,45.905895
-71.561547,43.671463
-77.132046,38.483651
-78.268255,44.389522
-71.538081,41.461997
-70.776024,42.711816
-64.401294,44.23292
-81.267595,43.007675
-77.494034,37.559678
-77.742037,44.009801
-70.788333,41.873333
-72.542167,43.646447
-75.13558,41.74531
-77.243419,39.137446
-78.811905,44.859843
-80.247252,43.548659
-79.97392,43.253329
-57.955773,49.602791
-72.037667,41.949743
-73.160064,44.490222
-76.457165,42.564401
-73.051963,43.218745
-79.917351,37.433291
-73.179052,44.03514
-72.942181,44.574609
-82.822454,36.271731
-74.381378,49.905287
-74.524121,41.282852
-81.570989,41.280709
-81.568497,35.764743
-79.947884,36.040039
-75.731399,45.556869
-80.337289,43.376039
-78.559625,43.201112
-76.474442,42.424763
-71.217259,46.759992
-84.02189,43.361976
-74.088775,42.136683
-79.643999,47.740248
-81.186249,35.820228
-77.427328,38.856678
-82.90805,39.880387
-76.89381,40.251991
-71.519662,45.065066
-76.250666,37.639102
-63.527003,44.667792
-81.84506,42.339139
-83.515537,45.118569
-78.291757,43.944789
-70.761245,47.723458
-77.309468,39.018845
-79.205925,43.851372
-74.009111,40.87503
-79.995966,45.50341
-84.263262,39.344982
-84.42578,42.163284
-80.284908,42.560972
-79.55999,42.27812
-79.690332,44.389327
-74.128286,44.402117
-73.228155,44.507972
-78.924568,45.372903
-80.941771,46.461152
-76.712,37.64527
-76.193886,44.699444
-84.36162,37.902797
-83.092428,40.013083
-70.902283,42.636662
-81.012904,31.958869
-84.671246,44.665827
-79.451089,44.005126
-78.547378,44.538948
-78.295206,46.134447
-83.048386,41.462692
-75.93429,44.378331
-81.433468,25.979071
-83.784275,38.942504
-74.72657,39.169503
-79.468713,43.645218
-78.178,44.554237
-78.385863,44.189263
-76.024225,45.083661
-63.607372,44.638428
-79.409351,44.589214
-72.159286,43.921221
-79.361327,44.625119
-76.947886,45.008317
-81.547427,46.613369
-80.623456,43.520889
-75.323875,41.112171
-65.586321,45.773575
-80.500364,43.433327
-84.114886,46.398501
-75.986497,44.326893
-64.358775,44.271786
-80.537675,37.138347
-76.961621,45.398653
-75.580318,45.344103
-83.22152,41.601205
-57.918905,49.472832
-84.141598,42.367353
-79.117595,43.794703
-82.293567,42.727241
-75.012763,40.368355
-79.266697,45.500926
-82.057542,39.373303
-78.959002,35.798742
-69.968995,43.757555
-70.240881,43.641472
-77.564049,39.422575
-81.894463,35.987172
-65.405286,44.773669
-82.06562,46.090199
-76.668908,41.10825
-79.992557,45.015031
-80.279556,45.814443
-73.237312,45.876938
-72.821558,43.953455
-74.085211,41.293707
-75.66372,45.417147
-79.507753,38.338592
-75.059518,40.087666
-83.362627,46.327494
-74.83989,41.12426
-68.29144,44.425334
-79.263429,43.866819
-62.71603,46.377717
-73.837345,43.036584
-81.445535,40.875166
-76.316509,40.114714
-79.68668,44.375304
-81.215335,44.556214
-71.326618,41.584165
-84.433771,39.774141
-72.388334,43.67712
-74.945617,40.327683
-82.900312,40.102558
-79.592998,37.091895
-75.974908,42.806048
-74.366513,45.139135
-70.629805,41.635678
-74.297693,40.979892
-82.601614,40.1991
-81.41571,41.214571
-72.255948,45.139086
-83.630244,36.711678
-75.992637,44.507606
-78.985508,43.827351
-75.378808,44.530804
-79.378261,43.617395
-84.454363,46.79962
-75.456459,45.47905
-82.086309,40.353313
-75.086556,46.085635
-62.730747,46.21087
-80.250987,43.506475
-70.377293,43.42698
-77.192704,40.450493
-79.289392,40.48581
-78.89595,44.736987
-71.970712,48.374213
-79.623314,44.8299
-71.644145,43.746356
-63.128528,46.228895
-75.842988,45.074313
-63.5514,44.491845
-83.707999,42.551573
-78.39545,44.444442
-73.229915,45.885152
-63.307658000000004,46.45675
-79.923396,32.749206
-80.301307,43.134534
-79.124399,43.892551
-77.668337,38.829075
-76.985237,40.122536
-72.30696,45.318542
-78.654411,39.539622
-76.846742,42.368412
-78.672931,45.526509
-76.485655,42.415035
-76.419843,42.47167
-77.363571,44.539545
-75.309516,40.780757
-57.859772,49.824528
-84.308192,37.073885
-76.721358,39.619958
-72.473021,45.307361
-73.488996,45.715391
-72.697273,45.407287
-75.748454,39.973141
-84.666772,45.581062
-72.48002,45.16692
-71.655318,44.008251
-81.900218,41.025617
-77.422034,45.999805
-76.280757,39.679933
-84.28948,33.975478
-56.954919,51.475731
-82.788077,40.029807
-81.730653,41.449588
-76.438613,44.195055
-75.341325,40.802433
-73.199517,44.497178
-81.481815,31.181668
-64.26514,44.377648
-75.07595,40.143575
-81.408455,31.170537
-78.196284,39.177065
-77.049582,38.688385
-81.847036,42.315993
-83.027566,37.227796
-79.834332,43.270105
-80.043303,47.973425
-76.546383,38.885201
-70.95889,42.815481
-81.810973,43.267581
-81.332978,41.291388
-74.437541,40.498419
-71.951205,42.489211
-78.339163,45.613773
-79.902142,44.431001
-70.445444,45.391006
-73.708874,42.414774
-82.716484,42.287128
-77.031242,40.388584
-72.570833,44.021
-75.816916,45.397599
-74.431159,46.081321
-81.371233,41.273459
-79.907785,40.571584
-69.650512,44.40596
-75.450088,40.209775
-75.222274,44.617955
-83.005347,41.475517
-63.428697,44.663532
-83.196118,35.331887
-75.827271,44.920641
-76.206875,45.278692
-73.914286,46.609751
-73.863873,42.503072
-75.750687,45.406218
-73.952881,41.412019
-77.519487,39.154706
-81.930633,41.448525
-82.824064,42.026952
-79.287772,43.668336
-76.159164,43.056561
-72.43462,45.109767
-72.564848,42.073853
-80.997553,43.370105
-78.946051,35.929637
-53.134563,46.639209
-71.710966,42.407443
-74.037456,44.280797
-80.082047,41.663964
-76.188179,43.561325
-70.934602,42.099838
-72.4613,44.340781
-77.553047,39.733187
-79.315126,42.347617
-79.023589,35.737338
-82.294667,46.220725
-83.395858,34.962203
-65.548209,45.334038
-77.339885,39.068213
-80.99198,46.453397
-73.181723,44.063393
-81.775913,43.461832
-79.200972,43.736837
-79.611848,37.11596
-80.056983,41.687563
-71.025313,43.15318
-74.367096,41.001764
-75.444163,46.236759
-76.556425,38.901562
-78.81858,43.874804
-76.028407,38.420479
-81.261456,41.119027
-79.96908,43.719499
-79.727347,43.465663
-70.947758,42.982492
-71.308525,42.46823
-75.981693,44.382235
-80.433571,43.408348
-73.851723,41.385669
-78.2639,44.40663
-79.691857,43.676918
-82.798088,41.548472
-70.673847,42.088981
-76.436219,44.142861
-80.075802,42.171433
-77.480982,39.164741
-80.129795,43.171054
-71.158636,41.715399
-78.378831,44.315139
-63.81319,44.482525
-71.00309,45.373247
-78.803962,43.869405
-78.424118000000007,44.347134
-83.534762,35.421042
-73.387006,44.7705
-72.663299,43.621655
-76.872486,42.375364
-80.708725,43.174217
-74.061058,41.836003
-69.128611,44.447627
-76.253312,45.461917
-75.582237,35.874455
-80.032912,43.459262
-83.468891,48.470157
-75.93395,45.572912
-76.380552,45.334177
-78.696111,39.554806
-76.673588,42.493283
-72.24125,43.763767
-73.218794,44.636693
-74.330242,41.061753
-79.606616,42.847396
-79.798338,43.668575
-75.441597,39.93462
-72.645348,44.935843
-74.724663,41.109445
-83.147108,41.579169
-74.665468,46.078631
-83.094733,42.701825
-75.69272,45.439638
-80.273321,43.589861
-76.342587,44.450125
-80.036644,43.469928
-73.460687,41.061778
-72.160107,41.749972
-77.218035,39.827826
-75.28228,41.368805
-74.123224,41.037871
-82.931573,42.767685
-77.988703,40.839997
-79.929987,44.596386
-81.812185,41.209556
-80.216541,45.342377
-80.485844,45.606754
-84.38296,42.827618
-84.358095,44.669638
-72.237181,43.361677
-77.323109,38.965205
-81.185439,40.836275
-75.25598,44.56731
-79.295702,39.661572
-73.829831,45.70108
-68.711253,44.908791
-75.422122,40.337458
-76.767406,42.744965
-82.829342,42.583595
-84.010581,33.988067
-76.481687,44.512527
-73.134946,44.472547
-79.383184,43.653226
-75.800363,45.330892
-72.055272,42.755783
-78.659995,43.086035
-80.411163,40.817608
-73.894403,42.749926
-81.590583,44.293625
-80.503316,43.517517
-72.429672,45.076211
-78.688019,43.912604
-84.609729,39.388945
-67.438114,44.556767
-68.819588,44.327053
-71.938462,42.382245
-77.059095,38.715375
-79.077262,43.254999
-68.621125,44.200172
-81.834276,41.545784
-77.741843,38.833022
-76.026345,45.480533
-80.169678,45.384317
-79.397055,45.045636
-61.232396,45.667853
-77.323994,39.065499
-81.180945,43.040077
-82.299136,35.555427
-77.357915,35.621948
-83.71323,42.498581
-71.996926,48.814587
-53.047714,47.487355
-77.403567,39.083408
-83.455277,35.431674
-82.774877,36.043415
-73.93992,42.055172
-78.717081,42.890731
-72.359929,43.121989
-72.51653,45.244015
-73.918217,42.218859
-78.223337,44.442445
-77.015267,39.28352
-78.731847,42.892057
-76.441495,44.293621
-76.284594,45.192594
-76.988898,44.437811
-79.198779,43.993276
-79.894536,44.756831
-69.458967,43.925688
-79.04514,44.334329
-62.870183,46.243478
-81.092606,37.849237
-79.960179,32.741322
-79.637111,40.324291
-68.357493,44.469047
-80.030788,45.052265
-75.91607,36.656671
-81.31201,42.942374
-84.38482,46.716924
-76.574272,44.496883
-71.490255,42.504606
-79.315459,43.684157
-79.785303,37.182666
-79.14788,43.948694
-76.066027,44.344656
-80.566069,37.141269
-64.197059,45.780635
-84.415623,42.788162
-76.14541,42.508427
-81.783244,40.944007
-75.646957,40.057061
-75.601015,45.313162
-81.59555,41.196543
-78.890799,42.884452
-70.443875,43.858318
-79.466516,43.892128
-63.568525,44.643054
-79.554215,43.565223
-71.332585,42.821569
-79.708663,44.89363
-81.70559,45.234425
-73.239028,44.078392
-71.655684,42.719671
-73.057343,44.227278
-79.822154,43.738928
-57.950898,48.97962
-78.382372,42.672113
-75.884833,39.97762
-82.412581,43.004723
-76.203943,44.849013
-73.284912,41.892951
-70.631983,41.551129
-63.787428,44.480545
-71.324507,42.734534
-74.436462,39.468876
-64.357576,44.293919
-79.374878,39.385733
-75.701244,45.390964
-79.977167,41.575292
-73.349967,45.499871
-71.252903,44.257498
-76.882858,40.312672
-70.898408,42.173046
-82.613208,40.561333
-81.80275,41.095087
-76.851743,39.233553
-78.184453,44.533894
-77.470914,37.621187
-79.198508,43.774797
-75.286625,42.427917
-80.540017,43.53065
-79.295134,41.259112
-84.391342,39.281417
-77.630142,44.023781
-84.2537,39.351782
-83.026752,40.141511
-74.699806,45.016411
-72.286808,45.079255
-76.304001,36.883316
-84.836832,47.914896
-80.057313,45.066353
-72.683647,44.41259
-79.566655,43.565371
-77.404543,42.619581
-81.416967,43.555929
-79.778795,43.266242
-71.806049,48.472527
-79.948293,38.938475
-71.742204,43.656753
-72.559762,42.502905
-79.252655,43.759896
-81.255203,42.96184
-64.699165,43.988751
-71.180465,42.020154
-79.64059,45.092492
-76.213933,44.527233
-69.538619,44.036496
-76.862589,44.999598
-75.20153,40.019856
-79.589897,43.643003
-76.490997,45.302138
-81.401417,41.305118
-70.714059,42.000037
-70.87738,42.942558
-79.324488,44.335146
-75.258363,41.024581
-84.028415999999993,43.336759
-79.598227,43.765016
-84.346205,33.87812
-81.056315,31.979684
-83.017727,40.046072
-74.17427,41.685738
-76.550633,39.426556
-76.443888,44.261606
-57.760748,49.46215
-73.751453,41.042895
-73.221434,44.473725
-80.305501,43.888899
-78.140346,44.598442
-79.578049,42.857246
-76.467842,42.47895
-81.564888,46.070599
-81.22816,40.355753
-79.210572,43.877338
-78.126507,39.202576
-83.665652,42.534931
-79.264297,43.76523
-64.480231,45.879514
-76.541002,44.219808
-73.241287,44.626586
-70.343719,43.591327
-75.116963,40.062874
-83.098931,40.024862
-76.086236,36.902221
-79.88877,43.513526
-71.43581,41.415412
-76.383274,44.133462
-62.868275,46.394861
-79.666878,43.439383
-75.47528,46.161172
-64.36935,44.230949
-76.097144,44.24803
-71.319711,41.460534
-72.465692,43.600004
-75.645519,45.608746
-75.288775,39.879927
-75.859222,44.42982
-79.302563,43.07796
-80.034984,43.234815
-80.518568,45.62061
-71.599316,41.456862
-71.63637,41.362863
-84.529303,42.698329
-74.097177,46.242031
-75.777567,40.204287
-74.704447,44.470069
-80.488205,32.425545
-78.176506,38.087597
-80.304462,43.56585
-81.85991,40.400466
-78.503614,44.538833
-65.139464,44.352524
-78.60005,35.8957
-74.911163,40.638229
-79.444172,37.631374
-65.624084,43.417788
-79.8285,45.267
-79.133692,43.785819
-70.398354,43.398754
-71.776447,43.793409
-66.150475,48.578148
-72.122756999999993,43.905563
-75.671458,45.469074
-80.43303,45.459372
-79.11718,44.127246
-76.747921,40.182899
-80.935544,44.662753
-77.856744,44.831575
-79.891951,43.288394
-72.005863,45.782429
-76.6829,39.59312
-76.125869,40.287772
-84.065245,42.386377
-79.029009,33.524533
-70.542992,41.915747
-79.534396,44.177295
-74.460563,41.1833
-71.30343,42.458434
-74.92263,40.983481
-83.023378,42.607068
-69.420397,43.967922
-81.348899,41.194116
-72.650222,42.316855
-79.238866,43.703015
-84.094687,44.650063
-75.203705,44.603848
-80.521208,37.379855
-80.428239,37.228134
-79.507386,43.771414
-77.382542,44.163995
-80.003886,40.593342
-79.229276,44.236159
-53.21511,47.459804
-82.251143,38.589639
-69.773804,44.232514
-81.408941,43.18622
-69.71284,48.145913
-80.264521,43.520811
-83.128359,41.61521
-79.700134,43.765848
-81.870973,43.226108
-79.345895,43.648341
-72.72975,44.486461
-72.215363,41.772163
-79.505524,44.584843
-82.999706,42.874823
-82.144439,42.881818
-71.87656,45.550036
-77.89678,44.366695
-74.000575,41.83395
-79.542908,43.577056
-81.686884,41.01608
-76.326764,38.061825
-73.168533,44.013375
-79.485259,43.976118
-80.10759,42.047089
-80.065792,42.145215
-76.837287,39.184737
-76.122269,43.217542
-79.416626,44.216621
-73.165862,46.076688
-63.10214,46.233525
-72.353108,41.31314
-84.287046,46.716968
-75.725052,39.701759
-81.822301,42.642877
-73.926737,41.144743
-74.768195,43.743209
-82.593055,39.589285
-80.552654,37.16111
-78.379124,45.837159
-76.687661,44.487031
-81.252922,26.153048
-81.818818,41.325217
-76.542185,44.614903
-78.295053,35.715747
-71.152147,45.797049
-56.067554,50.819016
-64.358651,45.094169
-82.40294,42.36947
-77.210812,39.192858
-84.702483,47.381233
-71.330948,45.003477
-75.848716,41.301746
-84.366884,33.509065
-78.900344,42.419735
-81.376953,25.838522
-80.330407,45.3797
-63.148167,46.257767
-74.775793,45.064678
-73.302259,44.55647
-81.196198,43.475427
-79.078484,45.081399
-70.259963,43.82167
-81.651655,40.912912
-83.651821,40.830885
-81.521501,41.466824
-81.095033,46.429081
-76.169968,39.67677
-76.526855,40.055222
-78.608111,44.267092
-73.263484,44.363584
-79.131906,42.962336
-75.882395,45.143671
-79.906873,32.745773
-79.379648,43.662901
-83.070927,41.597913
-79.653694,43.671272
-73.89663,41.679563
-82.972307,42.357148
-73.870466,45.496875
-81.987461,40.433057
-81.450322,25.820619
-76.604325,37.782108
-76.015112,45.351548
-74.04191,41.274257
-72.857224,42.821777
-79.358484,43.689489
-73.955148,45.393317
-74.416652,40.72533
-83.16745,42.73518
-76.137597,44.874263
-81.694055,41.488589
-81.601455,41.073606
-81.573927,41.48496
-73.653467,45.585659
-77.98072,44.602588
-84.255728,43.609822
-63.187943,46.428571
-77.674404,43.081501
-79.028061,44.357689
-68.752971,44.739167
-80.986573,42.773838
-74.077003,42.582236
-74.782136,40.218773
-70.781866,47.077988
-75.863266,44.5176
-70.94893,43.143092
-73.26509,44.73113
-76.06661,44.362153
-81.214859,41.261507
-73.199478,42.711256
-79.122853,48.179894
-71.508117,41.456158
-79.566,42.866083
-79.68428,37.045661
-74.448853,40.445492
-79.143289,42.997928
-79.047415,33.515637
-82.515975,40.083721
-84.03258,43.321607
-78.509936,42.681831
-71.158845,42.542302
-79.785178,44.841688
-70.810793,42.632069
-83.240663,41.608059
-79.323317,43.636269
-79.712267,43.268496
-83.948943,41.530361
-72.370767,44.513092
-64.708323,44.051358
-71.903061,41.333564
-74.027778,42.415742
-74.59026,40.553903
-74.953453,44.947375
-75.784989,44.423379
-63.426153,44.67987
-77.278782,44.910723
-72.061812,41.828221
-71.517877,42.398187
-78.037309,38.950622
-63.953002,44.655862
-76.56023,39.440718
-74.291902,41.423996
-70.662269,41.959681
-78.380055,44.425795
-52.9419,47.537341
-73.477089,45.818099
-79.945137,44.858318
-70.025535,41.752451
-81.499964,41.114174
-82.408145,39.97972
-81.101324,37.936076
-70.605804,41.742918
-80.38439,43.627895
-80.966576,41.171844
-71.295511,46.80944
-75.394549,45.397498
-59.963419,46.197894
-68.7277,44.822292
-63.59342,44.634603
-75.896021,45.5936
-77.741432,39.282131
-75.362258,39.807313
-65.228958,44.408662
-81.776875,36.214102
-81.930153,35.949402
-82.557553,36.048006
-74.828732,45.272831
-75.900814,39.710249
-78.315527,44.312119
-76.263286,44.91662
-72.24481,41.29818
-81.207816,41.464499000000004
-74.899968,42.776782
-73.758483,41.489055
-78.858936,45.413228
-70.655958,41.531887
-79.935812,43.035541
-80.446626,42.620619
-79.455151,44.088091
-79.59706,43.825125
-72.212186,42.499978
-80.074828,37.923255
-71.54774,43.866359
-76.070572,43.210123
-81.395045,41.262769
-73.176328,42.862803
-75.190219,40.37095
-75.346236,40.587357
-81.391833,41.285092
-80.737039,42.863133
-82.168462,37.114267
-73.719995,41.087906
-76.561531,42.581226
-77.247017,38.995425
-81.355775,45.969792
-80.144813,43.785223
-78.701796,45.537769
-80.161551,42.043919
-81.674552,36.216795
-80.140393,43.616528
-77.744011,40.590931
-80.556773,43.471098
-82.638729,46.493776
-75.669977,45.427658
-71.25763,41.652263
-81.590767,41.107547
-76.291344,39.799442
-78.362099,44.30722
-76.255263,35.777547
-73.35007,42.727707
-76.243592,42.106042
-76.250755,43.12305
-69.658395,44.583188
-77.824374,38.862486
-78.423882,39.210391
-81.840442,43.2501
-68.073726,44.377324
-76.557463,42.528919
-72.592822,42.040034
-73.781188,42.865903
-62.655856,46.201718
-79.644361,43.595477
-79.740687,44.623087
-83.234401,41.624235
-79.659576,36.174316
-83.906372,40.905458
-72.754312,45.026845
-72.583008,43.776928
-81.599432,41.388988
-64.288001,45.136985
-81.684311,40.993364
-79.830556,44.542457
-73.21133,44.42442
-79.945415,43.513869
-79.283725,43.066384
-77.027604,38.633894
-68.202713,44.391053
-71.199517,42.120342
-73.892348,41.183496
-75.1362,40.57247
-81.863981,42.29074
-76.802002,38.875382
-75.699763,40.112019
-73.262935,45.326242
-81.53436,41.121892
-75.094648,45.850692
-78.075192,43.917113
-77.303886,35.598561
-79.639902,44.283555
-74.427916,40.918337
-71.23638,46.889412
-80.248238,32.553845
-81.461512,25.938108
-79.850714,43.10258
-81.26915,42.917805
-79.463173,40.899425
-73.916812,41.517159
-75.611426,40.641198
-81.270203,42.902203
-77.848331,40.803058
-77.656249,43.275195
-70.366671,44.259954
-76.764625,39.637975
-73.251869,42.455108
-64.154106,46.695571
-72.605707,43.216053
-81.798478,41.104828
-62.899466,46.174818
-82.996933,41.46035
-70.099617,43.842113
-73.845211,46.318497
-71.042845,42.313434
-72.830843,41.257156
-64.3506,44.302739
-75.46022,42.77258
-75.89765,39.856723
-82.963091,42.343799
-84.542166,39.345214
-71.773855,43.68648
-64.055159,46.067948
-74.466837,40.750609
-82.806927,41.67612
-79.548215,43.741827
-71.315135,42.642765
-72.000369,42.467222
-74.434621,39.45941
-76.072958,42.996822
-81.413136,41.090372
-79.393112,43.092686
-80.142133,32.627604
-78.992752,45.313024
-81.840792,41.380122
-55.812378,46.871349
-83.632778,42.551996
-79.37528,43.639956
-71.916716,42.877859
-72.119345,43.994901
-74.945381,45.691067
-78.706746,45.330486
-70.901466,42.603544
-80.203203,44.501065
-75.148439,40.30648
-80.677582,43.280131
-80.193955,32.57612
-75.619725,45.489797
-78.586665,39.092229
-71.138147,45.786287
-73.932535,45.405011
-79.756752,43.620271
-73.750926,45.524757
-77.46494,44.249501
-71.383216,41.751753
-79.369439,43.7796
-80.867146,32.129339
-75.684641,40.046185
-74.6208,41.098685
-76.509828,44.289028
-79.629458,44.059723
-73.87719,42.957026
-81.183548,35.644019
-81.914456,40.546695
-81.578141,41.374414
-72.325658,42.675472
-73.906296,42.870128
-70.358268,43.568624
-78.606361,38.108121
-64.202265,44.411994
-78.431448,43.116473
-83.618596,42.291752
-73.479515,41.066395
-64.402664,44.25085
-75.860722,45.301369
-81.243324,42.922262
-82.498798,27.343966000000002
-75.069316,45.8729
-77.616742,45.114516
-76.535538,42.487276
-79.462212,37.843954
-77.820081,37.649654
-83.92534,35.497192
-72.602124,41.667527
-73.708663,46.50245
-79.864167,44.849037
-71.024544,42.719313
-74.418436,42.116944
-74.212403,45.484204
-83.009597,39.945583
-75.085731,46.004527
-76.814368,38.001873
-78.853251,42.845013
-81.305892,36.616087
-82.701055,42.071807
-76.660883,44.231429
-78.175299,38.034101
-75.77247,39.745542
-71.95354,45.338733
-70.303704,43.684007
-74.64823,40.339445
-71.36502,41.689838
-79.210512,43.730284
-71.201867,43.546189
-76.391132,42.760339
-82.456103,42.094638
-79.160183,43.151831
-78.277904,44.54405
-78.718978,44.437947
-71.556351,41.677452
-77.106498,44.524708
-80.824784,43.315006
-57.915153,49.590482
-77.99028,43.991021
-80.248306,45.357184
-84.048056,46.484398
-76.334533,44.55025
-68.336312,44.221905
-84.179913,34.08487
-84.198776,39.926849
-71.746355,41.339085
-73.434591,46.022674
-80.270517,43.502313
-77.902019,39.913453
-77.027682,40.261098
-81.151977,44.915928
-76.513397,42.524578
-84.73282,42.822282
-76.49267,42.44317
-82.97666,42.340853
-80.117605,43.915075
-78.833626,35.669386
-83.993758,43.336204
-79.298764,45.82684
-76.783252,44.570084
-80.494694,43.540928
-79.521681,44.162669
-82.542446,35.263982
-77.056031,39.089241
-79.903624,43.650191
-81.700494,41.385671
-72.704092,41.624652
-82.836739,41.459788
-77.2743,44.48684
-74.178446,46.005361
-76.969348,39.936595
-71.438072,41.49707
-79.759949,44.786727
-76.128105,45.147328
-64.379698,45.898582
-71.099455,42.630159
-79.804008,46.519553
-75.724945,40.060117
-81.591195,41.215408
-80.220925,45.35128
-75.173952,45.596151
-71.906525,43.274033
-71.32727,41.866633
-83.273065,41.654983
-81.408578,25.921505
-74.619257,40.371676
-70.986434,42.232837
-80.024118,42.104532
-79.403352,46.255737
-79.102338,35.620983
-76.968698,42.872777
-81.336895,43.075306
-79.563335,43.730397
-73.89592,45.557988
-84.292175,39.884991
-75.093497,45.594411
-78.018739,44.619747
-72.440753,43.205363
-79.11045,46.281345
-78.749417,42.973531
-79.970113,43.22247
-68.726233,44.898629
-81.886833,41.399105
-84.16958,39.654945
-78.802639,45.236477
-59.99871,45.893491
-75.149371,40.361334
-81.375645,31.140213
-73.232772,44.524336
-75.46937,40.116025
-78.170835,38.961117
-53.127159,47.389112
-81.477697,31.122945
-79.707879,43.509702
-84.786991,43.599099
-73.333408,40.917251
-73.218933,44.464462
-72.592619,45.415535
-75.867975,41.380717
-73.954639,41.842889
-79.405614,43.888367
-71.989797,43.633345
-70.835044,42.057881
-77.064202,41.254087
-65.940589,45.579291
-72.431017,42.316469
-83.236636,41.649187
-79.67308,43.462048
-70.929095,46.907514
-73.805567,43.052021
-83.017564,42.024918
-78.220528,44.159725
-78.876179,43.944707
-72.184997,43.770195
-76.628463,40.318955
-57.645292,49.512221
-80.048203,49.939736
-76.317008,36.88575
-74.41244,39.540168
-82.718888,35.217788
-82.254867,42.97
-75.270332,40.19186
-57.946284,49.69835
-79.791534,36.07243
-63.551459,44.655944
-79.737792,43.657753
-83.71869,42.283721
-60.105782,45.820811
-78.934041,35.723041
-75.65715,41.442368
-77.950234,43.364169
-73.745296,42.652183
-79.634863,43.872411
-74.085564,45.973748
-79.027718,45.130902
-70.986489,41.63947
-76.247568,39.779806
-78.390503,43.175629
-81.236948,41.266491
-79.652138,43.179169
-75.995613,45.210967
-72.340408,43.112697
-75.443302,45.415925
-80.558796,43.480226
-80.34822,45.427466
-78.282958,35.734675
-79.180688,43.750985
-72.591334,44.558018
-69.594949,43.815313
-79.251317,42.108345
-81.614136,42.965456
-70.540678,41.77695
-81.851783,43.24427
-84.613599,47.331465
-82.256302,45.909836
-76.059655,44.259278
-79.017795,48.240784
-79.488785,44.674603
-84.073887,34.193682
-78.30262,44.320042
-74.853942,43.196225
-71.432114,46.807282
-79.921159,44.977519
-78.305092,44.298797
-75.546902,40.101691
-68.218306,44.392869
-80.696624,40.977407
-79.745819,36.47193
-74.515667,40.713758
-75.092908,45.784697
-82.109922,40.752452
-69.983712,41.778013
-78.203171,38.641437
-73.949775,46.084037
-53.567592,46.630631
-69.275692,44.840883
-83.643753,41.652833
-73.208838,43.642495
-78.047211,42.509263
-81.273552,42.929254
-76.221138,45.482123
-80.684979,41.08036
-75.820842,39.89068
-84.413688,44.668522
-64.328866,44.296194
-69.592475,44.068881
-79.887147,43.330567
-80.412221,43.292231
-80.480439,43.535204
-79.376795,43.792712
-81.847543,42.326406
-71.927372,45.394992
-78.690492,38.24303
-76.064239,44.496478
-79.752307,44.891239
-79.602984,43.64486
-74.654253,40.328597
-57.935378,49.586753
-79.984768,42.806606
-84.039224,42.344575
-75.784295,39.84885
-77.777374,43.191578
-80.492947,43.442722
-73.577026,41.259025
-73.803322,41.27847
-75.67321,45.281106
-81.423335,31.170375
-73.519668,42.192786
-80.505955,37.178501
-79.802667,44.747117
-81.251591,41.529761
-75.702813,45.375378
-63.61952,44.459572
-79.658757,43.687798
-75.245022,39.799494
-79.864317,40.579969
-76.652584,44.748575
-83.195665,42.617763
-76.92435,42.985846
-70.431805,43.582182
-78.273802,44.557999
-69.41658,43.976959
-76.49173,42.275301
-75.044105,40.007684
-73.252764,44.236956
-78.019158,44.283897
-75.710174,45.451302
-80.432738,26.678375
-80.518355,44.217238
-80.302245,45.371194
-80.044369,42.133555
-71.557115,44.368436
-75.640387,39.775434
-79.425156,39.565375
-71.630232,42.731651
-79.485144,43.812324
-80.485171,42.596869
-79.488655,44.474155
-84.277256,43.60321
-75.828456,45.544579
-81.36587,45.952889
-79.806582,46.723657
-84.543322,43.146676
-72.499917,41.291196
-72.51954,42.837544
-76.76818,37.237422
-74.790568,41.167858
-74.667503,40.318512
-71.976689,46.072117
-78.437896,38.889387
-77.619181,39.345957
-74.551276,41.313356
-78.318445,44.297025
-68.316999,44.22546
-76.534347,36.996247
-81.364689,25.999054
-80.233393,44.509401
-76.239625,44.917168
-79.354009,43.904624
-81.669075,35.925394
-81.731538,36.139026
-72.46795,43.630992
-81.723022,39.806222
-81.341342,46.049156
-83.624135,40.820098
-80.585215,42.814231
-78.902673,42.909816
-82.769973,42.259653
-74.120227,44.416314
-70.879857,43.195495
-76.323419,44.565414
-80.25081,45.222397
-80.882851,32.013275
-70.598291,44.457384
-81.846444,41.352007
-75.954524,41.201638
-78.344343,44.338035
-72.051931,44.066471
-75.950529,45.614454
-64.489537,46.029608
-81.215562,42.954522
-76.976898,39.21562
-75.018211,40.158719
-74.83463,41.073725
-77.400382,44.458045
-79.357787,33.156141
-77.489223,42.893811
-73.686188,40.976813
-72.093134,41.344302
-73.472753,44.681774
-80.309278,43.309306
-62.711283,46.248663
-78.489433,45.566753
-80.133134,43.343758
-81.610947,36.672863
-76.832528,39.024914
-83.673603,42.525046
-80.180264,43.320405
-71.959182,45.380562
-72.570975,44.283051
-74.571739,40.695303
-76.265517,35.915614
-79.178942,44.015669
-69.993485,43.86908
-71.658127,42.73481
-76.00192,45.433255
-83.116923,42.736854
-76.46006,44.301922
-74.920094,40.197528
-63.148104,44.787241
-71.24949,42.118246
-72.328022,41.327497
-73.189675,44.48968
-74.017647,42.863736
-78.677098,45.562372
-82.58519,45.818336
-76.608099,42.537764
-81.896555,45.991468
-71.168305,42.4715
-73.154578,45.540418
-83.394414,46.348881
-82.528818,40.496931
-80.484134,43.395778
-71.638744,42.615061
-64.842995,43.8159
-82.710129,38.28894
-79.774933,42.238953
-73.739089,43.248175
-73.824045,43.726987
-57.957203,49.679295
-75.521522,43.160022
-68.585838,44.412287
-64.365166,45.893956
-71.660441,43.854256
-76.487485,44.535433
-80.497524,37.306968
-75.254795,40.156845
-73.050325,45.164252
-76.20559,44.786294
-66.13417,44.262813
-76.044,43.052953
-83.898712,45.996922
-63.689636,44.908116
-76.331613,40.324097
-76.341232,40.05768
-84.118446,44.26054
-76.593855,39.244897
-63.116993,46.236511
-73.052701,43.90478
-77.436388,44.110064
-75.837083,39.925217
-80.727255,42.850103
-72.854901,44.985885
-77.10966,39.104454
-79.76718,43.95293
-81.283751,41.762757
-84.257268,33.809635
-75.66229,42.75667
-77.45889,43.182267
-81.671942,42.564292
-63.58267,44.643313
-80.358139,43.405418
-81.291503,41.124002
-82.397243,43.004148
-75.740377,40.064629
-73.315338,44.575453
-79.453293,43.769361
-78.928272,43.850466
-76.451383,42.479731
-70.516796,43.823579
-83.78748,42.313908
-83.779134,42.698909
-77.731502,39.440716
-71.378918,42.644282
-59.998755,46.20848
-79.139617,35.944058
-62.87607,46.198605
-84.513394,37.961316
-84.067928,46.493812
-83.285098,43.947779
-75.486878,35.448988
-73.872863,41.251808
-81.208062,43.207028
-82.017701,36.356107
-79.435972,43.63195
-76.355838,42.380399
-75.51054,45.510552
-78.583605,44.178159
-74.267083,40.986815
-75.23579,40.456361
-71.396569,41.817265
-77.051179,38.505355
-79.350089,43.723848
-77.685551,38.44844
-74.491575,40.698821
-79.349223,45.114657
-79.778217,47.121151
-78.1135,44.56171
-81.436163,41.562458
-84.079247,35.779233
-76.406411,43.178894
-80.859018,38.250294
-78.338458,37.27142
-80.604713,37.264922
-64.748664,46.095277
-63.550986,44.596446
-82.139869,39.316978
-63.451242,50.205886
-79.423233,43.629887
-81.887494,40.412888
-79.689187,47.718463
-79.071393,47.594293
-79.51693,43.960838
-78.110924,44.675178
-84.163856,43.31385
-79.165986,43.892499
-74.542777,40.71441
-77.302234,44.247797
-78.497165999999993,44.139418
-73.341905,41.697291
-79.239532,43.1022
-74.94249,40.211138
-73.188494,44.451001
-81.245277,42.984923
-77.037065,39.271731
-73.070642,46.754276
-80.143349,42.132378
-81.595311,40.972512
-78.979169,43.871906
-80.148997,43.393912
-79.448471,44.974819
-76.005068,44.945671
-80.213433,43.445195
-72.680522,44.901665
-78.31148,44.348096
-79.069076,43.067853
-74.90586,42.626712
-72.117394,42.911747
-75.81985,44.949075
-64.094651,46.694721
-79.395763,43.620102
-80.747165,43.131497
-76.071102,44.329519
-79.168068,48.21275
-82.346955,34.773424
-80.461854,45.506306
-79.947375,44.993727
-64.630053,46.303384
-60.547502,46.719458
-75.725519,41.176133
-78.208838,40.471097
-68.190261,44.318201
-53.073782,47.39881
-70.80019,42.087968
-79.546943,43.65366
-73.192698,45.101609
-79.80659,43.697572
-78.503339,44.380386
-75.926315,39.914625
-80.650497,37.347567
-74.735135,40.352009
-81.489308,41.279447
-71.84278,45.369263
-76.593335,44.961079
-82.591128,41.397134
-75.001825,42.241803
-76.223839,44.909512
-78.485159,44.3061
-79.523691,44.390519
-81.452858,41.334725
-82.231438,45.728837
-80.496939,43.48284
-82.052425,41.387063
-70.517284,41.774262
-76.568642,44.584765
-73.825652,45.592295
-73.312016,44.592287
-80.342955,32.485958
-73.26924,44.528829
-77.366629,39.921321
-75.234207,40.195588
-79.554227,40.748556
-79.62429,43.656037
-78.903577,46.231158
-78.961571,45.291943
-79.330725,43.626844
-78.668294,38.895542
-73.116651,43.090237
-75.16803,39.227898
-83.523929999999993,42.403278
-76.295548,44.703009
-83.256574,42.362289
-80.422597,42.58072
-79.003426,35.847604
-80.563989,43.622249
-70.79162,44.47514
-72.42833,43.722046
-72.875664,44.207437
-79.059576,33.510538
-81.320426,43.100025
-73.811462,42.788328
-79.236122,43.96279
-80.917217,36.696404
-80.712745,44.273621
-79.908897,44.44745
-73.177429,44.020591
-75.324201,42.565554
-81.386403,41.641969
-70.990787,42.389742
-84.173722,42.280633
-72.199867,45.176081
-80.381377,43.384174
-76.704599,44.170909
-76.876156,37.744313
-80.510247,44.33225
-83.530875,37.224969
-70.482678,45.019977
-76.065972,45.600442
-63.363299,46.170129
-79.047668,45.313956
-76.526016,36.620226
-72.551461,44.242106
-74.523231,39.935761
-75.485879,45.501283
-81.508948,41.174689
-71.287375,41.708969
-77.837437,38.401815
-68.718775,44.166803
-78.73833,43.013501
-82.872248,42.4567
-75.818269,45.532055
-64.603317,44.558369
-81.187907,40.102656
-69.685982,43.829784
-73.797977,42.786645
-75.423142,39.430245
-73.434225,41.583546
-79.037163,40.579814
-79.900465,44.89684
-79.026855,33.536547
-81.298837,41.132145
-72.266554,44.816839
-57.623294,49.425231
-80.306454,32.679804
-73.163455,44.001033
-70.580917,41.752524
-70.829577,42.204316
-79.881755,43.29413
-83.102848,42.22315
-76.183123,44.303203
-73.12033,46.1912
-75.735829,39.928279
-79.985299,43.399687
-77.050833,44.04909
-73.013419,44.403872
-78.261947,45.996933
-79.972967,44.844731
-80.321993,43.286594
-78.054668,40.798342
-84.222686,33.666784
-76.333199,44.612322
-73.870862,45.511428
-84.35032,46.50843
-81.47979,45.054969
-79.18573,43.124416
-70.863067,43.748196
-71.21333,46.871129
-71.875546,41.337384
-84.898441,45.41154
-71.256677,41.528787
-74.826734,40.718856
-80.400776,43.58644
-79.213188,43.230248
-81.643369,41.17449
-79.60293,43.519323
-71.479697,42.488389
-76.562634,40.94336
-80.046837,43.454017
-78.803802,43.900426
-76.001233,39.995112
-79.049225,43.174922
-78.79113,42.783337
-79.557998,44.152043
-83.68873,42.459984
-76.320958,44.738745
-80.332176,42.680986
-84.300604,46.713464
-81.992279,45.973541
-72.871447,42.868389
-79.793904,43.300826
-81.175874,40.988231
-81.415413,41.1107
-64.342225,44.411211
-81.441949,25.848542
-78.65074,45.219635
-78.909002,42.93609
-60.067176,46.030861
-74.698163,39.504163
-71.247988,46.646902
-78.934876,40.352462
-77.549433,41.085081
-74.184527,41.084711
-78.797203,44.575212
-81.247507,43.021214
-75.919643,45.332599
-73.900648,45.517477
-81.416078,31.027771
-78.541444,35.769874
-73.969224,45.257033
-75.703543,45.275166
-79.631251,45.009724
-84.39864,43.93516
-53.016614,47.504214
-76.3031,36.847233
-80.388697,45.554561
-80.379059,45.545762
-80.231509,43.309501
-83.663739,42.383617
-74.365355,45.194928
-80.005207,40.971832
-81.406317,31.104072
-81.176458,42.853966
-83.154854,38.725148
-80.552353,43.531815
-80.098039,43.372174
-82.640131,46.403291
-75.891402,39.902607
-83.977877,42.585451
-78.670617,44.984787
-78.293305,44.349522
-78.375378,44.262801
-73.767764,45.385611
-79.998087,43.237475
-79.79606,43.448465
-79.345716,41.081236
-77.061453,39.243862
-82.44168,35.609172
-73.272506,44.586819
-81.782101,40.991885
-71.799018,42.279689
-81.078972,44.780903
-81.225914,43.180711
-73.035197,43.683564
-81.427898,40.073113
-80.726463,43.128562
-77.451802,42.912421
-74.480417,40.811663
-75.493003,44.915404
-78.708662,46.316342
-80.240676,43.686184
-79.993705,43.389645
-82.775093,41.506367
-78.996367,43.934645
-75.935502,45.312233
-73.144009,44.501338
-82.347609,39.340395
-82.516573,35.625482
-70.6488,44.288949
-81.392395,43.005439
-77.582785,38.933374
-79.430297,43.910178
-63.129734,46.271986
-79.656875,41.56557
-82.804813,39.886426
-79.656318,43.546682
-81.825463,41.358276
-72.283635,41.474597
-64.318842,45.13825
-76.388112,44.457189
-79.572457,38.419965
-73.755046,45.398093
-81.379766,25.980193
-83.746971,39.956681
-82.518718,40.76723
-81.411158,26.010291
-62.846702,46.000839
-79.826323,44.878838
-76.47297,42.451142
-81.516071,41.24268
-74.861428,39.323712
-80.135446,45.171815
-79.915343,44.547005
-78.881925,35.779041
-79.716375,44.715037
-66.666253,45.857681
-78.41095,44.38473
-71.209887,43.152463
-77.561792,43.028361
-81.371731,41.065158
-80.119259,45.216426
-81.159215,44.906198
-76.685311,37.17707
-71.530182,43.738644
-72.425065,44.306883
-77.398794,40.553039
-79.84745,44.53738
-84.020579,46.521265
-82.755186,40.187573
-68.927801,44.126994
-81.43304,35.811811
-76.058465,44.891259
-63.791138,46.389682
-80.23635,45.41841
-70.367432,43.562544
-79.431861,44.003133
-80.580138,43.634688
-77.029178,43.27098
-78.701804,48.379382
-75.602446,40.757942
-71.56344,43.45088
-75.925033,45.453162
-76.237472,44.781864
-70.947853,42.641132
-81.700282,36.14915
-77.485751,41.428253
-77.03685,42.367947
-72.678955,42.330195
-83.689589,41.023719
-81.376217,40.87851
-76.376548,44.42441
-79.862807,32.770196
-74.941453,38.937683
-72.520958,42.982547
-80.218438,43.511009
-80.425801,49.033433
-83.128403,42.070331
-75.521457,35.267888
-82.530769,41.965719
-76.72982,44.198612
-79.726417,42.269455
-80.720261,43.160862
-79.360078,43.629078
-84.35388,45.981408
-81.21381,40.958824
-60.440218,46.290493
-81.31531,43.016198
-76.241066,43.115145
-75.173957,39.244892
-74.866942,41.962128
-75.709513,40.852435
-76.685024,39.878411
-81.004919,43.25516
-78.216157,44.379833
-78.403582,43.112365
-78.128084,40.866035
-69.10491,44.092516
-81.85193,41.042898
-76.808586,42.90854
-76.576115,36.654555
-76.043325,44.4424
-78.227557,43.432344
-82.066672,39.544437
-76.765013,43.091971
-63.424651,44.652319
-81.62282,36.264938
-53.335527,48.37003
-73.700939,40.953605
-81.465787,45.197717
-82.02339,45.786506
-74.445709,45.041589
-83.944604,34.123837
-73.332087,45.639644
-79.320388,43.645588
-77.152214,38.35338
-75.715464,40.053281
-70.224543,43.651955
-74.467178,46.061352
-71.296137,48.779233
-77.489228,39.100595
-76.314983,36.894964
-78.31069,38.864156
-82.516237,39.875783
-80.506298,42.542594
-71.317247,46.808899
-63.221488,46.211253
-79.52268,43.849576
-81.281228,43.676819
-83.698595,42.182655
-72.3718,43.08804
-73.911896,45.409931
-81.407067,44.997531
-79.421157,39.497109
-75.584464,45.320539
-77.825549,44.863307
-77.367871,44.130555
-78.30765,37.253009
-80.081211,43.323531
-69.660958,43.787267
-74.457384,39.70848
-79.118795,43.045779
-79.045408,37.860413
-76.339928,42.881581
-83.22055,41.995913
-79.488813,43.842239
-76.510955,42.402542
-73.141008,44.627359
-79.385826,44.588027
-72.821681,46.757341
-81.272788,43.016861
-76.53789,44.230492
-79.608857,43.792483
-83.023395,42.245612
-75.854572,46.304559
-73.749403,45.360159
-80.122097,37.153974
-77.214919,44.923007
-79.719176,38.911031
-79.874387,32.751712
-72.990692,45.00391
-57.953717,49.639862
-79.254738,43.696688
-76.325262,43.451512
-79.9577,44.9843
-83.766803,46.30766
-78.039773,39.457958
-75.829985,45.179849
-73.736852,45.670128
-73.239669,44.400305
-80.982229,43.370001
-79.558241,45.1183
-79.364053,48.51054
-78.233415,44.121869
-79.939437,44.77311
-81.464619,41.320959
-68.060692,44.332371
-81.469905,41.218111
-78.462845,43.117572
-79.250769,43.867879
-76.745555,39.935432
-75.829612,45.42263
-82.450185,39.885668
-78.970146,43.898232
-65.772749,45.482638
-79.703164,44.428226
-69.346723,44.631373
-81.763618,36.248736
-67.010183,44.789715
-77.43592,37.533215
-69.685381,43.859841
-79.930928,43.345875
-83.249762,35.369017
-76.8991,40.276795
-82.56945,41.399253
-78.756067,36.046342
-81.152698,31.628887
-84.154131,33.88103
-81.256665,41.377453
-83.169681,40.000183
-75.230479,45.590821
-82.977266,37.335199
-53.05128,47.353772
-72.201417,43.132206
-79.817639,43.923311
-78.5428,44.149525
-74.006205,45.486755
-84.175392,35.893106
-79.34272,42.932545
-83.475954,44.269762
-71.685628,44.039162
-84.788142,47.468535
-84.824146,45.397641
-80.562755,37.199781
-76.262877,44.770226
-79.974463,44.222728
-70.7975,41.754167
-79.18373,43.823122
-83.346627,41.906656
-72.658293,43.260419
-66.062868,44.384647
-76.4664,44.251033
-72.320434,45.301627
-73.194062,44.365545
-82.473672,35.643683
-83.758905,39.94495
-74.40605,41.059107
-73.418751,41.579212
-75.695083,45.382858
-78.805787,35.841972
-62.619355,46.318142
-74.294708,45.724625
-78.863119,42.926356
-74.775902,39.0327
-79.476893,44.22007
-80.499443,40.402152
-74.236973,41.3459
-73.474079,41.083556
-82.395849,45.811378
-73.292253,44.545203
-83.020578,40.205258
-78.773528,44.743597
-76.282557,42.186701
-69.815146,43.772744
-79.287108,43.098958
-66.135193,47.249793
-73.856722,41.875276
-53.082578,47.470639
-65.497515,45.744902
-63.725798,44.451938
-81.520642,41.021041
-74.07876,45.884133
-76.264633,45.379188
-80.763195,41.31296
-82.805195,42.578524
-74.515212,40.698074
-82.775812,46.147025
-78.293768,44.246202
-82.950556,39.854721
-84.281255,43.922646
-78.511683,44.563766
-73.73093,41.091653
-81.6623,46.003578
-76.553638,39.411757
-84.360967,37.550011
-75.775401,45.741876
-75.833503,46.068183
-73.569064,45.447275
-78.916489,37.87117
-71.481188,41.765007
-79.291148,43.677276
-82.178967,41.27931
-70.340194,43.445238
-83.182045,42.013519
-72.560905,41.273258
-78.567191,45.554542
-75.114274,45.607094
-73.998349,45.387794
-73.071985,44.25049
-75.372987,40.61652
-79.289309,44.813147
-73.600344,41.258724
-56.422167,51.733482
-82.42447,42.999799
-76.476318,42.460074
-79.479392,43.613047
-79.098389,43.810539
-71.269339,43.336476
-80.544558,45.994624
-72.26827,45.067093
-67.278131,45.115416
-75.889147,44.427407
-78.193855,40.475497
-64.50719,44.144984
-83.04729,42.257562
-75.22774,40.149604
-71.299504,41.681738
-79.106911,45.163356
-75.132001,39.743639
-84.296475,33.773762
-57.818845,49.865908
-77.418214,39.074197
-72.086005,41.998103
-73.908786,45.658285
-76.081436,43.201787
-78.015362,39.028646
-79.186644,43.779597
-84.426872,46.419147
-71.401032,46.806794
-77.574677,45.667007
-74.133259,41.721894
-76.531411,37.299171
-75.971197,39.861437
-74.654128,39.451226
-74.11255,41.265478
-69.209612,44.855905
-72.089837,45.951556
-55.831928,52.306341
-76.522661,44.45454
-77.115972,38.766204
-75.422535,40.024005
-79.88347,32.792238
-78.359842,45.635157
-79.905797,43.233102
-79.948421,40.493814
-68.49859,44.160078
-78.939095,42.964305
-70.39978,43.428455
-81.220999,41.278344
-75.4189,39.541325
-79.389554,43.8299
-75.912148,39.945092
-68.24475,48.17753
-82.491621,42.017322
-77.434251,39.422608
-76.565663,37.338235
-84.293175,43.809782
-77.936511,35.417262
-70.224238,46.580634
-79.726867,45.314295
-75.668647000000007,45.405432
-79.287276,43.865306
-68.19742,44.366587
-78.953215,43.845166
-69.508752,44.058127
-70.916057,42.024843
-76.329138,45.432918
-74.984435,42.274261
-77.418336,41.755067
-69.259648,43.918324
-74.84893,40.26722
-77.452276,46.01591
-78.268558,39.231971
-80.682727,41.06715
-73.780596,45.639295
-71.456678,42.41131
-79.726986,43.367986
-78.964978,40.164642
-75.831318,44.51365
-80.132264,42.14424
-84.062571,38.044431
-81.294982,43.055354
-75.216986,40.164524
-71.09933,43.829864
-76.24969,45.266623
-83.430521,35.699234
-81.854233,38.577297
-62.656243,44.773544
-78.36225,44.254513
-82.031022,41.342088
-75.852542,44.395347
-84.461595,46.597919
-82.339226,40.059111
-79.989279,45.164201
-74.865875,38.95538
-76.019494,44.516925
-80.505294,43.503905
-79.49424,45.656927
-75.861642,39.969947
-84.256438,45.98265
-79.273952,40.161716
-75.454147,40.17257
-81.297419,31.269956
-70.502419,43.626648
-71.392815,46.961552
-71.227447,43.572595
-72.850324,44.687973
-73.712419,43.360304
-74.12861,41.620007
-75.944726,36.732583
-84.744795,42.240739
-70.995895,44.114586
-82.877522,40.072202
-78.326021,44.563512
-79.931663,44.156556
-75.461788,39.255277
-74.412003,39.444298
-76.437457,37.323172
-78.853305,35.794783
-77.46682,45.079947
-70.874922,42.013114
-79.542512,43.843675
-77.934029,42.086852
-78.965586,43.839772
-79.875391,38.612052
-75.52544,39.466747
-79.634976,43.549616
-82.999105,35.631627
-77.240492,39.79278
-80.300728,43.145769
-81.849126,41.3652
-79.926541,43.687156
-81.492443,42.766873
-69.507017,44.460074
-78.222624,44.562211
-80.447524,43.624809
-76.923238,38.989666
-75.701845,45.290607
-76.699517,36.432269
-81.67968,45.255038
-73.724672,42.193992
-73.938424,45.5657
-81.6519,42.948967
-77.847201,38.955504
-78.309692,44.201038
-80.377757,43.704482
-80.811102,46.547628
-76.462459,39.987372
-80.530546,32.299477
-76.405528,42.47701
-80.55358,43.54087
-82.43098,46.127807
-79.86873,43.299212
-78.953718,43.863993
-66.938735,45.02394
-65.446723,45.741324
-79.860153,44.898053
-71.428589,42.381191
-71.093983,42.834827
-69.989678,43.747753
-79.402879,42.944736
-79.733276,44.866911
-81.465981,41.036062
-76.20485,43.073322
-79.201881,44.57934
-83.58409,42.642263
-84.278139,39.055222
-76.646398,38.054177
-77.510701,37.578487
-73.319002,44.767134
-75.61092,40.544912
-79.735844,35.751971
-83.756793,35.782969
-75.887826,45.600803
-82.563515,35.792339
-77.661713,36.343305
-79.849425,44.742732
-63.91841,44.491292
-76.203045,44.203185
-72.052559,42.659484
-79.960412,41.617938
-76.815492,40.960372
-77.7936,40.881556
-79.135301,45.112209
-76.122687,44.335222
-84.622798,40.141882
-71.029911,41.517399
-82.572145,40.66433
-80.103538,45.195099
-81.226939,44.797831
-57.913127,49.502967
-72.262672,45.255781
-83.425647,42.685617
-81.516201,41.010587
-78.253264,44.725773
-72.642064,45.374968
-75.606283,39.93155
-76.732539,39.885278
-81.458357,43.177526
-84.473566,46.62725
-73.579835,41.003691
-81.546456,41.34354
-77.348527,44.182898
-76.753755,38.163599
-74.002138,41.498625
-73.899543,42.614581
-75.960678,39.771767
-82.45783,42.902092
-74.913993,41.171379
-75.199081,41.301472
-79.476085,44.75044
-71.791984,44.039976
-84.275159,37.574727
-73.391307,44.536069
-81.306833,41.099667
-79.855862,44.874964
-75.135553,45.619769
-75.406747,40.18957
-84.324333,33.909408
-74.861053,39.123092
-81.869933,36.156995
-78.431888,44.409827
-74.329874,45.83935
-69.18145,43.989647
-70.884878,42.80499
-63.563159,44.608615
-79.764575,43.34842
-75.493738,35.716667
-73.808111,46.150029
-79.307316,42.881379
-82.94213,41.515575
-72.223722,44.424788
-84.141374,34.739163
-76.728066,39.535537
-83.247174,39.643069
-75.58802,39.497555
-82.891822,42.658362
-79.813545,38.104845
-82.606069,40.370961
-84.153474,40.022487
-71.969937,43.434976
-56.0899,52.41623
-78.319708,37.258459
-81.58213,45.192203
-76.266258,39.437915
-74.472845,40.509876
-80.214842,43.540988
-76.897001,39.155054
-71.225151,46.987595
-84.347145,46.693783
-79.06199,43.254691
-78.830979,43.868248
-80.38288,42.58101
-71.449631,41.280352
-78.561073,43.009291
-78.462595,38.66257
-73.28756,44.595853
-83.352683,41.60946
-81.10799,46.422661
-79.026246,42.984824
-79.365829,43.619778
-79.916599,45.004765
-68.340922,44.253279
-64.95,45.333332
-76.366493,44.598217
-82.881127,40.107477
-82.230578,43.026174
-73.472847,45.5925
-82.302971,40.433361
-63.34847,46.227417
-71.407192,43.642139
-79.381481,37.593117
-83.840722,39.792213
-79.888266,45.481322
-78.880068,42.871207
-72.690898,44.967482
-77.712792,44.815509
-74.555136,40.795767
-69.254415,48.540048
-77.056837,39.271505
-79.764694,43.787283
-81.976195,42.710128
-63.111596,46.27629
-72.834932,42.704125
-70.65919,42.073355
-70.809352,42.789826
-75.05833,44.9495
-78.256596,44.415943
-76.638358,44.952347
-83.115883,42.133706
-75.830703,42.724545
-77.336408,39.682975
-79.086758,43.838412
-81.397091,26.016261
-83.474882,41.705595
-73.284825,45.575622
-75.626328,40.231695
-75.920792,45.351658
-81.41119,26.000418
-62.28795,45.277804
-71.706378,42.661272
-71.344481,46.78988
-80.509715,45.552141
-77.108842,44.042839
-81.761713,41.396229
-62.667877,46.458394
-64.82468,45.350192
-65.701971,47.49726
-76.802692,40.851064
-83.215221,42.019244
-83.354289,38.124606
-57.875084,49.572463
-79.118081,43.884567
-82.931881,40.126669
-75.428447,44.77045
-71.395692,46.952167
-77.416589,44.233709
-68.220621,46.604712
-75.178655,41.442122
-80.332983,45.279492
-80.166156,45.344726
-74.615206,40.558011
-78.209377,44.250706
-75.106555,40.175302
-77.743698,44.045089
-82.877152,40.31572
-72.003928,41.258274
-74.626365,40.563756
-72.510501,43.295341
-75.835587,45.06324
-76.625133,42.550583
-80.89525,32.176527
-79.282787,42.124314
-76.019549,45.552514
-81.794111,43.278597
-79.349696,43.671471
-71.335387,42.478671
-74.605553,45.105945
-82.524731,36.013364
-80.708351,44.257754
-79.365372,44.325478
-72.024593,45.486673
-78.22174,44.2558
-71.190819,42.25785
-73.222105,45.087897
-79.413339,38.065331
-80.493689,41.098073
-76.291851,36.900616
-53.09,48.49
-79.255412,43.19907
-79.373782,43.814906
-84.837692,47.487722
-79.92817,44.997641
-64.275533,45.851122
-75.691419,45.35765
-72.181702,41.756391
-78.269876,44.145732
-70.997179,42.641212
-70.804139,42.755588
-81.217989,42.659856
-76.317432,39.942377
-76.384836,45.139336
-73.120205,42.435165
-79.5764,40.710392
-79.428825,44.56862
-84.322031,33.782887
-63.627476,44.44265
-82.051403,41.362426
-72.708507,45.399041
-81.972422,45.923108
-78.711539,35.666878
-78.722602,35.699236
-72.58933,45.31919
-72.36428,45.3046
-72.6122,45.32135
-72.22925,45.29387
-72.39175,45.3017
-79.07844,44.515008
-71.34895,42.46037
-71.0471,44.7597
-74.153,41.754
-73.191139,42.527164
-69.657028,43.850349
-80.098175,42.166004
-79.616482,43.843733
-79.203,43.8254
16.06359,64.3431
18.034789,69.62769
14.403586,67.288749
23.982073,67.932178
23.98744,66.799866
24.63549,70.952922
14.484329,68.211505
16.119786,69.324058
12.825366,67.832366
21.348197,63.058816
17.16571,69.410797
20.30467,63.6843
13.562574,68.114783
17.986041,69.643935
13.887667,68.20392
13.348939,68.035781
13.044431,67.899505
14.914339,68.567893
17.117044,68.681063
14.425793,68.204407
20.346172,63.747447
18.766837,68.351537
18.098969,68.854433
12.475445,65.798605
25.1969,69.440271
21.112998,62.523601
22.202471,63.438394
13.847992,68.123742
19.031819,70.053514
18.71,69.55
19.768463,63.535095
18.708038,63.286708
25.990229,70.971738
13.060092,67.909279
14.408569,68.390073
15.463478,68.7608
18.803541,69.683114
14.755097,68.440606
13.359425,65.596595
21.31174,63.160301
20.20229,63.64104
20.63967,63.80452
17.99621,62.85066
20.41179,63.67828
21.634973,63.069125
21.184506,63.261487
23.881042,68.404533
23.747985,68.396336
14.76823,67.297577
17.217403,68.925964
24.791808,67.807308
24.189424,67.604814
23.278037,68.311248
21.283386,61.990718
21.297447,62.117595
21.26376,62.040617
24.143766,67.606035
21.633887,63.105683
21.655391,63.091069
21.291147,62.013278
15.963815,68.396668
15.185976,68.964365
15.8854,69.25456
17.390588,68.443825
16.064628,69.143227
13.433475,66.821084
16.891119,68.482062
15.47812,68.679491
16.287459,68.951991
21.690618,63.151312
20.060904,62.114814
21.682703,63.140901
22.372928,63.603682
21.883533,63.114249
24.162626,67.950416
23.433839,68.353678
24.197304,68.200724
22.29482,63.486511
24.153723,68.025339
24.114294,67.997659
21.744194,63.118661
21.970287,63.309811
24.208768,67.760694
24.810406,67.626592
21.406471,63.107822
24.190267,67.987894
22.066755,63.364307
21.675379,63.160835
21.661918,63.142088
21.68427,63.170077
25.085529,68.219132
21.603388,63.15433
21.679046,63.20519
21.427606,62.032571
23.852573,67.416079
21.724267,63.128788
23.970898,68.010005
24.332113,67.649642
21.871957,63.322727
22.444806,63.729614
21.606461,62.800774
24.094044,67.364041
21.523132,63.247505
24.147317,66.916113
14.745165,68.558494
12.620246,66.158572
14.903715,68.816156
13.081211,68.037492
15.658476,68.337992
19.986146,70.133489
20.508142,69.683035
18.170666,69.152915
15.12593,67.565678
19.589993,69.764167
13.33876,66.294639
19.312737,69.804769
17.792994,69.457614
22.458852,70.255273
14.049759,66.316356
13.411766,64.96055
23.475763,69.885211
17.118781,68.92324
13.37914,65.498691
22.452528,70.165631
17.91529,68.678521
14.432809,67.16178
24.585955,69.347644
13.762963,68.328333
13.58294,65.651795
18.820091,69.85135
14.356399,67.209437
23.507905,70.153972
17.839284,68.712852
13.51306,66.935806
18.290939,69.570932
13.640325,68.082074
13.353888,66.785279
14.678472,68.323801
18.583305,69.043348
13.20589,66.809824
17.933778,68.875124
19.746398,68.731483
23.215413,69.888658
18.438505,69.541048
14.833701,66.90339
14.534481,68.240143
13.998959,66.796965
14.391694,68.354866
13.312359,68.139473
16.085656,69.152505
13.665648,68.309785
12.985866,67.879916
17.178851,69.379332
13.175608,66.398335
15.659288,68.182134
18.514431,68.982881
12.489646,65.755901
13.416572,68.102147
15.741107,67.573921
19.319878,69.715132
22.694471,69.894403
13.791143,68.329952
12.590976,66.224032
14.5314,67.066243
23.304086,69.865096
15.600592,78.229626
13.885664,66.449456
18.298539,69.612663
22.892424,69.051408
14.762213,66.509851
14.059272,66.334421
16.197694,68.588717
20.633521000000002,69.518054
14.005499,66.386424
15.926825,68.069707
25.763107,70.974392
16.132197,69.316055
13.733121,68.156746
14.061671,68.276294
14.963741,66.259351
19.852328,70.053724
23.444484,69.616436
23.107795,68.813278
13.401049,65.139935
13.382409000000001,66.217519
15.081285,68.355227
18.812582,69.619834
23.244672,69.792395
14.165507,66.334507
13.827471,68.305747
18.724852,69.559747
24.908405,70.18198
13.518504,66.84613
22.988993,70.250195
18.904255,69.676123
23.80204,69.820216
13.123784,66.253054
18.571833,69.703752
15.405469,67.158851
25.144581,69.828628
19.876914,69.979347
13.187987,65.137514
19.642957,69.19816
13.781432,68.302323
25.002297,70.339812
13.730983,66.278656
13.069993,66.751553
15.54549,66.741651
14.219253,66.312848
14.887653,66.494188
14.856931,68.29057
13.001892,64.776097
13.537099,66.266963
14.395278,68.200793
13.678368,68.103568
15.131851,68.253643
23.224918,69.978265
15.401939,67.258577
13.823338,65.233579
18.83442,70.037316
13.435886,66.916886
18.765492,70.067868
13.84382,66.150565
19.324765,69.065002
21.289991,69.611789
18.908072,69.665275
15.273094,67.090153
18.755817,70.15747
14.671689,68.166834
13.828683,65.971928
22.882803,69.08508
13.611758,68.249003
25.841575,69.629648
15.390117,67.060207
14.104188,68.212629
13.801168,68.258851
15.453898,68.146854
22.902755,70.004932
21.146764,69.740066
15.119859,68.278555
17.318171,68.451573
13.40643,65.050246
17.582357,68.627217
18.87505,68.992522
23.465244,69.795622
25.028169,70.07096
13.110157,64.822443
23.321055,69.95059
14.664162,68.277677
16.711395,68.2984
15.440135,66.818425
14.628588,68.560924
15.886131,69.272494
16.721393,68.308297
14.415077,67.47992
15.102719,66.407498
14.006155,64.883921
18.402689,69.708469
25.619063,69.089848
13.977498,66.250883
13.556422,64.912815
13.806657,68.313596
14.580942,68.232362
23.645886,69.164758
18.343194,69.254345
16.408025,68.762349
19.025312,69.793952
13.302666,65.902008
15.116113,67.301536
25.399856,71.097633
24.470162,70.33314
15.875288,69.003481
14.890663,68.873806
17.908724,69.50694
13.589687,68.237682
13.854303,68.307955
13.977974,66.760048
20.613228,70.037926
19.019625,70.16058
20.361744,69.452952
15.319716,66.511036
13.640765,68.302081
13.976627,65.418942
16.071274,69.309178
19.011001,70.250195
23.462729,69.929703
13.511884,65.301572
20.538299,69.545305
15.418926,67.168257
14.622363,66.207385
19.018278,69.667266
18.939181,69.84342
14.868115,68.604604
13.992626,66.401266
13.320066,68.153123
13.086055,66.222257
24.755818,70.15747
12.659221,66.594981
13.809846,66.242959
26.324258,70.384098
13.548912,68.071891
19.907358,70.048955
12.225622,65.944556
20.364394,69.36328
13.604105,68.185345
13.673383,66.711758
12.348664,66.170999
13.200123,64.958147
13.739041,68.271063
13.296917,66.754166
24.45905,70.42272
21.080891,69.667554
12.479836,66.191144
15.137771,66.417228
13.86387,68.251666
14.023977,65.593944
12.183374,66.558643
22.963364,69.981343
17.621865,69.510358
14.634149,67.291027
14.665374,66.314447
18.615994,69.035472
13.617067,65.637729
20.612554,69.505339
24.088576,70.50398
14.495781,66.372754
13.41862,65.644128
16.566874,68.610236
15.150294,67.030768
26.037911,70.976021
15.383434,66.974614
14.195735,66.264515
16.109533,69.235948
23.599156,70.685216
14.37715,66.377707
23.346064,68.720411
15.390072,68.355492
13.300932,68.084914
14.13995,66.311159
14.031092,66.435324
18.794004,69.79905
23.771524,70.15009
12.389591,66.028068
19.05333,69.802102
13.417066,64.870859
24.179566,70.508338
14.225649,68.230477
14.493742,68.60271
15.974947,67.043062
14.706104,68.16087
14.939765,67.920611
13.422447,68.155182
15.270875,67.079551
13.517354,65.162479
14.41275,66.201234
13.628045,64.872953
12.899987,64.828118
17.161245,68.855317
23.257023,69.931811
12.642737,66.024104
14.2934,66.13496
15.416213,68.696961
22.178299,69.988273
23.667823,69.343924
20.730898,69.187541
13.702596,68.248993
18.747615,69.676326
12.3343,66.145363
14.812141,66.973156
23.65681,69.254345
15.002305,68.584139
14.407522,68.210375
13.854321,64.515894
14.553363,66.214686
16.8459,68.730381
23.72439,69.791811
13.587612,66.670764
18.902045,69.685419
12.980593,65.772716
25.968085,70.979159
13.87951,68.322291
17.589319,69.159901
13.260966,68.012403
18.632397,69.575164
25.963575,70.994173
22.687267,69.804769
13.224306,68.093757
16.043273,67.075779
12.858692,66.569326
14.938687,68.570739
13.713358,68.298503
13.116463,68.039045
13.635878,68.121688
19.683885,70.217702
14.640248,68.649618
12.226511,65.960275
18.935291,69.660358
14.191513,68.264211
13.616654,66.542621
13.310436,65.610776
15.237098,66.475439
14.010952,68.256385
13.200141,68.076537
23.979035,70.50156
13.550242,66.308052
18.943304,69.643321
14.193193,68.156215
21.561471,69.935784
13.146063,66.408961
13.614166,65.142058
14.335181,66.348195
17.075446,68.745842
12.42494,65.824401
15.516456,68.147827
14.52998,66.16612
13.64514,68.132337
13.154147,64.933801
22.971835,70.07096
19.785574,69.92316
13.769449,66.274872
14.495188,67.15415
17.909442,69.250271
17.894629,69.300971
12.429962,65.92254
13.178483,65.787652
25.218064,70.447466
14.26919,68.261037
22.997698,70.339812
19.012205,69.830378
17.959856,69.64018
15.287727,68.899922
15.292973,68.326512
13.747143,68.303356
23.93844,70.324903
12.277733,66.03985
19.387872,68.818706
12.281551,65.96899
12.262138,65.841778
14.080948,68.228761
14.737401,67.297418
14.621644,66.173209
14.253155,66.32855
12.287462,66.031495
16.592853,68.549754
14.000612,64.395169
18.563578,70.032641
13.974237,66.849739
13.835169,64.964459
23.244186,70.15747
13.703054,66.867476
18.924062,68.968926
13.623454,64.962653
14.401701,66.379597
13.773024,67.051645
13.090152,67.936516
15.667229,68.316772
12.252553,65.931393
18.903814,69.634382
15.347034,67.211501
13.999786,66.22187
12.995227,64.865773
14.514062,66.287093
18.883665,68.902901
16.614314,68.676107
13.628467,68.236123
14.871627,68.50209
14.033661,66.457796
15.748859,68.557873
14.434624,68.615448
14.804254,67.335407
13.831253,65.054168
13.229947,64.971521
13.751949,68.138975
13.589229,66.805504
14.531328,66.4041
13.865407,68.333401
26.408188,70.451163
15.095649,66.962116
16.174607,69.282382
18.970766,69.647852
13.604733,65.321455
26.003119,71.009353
15.097015,66.465175
16.40507,68.776965
20.796196,69.496213
19.006052,69.714291
13.887775,68.342736
17.181511,68.836486
14.286743,66.337182
14.424401,68.377377
13.723131,68.282068
13.661983,68.237415
15.235239,67.047546
13.222042,66.800274
12.336106,65.916485
13.508344,68.213969
15.731216,68.089292
12.744022,66.621615
13.646074,64.514124
13.39018,65.319317
13.774479,66.865429
14.230239,66.322796
19.934245,70.052899
25.372313,71.096116
22.954983,69.891722
15.018592,68.270418
16.593851,68.732555
18.932129,69.634351
14.064123,66.286811
22.723963,70.25293
12.219307,65.933847
15.109906,66.449312
15.396172,67.104056
18.578238,68.762723
13.185041,66.388978
14.262192,66.392842
14.563694,67.277776
12.48342,65.402611
12.273116,65.87953
17.182094,68.780223
25.036631,69.981343
25.045021,69.891722
15.580542,67.300531
23.234512,70.067868
15.196925,68.329623
14.086042,68.339841
13.618828,65.052357
13.969961,68.191604
12.58272,66.081473
23.205999,69.79905
13.024521,67.889731
14.820127,68.428948
13.013013,66.201897
13.773221,66.309968
23.540954,70.42272
12.256659,66.024392
13.694861,64.886281
18.035287,69.600824
15.200707,67.01598
25.330991,71.142526
18.129583,69.774178
14.662976,66.493866
13.547996,66.944357
16.978258,68.742354
14.405752,68.366891
19.476113,69.940825
15.260715,67.065917
15.230873,67.063256
18.9232,69.827606
13.395633,65.229628
15.385383,68.104194
19.131492,69.088479
13.189631,66.266156
13.781899,66.130583
13.302163,66.506772
12.561277,66.21795
23.486381,69.974801
12.675372,66.117905
15.606899,68.489425
14.462032,68.606757
24.830827,69.440608
13.564758,68.139747
19.839338,69.997709
13.65715,66.770204
14.98875,66.525626
13.786184,66.04089
14.786009,66.912558
23.406216,69.973051
14.40754,66.216679
13.194078,65.047832
13.746353,66.8481
12.988525,64.955444
25.596057,69.448461
14.4442,68.215649
13.741745,66.937784
14.376243,66.313567
17.254624,68.89027
12.197496,65.928154
13.839059,64.874746
15.821964,67.568598
15.587136,67.569616
21.148078,62.966841
23.794086,67.816742
21.63349,63.082062
24.220001,67.602805
21.921881,63.253612
22.009394,63.363168
21.368823,61.849724
20.21944,64.60162
21.11115,65.72225
21.559,66.11042
21.2738,65.28522
16.1446,64.36772
17.33659,65.32608
17.81954,63.17053
19.13265,64.16756
19.87285,64.69027
19.02693,64.16102
23.3223,66.43937
18.79189,65.97027
19.40745,65.02718
19.28925,63.74051
20.69167,63.81215
19.74701,64.85042
18.0306,63.71023
16.15483,64.10654
19.13822,63.89794
20.22225,64.82247
22.37078,65.54002
16.84011,64.62776
16.9663,64.20572
15.44186,64.69436
19.1636,64.60619
19.58417,68.23251
20.62569,65.5824
23.75494,66.56675
21.87344,67.98301
17.87268,66.04793
21.97515,66.01577
15.22872,63.7363
20.6566,64.70505
15.92536,63.73535
21.71904,65.84045
17.53974,63.51073
19.27889,64.11825
21.78822,65.72334
19.42156,65.58523
22.52939,66.31863
17.97966,63.98487
18.07163,66.04196
21.40755,67.83157
22.66512,66.43571
15.13967,65.03179
22.95624,66.2358
19.85531,64.37904
21.06396,66.10087
19.45131,65.30859
15.17596,65.33296
16.51161,65.85251
18.81944,66.19082
18.43311,66.9316
19.97064,64.53619
19.71841,65.52511
21.92468,65.46527
18.34869,63.25822
19.72483,65.94995
17.82058,64.3709
17.71116,62.61457
18.14201,65.1003
18.55042,67.41801
15.02716,65.83356
17.92855,63.19015
17.72713,65.63679
18.60923,63.56499
16.05027,64.85272
16.14015,65.16349
20.99782,66.75262
16.68414,64.35453
20.60462,63.81967
17.79487,64.91527
19.18446,63.52272
17.56829,65.22498
15.10384,65.33971
16.91417,65.80902
21.03096,66.1502
19.24236,65.24695
20.47507,63.84223
21.90243,68.04889
23.21394,66.20862
17.90552,65.41896
16.67981,64.19563
21.35666,65.1935
20.87094,66.23125
20.27941,67.06785
17.71545,64.32306
18.74877,64.04048
17.9989,65.56591
20.3159,63.78205
22.10496,65.67905
14.96854,64.88836
16.29973,65.92943
22.80037,67.25752
20.83178,65.79786
20.06266,64.78795
15.38122,64.96708
21.13236,65.06767
16.509,65.18534
20.1027,65.26712
21.59446,65.95704
23.46272,65.98186
19.97308,65.29286
16.14839,64.6933
20.14358,65.63701
21.62168,66.06419
17.17112,64.01776
19.29053,63.57334
22.25648,65.58957
16.55244,64.78885
18.62058,64.23976
17.54531,64.78535
19.94823,67.97843
20.0089,66.12203
18.16304,65.20679
20.67834,63.83122
19.38519,63.64095
17.96097,62.6262
17.43374,63.83852
20.33799,65.10224
16.13566,64.47546
22.85445,66.00281
17.09632,65.06575
18.52547,63.35202
23.26247,66.26927
19.52717,63.56707
17.43524,62.81817
21.14557,66.56393
15.43705,65.75176
20.03508,64.94369
16.28276,64.82353
17.04694,64.41233
20.59131,65.1121
17.96173,65.44505
18.95662,63.9716
22.4671,67.26001
19.66751,64.24295
15.3124,64.78832
18.40667,63.46631
17.90084,65.24882
17.15893,63.6147
18.08674,63.76874
19.47213,66.12021
20.14908,63.89338
18.11795,64.70557
20.9382,65.02467
15.86243,65.47461
17.66302,67.66897
19.48198,64.47118
20.56411,63.85552
20.40622,64.08118
19.17979,65.00627
15.34067,64.97239
18.58499,66.21614
15.66853,64.92909
17.67947,64.64992
20.18399,67.0619
18.71449,65.31449
19.81348,64.34517
20.78576,66.78198
17.78821,66.38152
16.93,64.36713
18.10978,64.0683
17.78627,63.04955
16.99465,65.01131
19.47272,63.45704
17.86658,64.91338
16.2383,65.28539
19.33033,63.45294
20.86306,63.91573
19.13076,66.1116
19.6722,64.35192
19.20965,64.44942
16.73504,63.92889
21.78125,66.33
20.28377,64.68897
18.57969,63.41807
19.25659,66.88843
15.97674,66.74522
19.33229,64.8992
22.2256,65.65206
20.41525,63.79647
20.74541,65.83204
17.7204,64.75635
17.15693,64.62865
17.73185,65.35051
16.73947,64.58569
23.8467,66.66031
18.08613,62.87088
22.91936,66.4104
18.94727,63.98667
20.67755,64.07751
19.63111,63.66665
20.14824,63.85511
18.25587,65.41658
16.54547,65.85263
21.80734,67.54908
20.22757,63.73688
15.68082,65.66515
17.16288,63.75739
20.57958,65.02575
19.06201,66.91776
19.87876,67.99517
17.62208,65.04892
19.23042,64.17399
19.91573,63.73298
19.72157,65.86098
21.2497,65.96057
22.43024,66.69908
17.93741,64.72768
21.47896,65.3582
21.42371,67.20902
23.00607,65.98348
19.26381,63.84854
19.05372,64.79047
18.83431,63.97028
20.65665,64.25748
18.15384,64.44621
21.86584,66.89625
16.63764,64.52828
19.30659,65.4536
18.88097,63.28964
23.49741,66.26989
14.50805,65.11887
20.41745,63.73465
17.65432,65.30898
19.63751,63.77322
17.56087,63.7963
20.01936,67.74516
23.22476,66.14261
23.17619,65.83145
22.18015,68.36432
21.67393,65.90206
18.63015,63.59647
20.91235,65.08311
18.66979,64.73703
22.1617,65.61481
17.33272,63.32198
20.25101,63.82593
23.55637,66.30458
19.02789,66.07997
15.52199,64.74948
18.04196,65.08854
17.30383,64.60655
15.64749,64.54417
20.77156,64.73946
17.34438,64.28152
20.92653,65.43095
16.20582,64.3177
18.78203,65.16137
19.75234,65.16321
16.85565,66.2379
20.32039,65.50902
20.39076,63.67038
19.348020000000002,65.59749
22.27791,65.56118
17.05615,65.76645
16.50889,63.53074
18.0821,63.50944
20.10943,65.30702
21.64311,65.2446
15.94899,64.46772
18.12598,63.77174
18.59519,66.33464
16.67874,65.02904
19.76768,63.46719
19.52195,64.04163
20.54213,66.81939
14.97952,65.06185
18.72395,63.77976
19.00308,64.56456
21.60976,67.10032
18.97347,64.35519
20.59368,64.90446
19.79909,64.4936
15.59453,64.55686
17.10914,63.27394
19.80111,65.20398
20.32965,64.82464
20.47954,64.8804
16.08841,64.45211
17.45046,64.35737
15.84836,65.00663
20.85273,66.61626
19.62993,65.93978
19.12899,63.77772
18.00856,65.44991
19.16861,63.68277
21.69108,65.88608
16.34631,64.79929
16.77208,64.04764
20.14227,66.00647
18.22524,65.39279
20.13261,64.78179
20.86493,65.18951
21.03615,65.66663
18.2918,63.30938
18.33761,63.05359
22.85227,68.25693
18.47006,64.59283
23.39819,67.20806
18.80612,64.05315
20.30096,64.44133
21.75826,66.04623
21.82271,68.00731
18.60022,65.27223
17.82382,64.28014
23.15661,67.24683
15.80157,65.23828
18.02739,65.84444
20.06528,65.91585
16.49687,64.26783
21.93829,66.24433
17.15359,64.18913
23.29113,66.04774
17.63588,66.61242
17.25826,65.5052
19.87698,65.3548
15.58281,65.76378
14.21305,64.87777
18.28647,63.58278
23.36747,67.08695
19.83077,63.56368
19.05448,63.2329
17.48057,65.09538
17.98654,64.28703
20.79654,66.61042
23.08052,68.00705
20.63447,65.18747
18.81238,64.38345
16.2006,64.38209
17.53447,65.90806
20.404419999999998,64.4705
18.61991,63.57957
18.8299,64.42188
20.36351,66.68696
17.95252,64.47822
21.07888,68.44059
21.54997,65.82692
16.41388,64.54658
18.56717,65.647
21.62186,65.94911
19.71925,65.1831
18.15601,64.36397
19.92116,64.44499
18.73322,64.87838
22.50385,66.42475
19.73717,63.53037
19.3236,64.11504
15.50219,63.80985
15.68794,64.90159
16.92507,63.25781
19.83258,66.32143
19.25289,65.6986
20.40194,64.67357
20.56469,64.23306
20.24848,63.66578
21.07029,67.04352
17.27997,64.7084
19.19375,63.7634
17.81846,64.38575
18.48917,63.66143
13.75242,64.64882
16.79762,64.92337
20.18889,64.69357
20.82288,63.65923
20.65311,64.43619
16.73052,64.87932
16.88328,64.3091
20.15699,64.26978
18.28994,65.96301
20.32634,65.90454
21.25608,65.15723
17.77497,63.80239
19.0492,63.39728
21.29501,67.14005
17.76036,63.06632
17.00224,63.91728
23.21601,66.08649
18.83953,65.80219
15.07208,65.17671
17.68323,65.29049
20.09445,64.00306
15.1448,64.39539
16.7408,64.23975
17.05875,64.20008
17.20162,66.28644
22.202,66.23085
21.38377,64.43657
23.03976,66.03861
19.86679,63.76283
22.69346,65.99212
21.05638,66.43749
17.26028,64.54206
21.11547,64.63504
19.5179,63.83446
21.22316,65.8505
20.3246,64.39806
16.91369,64.91461
18.5863,64.52078
16.01883,63.59206
21.91732,67.52935
18.08524,66.3004
20.76714,65.05719
20.96409,64.51976
22.81657,66.71864
18.76882,63.45193
18.66544,63.98818
15.5636,64.7179
20.96404,65.04356
14.10838,64.62643
19.13438,63.51548
21.53496,67.11558
18.3172,64.72827
15.68418,65.49764
22.53973,68.42093
17.86708,64.99503
18.74951,64.9292
21.56772,65.95024
17.38513,64.67815
18.60572,64.40662
19.04131,64.92151
15.89709,64.94246
21.49616,65.85278
16.45419,65.86168
17.29287,64.63919
16.036740000000002,65.47382
18.32625,64.8756
14.82897,65.74186
15.89193,64.86966
17.57357,62.89912
20.86951,65.76578
19.24318,64.79771
17.59138,64.80058
22.81217,66.30754
23.52496,66.11453
19.19381,63.87931
17.73367,66.571
23.38487,66.89405
21.65229,65.99457
16.63125,64.44273
17.39179,65.66777
20.55108,64.92841
18.2096,64.63395
18.0225,63.84239
21.42824,66.49256
15.70724,63.89702
23.11875,66.03447
17.69604,66.56289
19.79415,65.15016
17.01536,63.14104
18.68504,66.15071
19.82407,64.27093
21.4854,65.41952
22.3208,65.64163
17.5311,62.63764
17.82527,63.39094
20.62028,64.98214
16.78441,64.41695
21.02875,64.25734
17.97488,63.3675
22.0144,67.47492
21.65414,65.23293
15.92802,65.16603
20.77439,64.71917
17.08589,63.59773
18.79253,63.29777
21.34317,64.53631
18.21526,63.72985
20.26416,65.94911
21.22665,64.68632
19.07183,63.71034
16.57756,64.46387
17.36225,63.19901
19.751,65.64785
21.273,68.34296
15.86734,65.33021
19.63821,64.91445
21.5533,67.74621
19.76847,66.29075
19.84969,64.91246
14.78478,64.34739
14.62642,65.08396
20.39748,63.85388
19.20436,66.8238
20.5576,65.28595
17.68927,65.24016
17.99045,64.74134
16.27334,65.42961
20.3336,65.69723
16.4434,65.29021
22.35538,65.79474
18.02125,63.81458
16.92567,64.47055
22.80964,66.24856
20.64134,65.7073
16.2198,65.72221
16.86907,64.62495
20.71633,63.83474
19.11777,65.64907
18.84237,63.28665
20.06404,63.88076
17.03542,63.41248
17.86862,64.09913
18.69937,65.25786
17.09043,65.05657
19.29437,66.47878
19.24335,64.03906
19.90827,65.59171
19.93379,64.91127
19.64192,65.15725
18.54058,63.68006
23.52831,66.03707
23.70419,66.04108
20.64142,64.20137
17.62127,64.52414
19.82246,66.06185
20.0733,66.06271
18.75714,63.25663
16.03281,65.61433
15.4891,64.54104
17.03891,62.88625
16.41774,64.60145
18.59068,66.34909
16.21361,64.35834
20.15236,65.27128
19.89645,64.91232
22.39817,65.95063
20.86115,66.21567
20.05298,65.94151
20.98254,64.226070000000007
17.65127,65.65461
16.75473,64.49332
17.20001,64.52999
20.29629,64.56859
20.84899,64.24658
17.42052,64.5029
20.7196,63.84794
19.24904,65.40998
18.09828,65.98136
18.76792,63.26427
17.5157,63.68644
16.72813,64.73789
18.93223,65.03177
17.61559,65.66348
20.25091,66.50502
18.85898,64.96163
21.70778,65.76256
19.61623,66.13888
18.49655,66.44351
15.70364,63.59918
19.36249,64.151840000000007
21.85296,65.74925
14.97036,65.4031
16.71006,65.822
19.83277,64.06197
17.34376,64.96313
18.31408,64.31867
18.73268,66.29861
16.83331,65.82032
16.92116,65.58309
18.27994,63.70542
19.78078,65.06806
23.35997,66.83495
22.36143,67.06177
15.41618,64.63726
21.50967,64.43922
22.2308,66.63914
19.96566,66.3282
21.33963,66.06214
21.10276,64.34687
19.6287,65.44047
15.60662,64.75939
17.23011,64.60602
22.15563,66.56016
17.83756,64.66997
19.31645,63.87326
21.00092,64.48922
19.70513,64.21102
17.52254,66.40083
18.73121,64.53222
20.58691,65.63982
20.50162,65.10393
20.54981,64.42016
18.45524,64.73176
17.73993,65.02245
20.86651,64.68318
20.88503,66.23964
21.08977,64.58261
22.2729,65.86408
20.70154,65.63363
21.6902,65.7693
23.61378,66.63364
20.95364,65.7635
20.5866,65.3377
15.93828,65.18558
19.90245,66.35615
20.47824,64.85822
19.99825,64.14574
19.69625,63.58344
19.53175,63.71329
17.46489,65.43925
18.49117,63.24445
19.85518,64.09531
22.55294,66.94114
18.68259,63.32875
21.08975,64.55702
16.58025,65.05987
21.66518,65.92972
17.03928,64.33948
21.70882,65.60711
16.31735,64.65656
21.41789,65.7423
20.0573,65.3411
20.01172,65.35665
19.83406,64.03654
16.86732,64.12622
16.62643,63.32868
20.24917,67.83811
19.32518,63.84667
21.66942,66.07891
16.59542,64.6854
20.18611,64.84515
17.71721,65.1258
17.48525,65.63013
17.9036,62.6115
16.7213,63.88565
21.59724,65.75028
18.30057,68.42382
17.36184,66.40032
21.25867,65.93558
18.89034,64.51693
19.06098,65.30697
19.53535,63.80107
17.68054,63.00628
14.87115,66.06887
17.02643,63.89061
19.7097,64.85267
21.67072,65.80011
16.64386,64.14072
20.5098,63.95856
21.69517,65.85268
21.3275,64.579
15.38478,64.58293
20.35034,66.65462
17.91985,64.21096
19.96315,65.11337
19.55602,64.77193
19.23971,65.20702
19.72459,66.67512
18.37025,65.33343
20.73698,65.50221
20.01135,64.97709
18.30613,64.67138
14.61359,65.09362
17.04421,65.64737
16.82013,63.85882
16.30512,64.00465
22.08111,65.94219
17.10314,65.68866
19.52452,64.52526
22.41501,66.19776
21.20393,66.13667
17.98456,65.25597
17.78549,62.62913
17.6527,64.74024
20.10707,65.03624
19.81961,67.80394
18.96403,63.19554
16.85547,64.20265
19.77785,63.54997
18.60424,65.90397
23.62653,66.15539
21.91472,65.4894
20.4984,65.62879
20.40636,63.78232
14.61169,65.72216
22.18059,65.58172
21.03833,66.79266
16.66849,64.75153
19.22476,65.07666
20.36934,65.8307
18.01283,64.83091
18.33204,66.40543
19.32538,63.5306
18.94136,63.58794
17.00147,64.90378
18.36487,63.06559
20.58431,65.18515
18.58861,66.39727
18.79454,63.63308
23.78896,66.66437
18.54919,65.39701
20.71207,64.51465
18.88758,64.90018
17.59122,63.2418
18.28894,64.83731
20.73671,66.37399
19.482,64.90603
20.8129,66.68516
17.62456,65.30056
22.81721,66.33504
22.5197,67.00639
18.04413,62.96366
20.29822,66.10268
19.4232,64.95555
18.20029,64.99489
17.73278,65.70616
21.16035,64.23161
15.33523,64.33888
19.40201,63.65422
17.75188,63.74264
17.00514,64.37671
19.38704,63.50529
19.1501,63.44573
20.82744,64.13963
17.31522,65.66739
16.27251,64.58707
16.77492,65.61134
15.96306,63.65563
17.66895,66.60111
23.5075,67.19227
20.14712,64.55633
16.1979,64.697
19.29893,63.97151
21.53084,67.44741
23.45485,66.0304
19.29879,65.56278
15.98751,65.34513
18.93158,64.35415
21.63812,65.89319
17.19027,65.74919
17.90269,64.90805
18.85516,63.35929
17.8812,63.29939
18.97591,65.21826
17.52438,63.8926
20.95709,64.26106
16.79822,64.4358
18.27115,66.8617
23.40579,66.65871
18.06918,63.99349
18.98099,64.30047
17.74324,63.71941
19.36874,65.46212
23.59245,66.29782
17.37529,63.29728
21.81525,66.06479
16.22577,66.03853
23.86389,66.65233
17.82843,63.74387
18.00937,63.37579
17.94905,64.77879
16.94377,63.11255
19.82635,65.00472
21.36785,64.50161
18.33242,63.30309
18.52789,64.41631
20.34189,65.83342
19.44277,63.66465
20.54133,64.63844
16.63208,64.37827
19.88846,64.96227
20.52248,66.3959
22.25882,65.62996
18.18926,64.69671
19.83742,68.02307
16.59322,64.96154
21.66915,65.65775
17.08783,64.25461
16.40573,63.82711
20.70383,64.19977
19.18061,65.43044
23.45848,65.91664
20.37227,64.89721
21.66776,66.13878
20.85806,66.26175
22.61316,67.29931
20.32416,64.44122
20.63807,64.54043
16.55988,63.37717
18.50933,63.74637
15.26156,64.81067
17.37238,65.51606
16.65105,65.82296
18.63288,64.55551
21.21259,65.116
16.41344,66.49978
21.42922,66.07687
21.22216,64.8597
14.49845,64.39927
18.40605,63.24223
19.39102,64.79021
15.04039,64.81129
17.83984,62.67246
18.31072,64.02197
17.55805,63.99845
17.69727,65.37669
18.06154,65.20224
20.90931,64.75132
18.12039,65.51542
20.65842,67.85701
22.44424,67.07001
18.27392,63.40796
17.86885,64.6316
22.28353,66.04601
21.00191,65.11303
18.04432,62.60014
17.24757,65.5987
21.23552,66.02007
17.58822,64.3071
20.59146,63.94419
21.07399,64.87287
21.09659,65.07979
22.90099,66.76912
17.37103,63.47589
16.41545,66.4853
18.44372,65.2681
19.93417,64.43045
21.8007,65.63101
18.30994,66.11613
17.79295,65.47395
20.26325,65.10762
17.87124,62.67782
15.58305,64.91724
17.31025,63.27375
20.75339,64.30758
18.68971,63.59092
20.43064,66.39982
18.55463,63.62071
18.49603,63.80225
19.4,64.94935
17.86134,63.38191
18.98265,63.71087
21.23519,67.20831
15.79142,65.36038
17.55037,64.23618
21.97171,67.33223
21.9512,65.51159
18.58284,64.73168
19.06959,64.9442
20.59145,64.8228
16.718,64.32302
20.3959,63.69506
19.37769,64.94099
20.88645,65.84488
18.20443,65.99661
20.20497,65.2519
19.13105,64.84476
16.3146,64.28273
17.53395,65.37146
17.17222,64.28833
18.35516,66.40304
22.24537,66.97085
19.6814,65.54314
17.76537,64.4174
21.19962,64.30201
18.28501,64.47468
19.5722,63.94091
17.36053,62.87568
20.34431,64.78758
18.29696,63.94975
23.02406,66.11622
21.14842,65.68464
17.47792,64.77994
20.32054,65.06068
18.10538,64.43664
23.34597,66.58761
21.56471,65.80974
16.76336,64.17345
17.62711,63.94558
15.8464,63.96853
17.47498,64.27877
20.82965,64.63132
22.06743,65.97744
19.83457,68.08586
20.98262,66.53104
21.7557,65.74199
22.93397,65.89162
17.08904,64.07076
17.09941,64.70999
17.8582,63.16302
19.82747,66.65561
17.56693,63.59069
22.16078,65.85649
15.738340000000001,65.50419
22.04121,66.28705
18.65969,66.23862
16.39226,64.53843
17.10757,65.38526
17.78964,65.62259
19.77037,64.60931
15.84328,64.61695
19.41054,64.7472
20.61889,64.90841
21.61016,65.48838
19.75215,67.01939
18.07279,63.83619
20.8596,65.58095
18.86886,68.35129
17.83525,64.82668
15.02784,65.93536
17.02415,63.64924
17.57561,63.57493
15.35324,65.74497
22.79946,66.40491
21.20141,64.94788
21.0678,64.22816
18.19257,64.60622
17.69256,63.27541
19.67943,64.00383
19.87479,65.62112
18.21723,64.29821
22.6804,65.95767
19.79882,63.91172
21.34058,66.12261
18.02673,64.08061
19.0455,63.46328
15.26275,63.97529
21.3177,66.058
21.73984,67.05989
18.07799,64.28428
18.13204,63.74555
17.82083,66.06229
20.45594,64.22793
20.85825,64.4968
16.85471,65.4232
18.85996,63.67902
20.05492,65.0285
17.75464,63.00728
19.1045,65.22796
19.74278,64.56519
19.26245,65.13298
20.55371,64.28796
17.58095,65.34356
18.02671,62.8595
23.51989,66.56653
18.94947,64.39428
20.07535,65.01235
20.52765,67.85405
19.61618,64.76362
16.2719,65.6877
14.68911,65.41502
18.08191,63.4493
15.99928,65.11154
19.0597,65.29707
17.07143,63.96872
17.29704,64.02965
18.49095,63.87544
16.87993,63.99858
16.72055,63.67431
20.4135,65.86073
16.19699,65.14468
17.8552,66.89801
16.49853,65.4093
19.47048,63.58248
21.3143,64.4739
19.11046,64.27857
19.10478,63.53303
19.1808,65.59985
16.7461,66.52074
20.10477,64.62668
19.86749,64.63084
23.58008,66.75171
23.28599,65.9475
18.30317,64.58821
20.11889,63.83497
21.27627,64.96104
19.80243,63.8863
18.78278,68.36066
21.46517,64.47029
19.44907,64.48252
17.76926,64.6846
20.9097,66.23435
20.60195,64.6328
16.64607,63.18569
21.24179,67.04101
17.4253,65.60249
17.68196,66.06503
19.51905,65.58881
19.57844,64.51138
20.80231,64.97536
20.09467,63.85097
19.13523,66.84455
17.75709,65.07826
17.67437,64.44038
19.13844,64.02831
15.26981,65.75771
16.77989,64.58219
20.59337,64.1499
19.4751,64.527
17.50859,65.52526
17.32035,63.97324
15.46773,64.60646
19.12097,63.83753
17.39742,65.70897
17.24728,65.16414
16.17515,66.65433
20.25923,63.97947
19.20382,64.59459
18.51021,64.85867
17.15311,63.81434
23.19959,67.73358
18.65549,64.20047
17.08531,64.72462
18.5259,68.25924
17.58167,62.9967
18.30204,64.61997
21.00351,65.6956
20.301,66.44957
17.42306,62.72977
21.82117,65.93373
16.85218,64.74154
15.93432,64.80789
19.6958,64.96158
18.83192,63.69128
21.51432,65.74693
18.53604,63.19089
20.42691,64.98146
18.36862,65.46746
19.56675,63.96554
21.750610000000002,66.11876
16.99802,63.18755
21.4169,65.99919
18.07795,65.3952
19.3905,65.8909
19.469360000000002,65.88726
18.16606,65.14177
17.71538,66.0635
18.57056,64.36986
20.45636,67.97668
19.18738,65.76803
18.46558,64.49167
17.60472,64.881
21.12621,65.70997
15.69951,64.93285
16.48959,63.39669
17.77167,63.03574
20.64119,64.52821
20.04787,64.00854
19.74391,64.80082
18.8188,64.29789
20.55403,63.73744
20.89487,64.9383
15.55748,64.06762
15.72553,64.63811
20.72277,64.92938
22.33232,65.54249
18.63374,63.30221
21.02648,64.6333
22.24865,68.4487
18.42815,65.81305
19.76847,63.91581
17.45673,64.7322
22.15663,66.26553
19.0289,67.86071
18.62653,65.49662
21.07,64.90135
17.84196,65.01195
17.11507,64.67342
21.62706,65.31954
20.51504,64.84534
18.63935,64.29343
16.12396,64.49947
18.00781,64.09901
19.53968,64.84998
18.80967,65.08668
21.08894,68.38706
16.03825,65.25471
19.21781,64.74104
17.98979,63.27242
22.83737,67.64769
18.47032,63.57665
17.41028,64.01322
16.53153,65.23882
20.33886,63.68667
17.97047,63.32036
19.95465,64.81755
20.09554,67.7523
16.75278,64.20507
19.65501,64.40586
20.23875,63.98204
18.18329,63.01521
18.58123,63.16296
19.77607,63.62757
18.73846,63.8236
21.21191,64.41991
19.35728,63.51123
18.98096,65.84644
20.74217,64.36666
21.77475,66.8011
16.82112,64.05064
19.61499,65.77628
22.89471,65.93058
20.33038,65.35105
18.26547,64.59662
18.53615,66.39425
16.99068,63.50106
15.68466,65.23349
19.68326,64.71605
16.13338,64.88145
17.73865,65.37292
19.54239,65.79084
19.06899,65.67984
19.91416,65.81933
21.21451,64.49007
19.83171,66.91317
19.30598,64.84282
17.48317,64.82033
19.37728,64.61284
22.54938,66.05278
19.21005,63.9157
17.00089,64.65003
14.01596,64.73242
22.09298,65.61832
20.46469,65.04898
17.07451,65.89305
16.61986,65.83196
20.04903,65.21667
18.97484,65.61298
22.04374,66.31145
21.90768,65.42583
19.72293,64.38702
19.08413,65.13444
20.00343,66.54528
18.58829,63.52743
17.76165,64.4488
18.03003,66.10432
23.66604,66.05191
17.89353,65.32208
17.85356,63.10769
23.26128,66.78493
17.65592,66.53839
23.21494,66.18674
18.47384,64.61387
20.18294,63.85551
14.76887,65.41835
16.21141,63.46572
18.61052,63.291
18.09565,62.75162
17.1051,65.25934
18.17155,64.99847
16.26013,66.55034
17.32449,65.52976
22.00753,67.97704
18.89494,63.79971
19.72337,65.07837
20.5346,64.46909
17.44991,65.86059
16.98901,64.42613
20.48061,64.45253
18.51053,64.38433
19.7034,63.99583
17.04543,64.89186
18.47606,63.86538
19.01298,64.26197
20.85089,65.16733
19.28995,63.98332
15.87906,65.16412
18.24568,66.04846
21.60737,65.96655
18.20755,64.39215
16.28575,64.42671
19.10487,63.96119
18.25523,63.12574
19.93168,67.0141
18.74324,65.26073
17.52097,63.29919
23.431,66.89258
22.75935,66.52152
20.95038,64.58572
20.94715,65.17402
20.26967,63.8116
21.23082,64.72116
17.38006,65.2751
20.58078,65.01528
18.61281,63.40845
15.77948,65.49794
20.74342,64.27547
15.7744,64.48983
14.17429,64.46877
16.70611,64.98113
19.36772,63.46788
16.87934,63.44738
20.94819,64.96861
15.74264,64.71822
21.47298,64.44681
20.15936,64.82225
20.54907,64.30317
17.15356,66.30249
15.00284,65.85555
14.99698,65.74567
21.08765,68.40097
22.17394,65.592
16.47447,64.8122
17.30934,64.89854
19.27841,67.86364
18.3719,66.38614
17.01863,64.44843
19.87639,65.23037
20.10909,63.71088
21.34816,66.60301
17.42195,64.40744
17.30883,63.78777
21.80809,66.17011
16.5395,63.31861
22.22467,66.23241
23.78419,66.53218
19.96755,66.11271
16.43813,64.25315
20.89286,63.99209
22.34642,67.99636
16.38604,64.70873
21.1876,65.84923
19.38703,65.2065
18.72869,63.28449
23.25121,66.53599
15.08912,65.74272
16.98634,63.65777
22.03251,66.04014
18.31755,63.07288
17.66129,66.47852
16.45101,63.75916
20.94294,64.83499
16.42738,65.17771
23.49321,67.67481
21.0862,65.0443
17.52595,64.91228
17.70426,62.77732
18.26474,63.31165
20.57276,64.76883
18.77624,65.54995
20.55415,63.90005
20.18985,64.47851
19.09249,66.33539
16.38634,65.29632
18.24462,66.31417
18.26279,63.43734
23.78201,65.98587
18.59505,64.56656
18.95412,68.34649
17.7302,62.62543
21.67871,65.87861
20.53577,65.83815
20.8772,64.09113
20.29412,63.75076
21.71439,65.8244
17.08648,66.27154
18.57958,64.84549
20.21857,63.75339
16.79152,65.21622
21.98618,66.56216
18.11775,63.45321
18.40116,64.08004
23.21631,66.68887
22.92562,66.38553
18.5876,63.5459
18.50898,66.43239
18.45549,64.44983
19.40435,63.95698
19.5146,65.14367
18.22065,64.24366
17.2987,65.69222
14.71902,65.72845
17.82756,65.8395
20.91451,64.57574
19.10483,64.55625
18.9658,63.79575
18.85,63.86796
18.68894,63.9908
19.81528,65.03559
20.88573,64.77691
18.94957,65.12775
22.83558,68.3739
21.91471,65.78708
22.87252,66.8218
15.52817,65.24917
20.23435,65.27703
22.44008,67.01177
21.23867,65.78561
18.359,64.15946
16.97876,64.01174
21.36918,64.52534
18.28318,63.07729
20.35629,64.96113
17.05259,64.45668
16.19653,66.01306
16.8081,64.83524
21.11088,64.70764
18.22267,63.15351
19.11522,66.61465
15.54173,65.7061
19.04706,65.99768
17.57825,64.07584
16.79091,63.62957
22.23303,65.56712
18.02868,62.60813
15.191,65.57948
19.69499,65.01485
19.2106,64.3997
20.85262,63.96714
19.24258,65.0717
18.22177,65.07977
16.15975,65.04706
17.29143,65.32285
17.73567,63.22758
18.40688,63.59845
23.16983,66.73633
16.00085,64.39175
16.26562,65.94225
22.40089,67.42437
19.3086,64.94506
16.20505,65.06697
21.07416,67.00604
21.50555,65.1429
22.41464,66.15396
17.62884,63.00264
21.89084,66.36061
23.68212,67.0472
20.26793,63.67459
17.67878,64.66892
18.44536,64.52573
18.36835,63.16873
21.68292,66.00874
18.49053,64.778809999999993
18.02068,65.24337
19.32288,63.95492
23.79392,66.5197
17.5413,66.05557
18.04841,63.77969
18.11644,66.05879
17.9682,63.82301
18.37283,65.99041
18.95761,65.87703
17.12187,65.89322
15.80109,64.46645
16.06852,65.96285
20.75808,63.59715
17.15263,64.27777
20.18973,63.64939
17.57682,65.82031
19.80572,65.9085
16.82063,64.11127
20.90509,63.6947
20.31373,63.7031
20.48912,65.94229
18.62916,64.07725
20.22654,63.8364
18.02389,64.24782
16.79587,64.04439
15.08082,64.83559
19.4998,63.69455
22.92278,66.96779
20.56976,63.9165
22.53875,67.07997
21.67777,67.67943
20.98784,64.84564
20.58304,65.17328
18.40662,65.52615
19.84321,66.12878
19.62615,65.01413
15.11167,65.78148
16.36694,63.41343
19.60402,63.70054
20.21858,64.54186
20.05234,63.68068
16.70832,63.28084
17.9156,64.69429
17.69235,64.98779
20.31025,65.81734
18.36729,66.05455
19.99625,65.60647
18.76533,64.10176
16.67087,63.82968
17.87935,63.87408
23.47481,67.73642
21.79895,67.37056
23.11327,66.44814
21.12539,65.16717
20.5198,64.9361
17.08143,64.03004
18.17719,63.66227
17.94682,62.55493
19.96535,65.33514
20.07247,64.03758
21.52692,65.96124
20.14773,63.96484
17.69614,65.17643
22.10864,65.65939
22.16169,66.81174
18.39436,66.22925
16.13389,64.73494
16.36067,64.78149
17.58591,63.22032
21.49321,65.33305
23.01354,66.06672
19.67565,64.32352
22.68397,66.68339
20.31742,64.53161
17.15053,65.54246
22.941,66.79414
21.10631,65.02361
17.91046,65.99749
21.12644,67.14309
21.73762,66.3165
20.10295,63.73431
21.45318,66.9215
19.91402,63.63576
23.21966,67.58113
19.43943,63.52729
21.20885,65.02753
20.29913,63.93639
20.95441,64.934
20.37037,67.9481
17.43261,65.44631
14.87224,66.05528
20.80008,65.06383
19.34677,64.53441
17.48802,65.5517
22.71253,68.32885
18.3642,66.00918
16.21024,65.95826
18.92135,65.69685
19.86154,64.88467
18.8632,65.58137
21.19858,66.99252
22.3013,66.57825
20.272,63.82148
23.04785,67.21901
15.79351,64.86413
19.78601,65.23956
15.75624,65.24029
20.29748,63.80643
20.95158,64.66275
18.24323,62.93629
18.60231,66.36321
17.399,65.01766
15.44891,64.62894
19.91678,64.15077
18.66323,65.92347
20.34569,65.90925
20.5848,65.87305
21.01547,65.1346
15.92513,65.32663
22.26757,66.89156
18.34437,64.07501
21.9232,67.01277
21.62424,65.82627
21.01096,64.82968
17.49548,65.05515
18.48588,64.75953
19.80718,64.4003
22.94311,65.9938
20.68733,65.35819
17.82724,62.70456
23.50113,65.86739
23.33882,66.69397
18.52904,65.2078
20.57382,65.7849
20.74612,63.89667
17.30611,65.2328
17.28777,63.33732
20.89298,67.12166
17.81785,64.54667
20.69191,66.83419
21.29897,65.54023
20.32225,63.76468
19.80721,65.92294
20.98596,64.83509
16.4158,64.20819
17.63157,62.65314
14.81532,65.42246
22.1136,65.94455
16.6365,65.3275
19.22132,63.66696
18.18973,63.32996
20.43549,67.02323
21.31363,64.99488
17.91988,64.63886
21.57909,65.84122
23.00814,67.25808
19.32216,65.63516
22.75695,66.50223
17.79956,64.25249
18.79789,65.84695
18.94233,63.93696
21.34067,64.31926
17.53582,65.08695
15.02137,65.95482
20.10104,65.11923
22.54675,67.1902
19.62589,64.99425
20.6793,64.58347
20.38601,63.78119
18.75318,64.0564
16.97506,64.10727
17.16963,62.93899
19.43865,67.86329
21.81746,68.1961
15.88691,65.4799
21.73628,66.01483
21.63535,67.97798
20.58622,65.81498
16.21091,66.62772
18.77201,65.78626
18.60039,63.65478
15.57802,64.45325
22.82453,66.25754
20.03145,63.88448
21.89606,67.34351
16.89793,64.96532
16.11726,64.3212
19.23876,63.64689
18.76752,68.36902
19.9938,63.69578
18.43875,66.04231
23.47732,66.6297
20.70824,64.11808
19.72499,64.71386
21.01684,65.23905
17.74236,62.92971
22.15166,67.43564
17.93635,62.63359
16.9551,63.15383
23.42123,66.84897
20.90882,64.7604
15.29705,65.57787
18.29411,63.29271
21.06124,67.19928
17.4402,64.81865
18.59154,63.60518
14.73569,65.05036
16.36486,64.54806
20.88233,64.14051
20.25085,63.7173
20.8983,67.10397
22.65377,67.17634
19.34638,63.71422
17.32576,63.41486
17.24676,63.46963
21.67877,65.81432
19.08244,63.59476
17.68936,63.83622
22.59469,67.2137
20.64981,66.42886
18.06905,65.75301
18.5542,65.91803
20.29972,65.6221
18.30649,64.17878
19.60126,64.61615
20.90718,64.98807
14.7696,65.84794
17.08182,64.7548
17.07033,64.53901
14.70426,65.84272
15.28307,64.94626
18.6506,68.43439
22.30962,65.7711
19.4467,65.24788
17.83357,63.86435
19.18084,64.07229
23.45522,66.62241
19.3569,66.07008
18.61652,64.21213
18.00351,64.63305
21.16774,66.01361
22.29857,66.20078
20.99173,64.61543
20.80097,64.10461
16.39824,64.49132
21.92758,65.6545
17.20847,64.77694
21.33399,65.64162
16.73644,64.7616
21.97319,65.64984
18.56662,63.63987
20.93837,64.08734
21.21941,66.30534
16.25387,65.96453
16.7765,63.32109
18.79615,63.7477
17.53167,65.33799
17.61129,64.34215
18.17293,63.87032
16.7424,63.17232
17.77631,62.93424
22.60941,66.43437
20.77372,66.79663
17.586,65.48158
19.02758,63.56936
17.3667,64.05376
15.36256,65.25466
15.88223,64.53347
17.56584,64.50517
19.27308,64.88858
18.14516,66.00994
17.32449,66.06486
19.75869,63.72991
18.80596,65.82843
20.19189,67.87151
17.2128,63.59994
19.41233,65.97268
15.09295,64.75471
21.20651,65.67521
21.45554,65.95185
20.74559,64.64785
20.2113,66.13213
16.5102,64.64718
15.952,65.4856
17.80657,65.26558
19.83239,64.48542
20.12542,63.8239
21.13333,66.3714
17.81853,63.1903
23.01118,65.87775
17.42773,62.78187
17.8078,63.40962
22.17205,65.98866
18.75453,68.33114
22.81516,65.99257
21.99039,66.23627
17.38676,63.21297
16.042,64.48244
20.86671,64.94073
21.01816,64.86508
20.6857,63.8713
16.07558,65.59068
20.38421,65.16282
18.3992,63.16326
22.71705,66.0713
17.58108,65.17529
15.49279,65.23197
15.09834,65.09365
16.04274,66.71799
22.31822,68.42468
19.69907,65.40983
22.10645,67.04333
19.36405,64.81842
20.49081,64.27061
19.84917,65.2523
17.87316,63.3708
17.73545,66.37177
20.78977,64.81333
22.25087,66.57894
22.16955,66.09982
21.9175,68.21714
15.86677,64.57301
20.54745,64.02609
16.71461,64.41944
17.42636,65.40171
19.40436,65.37624
18.59191,66.38352
16.16485,64.75557
22.89044,65.94453
22.89585,66.70858
19.36055,64.66824
15.35601,65.49073
18.58697,65.56897
19.61286,64.63343
17.87161,64.14068
17.69037,64.88869
23.16205,67.57479
21.51647,66.24677
21.13887,67.20056
18.64641,64.63318
21.00886,65.68381
19.47665,66.03735
19.78811,65.58992
18.06016,63.57328
16.87605,65.61294
19.33985,65.82489
17.84519,65.22995
19.84096,63.77171
16.13291,63.73251
21.5581,65.73593
23.35706,67.10226
16.82315,66.2417
21.69815,65.8346
20.16029,63.83022
15.56817,64.47773
21.28312,64.69036
20.4103,65.97775
17.70736,66.48158
17.99947,63.71535
20.36206,64.54448
17.47242,64.5543
23.18659,66.44072
20.08732,64.71408
18.02568,63.93788
15.79977,64.54069
21.50366,66.01962
14.83672,65.0644
20.00094,64.1008
18.87341,64.70025
23.90925,66.77217
17.20257,65.34977
19.0118,64.08566
19.26864,65.83091
22.118,65.63758
23.0833,66.71505
18.94744,65.97142
20.37079,63.70768
20.65048,64.16252
20.15443,64.47019
20.60049,63.89057
18.8713,64.54189
17.2557,63.55807
18.41403,63.378
23.15079,65.99235
17.00097,65.59288
18.49399,65.92657
21.96517,66.20577
18.27225,64.43457
18.60587,64.02386
19.73829,67.10115
16.55023,64.72502
21.18834,67.1516
18.58943,67.05849
21.76039,66.76038
19.75039,64.42875
21.62549,65.78051
20.70685,65.58436
20.12365,63.65439
17.11377,63.53641
18.81535,63.94245
17.89899,62.9643
17.18748,62.81485
21.07916,64.51875
19.17436,64.46099
19.21675,65.37126
20.90393,65.15401
17.16566,66.25517
21.56213,66.2188
23.05312,66.75831
17.92665,63.86061
19.63444,66.04534
18.46474,63.28277
19.82689,65.10026
18.75619,64.31396
21.48109,65.71432
19.34013,65.98005
17.85096,64.78408
19.03689,68.34873
18.08677,63.49231
19.97789,67.05251
20.2049,65.06346
16.41103,63.81096
16.04223,65.21452
21.55098,67.10267
18.80916,66.12692
22.29958,68.40172
20.11233,63.99027
22.84082,66.33026
23.81679,66.69865
17.31051,63.64818
18.54451,65.05214
18.71934,65.97629
23.64555,66.28389
18.51807,64.24099
18.73082,64.6519
17.54342,63.01114
17.67827,63.01649
19.94578,66.17765
23.31879,66.11351
17.58737,66.39457
16.40352,63.37703
17.92838,66.24117
18.25839,66.87621
17.77938,65.8015
17.89194,65.90957
21.81655,66.79885
19.46539,64.97627
20.52587,65.84892
18.00156,63.35942
21.82419,67.32908
14.84632,64.88346
18.06544,65.68729
18.7107,65.90272
19.35735,65.9865
19.48467,63.8659
21.21271,64.61279
18.78705,63.97546
18.60923,67.4117
17.19765,64.89721
16.82554,64.1593
19.68114,63.5749
16.64272,63.30176
18.17083,64.88602
18.63639,64.37805
21.01169,64.92671
23.43946,66.92066
17.24716,64.61244
18.03728,63.8025
22.29059,65.59279
20.72578,66.64977
20.95602,64.34686
20.06278,65.07582
16.74391,63.39572
21.4997,66.15261
19.04128,65.81674
21.00644,64.23229
18.69011,65.89163
20.56686,63.74881
18.69588,65.38002
18.93889,65.50288
19.60379,65.88339
17.57821,62.70106
21.50722,66.84401
19.07309,64.90619
18.94282,64.49883
16.78981,64.3199
20.10095,64.33168
20.95885,64.55417
19.77847,68.15032
20.4089,64.39606
17.77364,62.75066
20.20244,63.82595
22.07212,66.26264
23.4864,66.15526
19.0205,63.82244
17.30947,64.9576
17.68662,62.61185
18.72453,63.49016
17.63334,65.208
22.15884,66.90857
20.02773,64.02571
18.89128,65.47096
18.08433,66.44217
16.40158,65.23588
18.22741,64.72335
19.47991,65.09618
18.48524,63.8199
18.35289,68.42615
18.60031,67.04578
20.50424,66.03204
19.77139,64.22593
18.02639,64.16236
15.93283,65.02912
17.6502,63.55788
20.90821,65.87956
20.95145,64.28323
22.18764,66.16131
20.33692,64.20541
19.87903,65.28455
19.91654,64.91778
14.95026,65.75346
18.78519,65.05984
21.57721,66.00414
18.29053,66.40329
21.27159,67.20194
19.07042,64.47617
16.25569,66.59694
16.09537,65.42882
16.09079,64.84793
18.65427,63.35039
20.78893,67.69735
15.82959,64.85545
23.16481,66.06583
19.29208,63.62648
18.81061,63.28898
19.43899,63.92987
20.72573,64.45453
22.61639,65.9885
19.34838,66.58124
16.89524,64.19249
19.00451,64.11386
19.62405,64.97935
17.724,63.53262
20.38023,64.68154
22.8264,66.09791
21.039180000000002,66.61393
18.32781,65.95559
21.34567,64.55736
18.06365,64.31655
18.72286,63.90578
21.69476,65.89603
20.96715,64.59671
21.17891,64.96828
21.1937,65.12309
22.59856,66.92199
18.23711,64.86141
15.13399,64.83691
22.17829,65.72394
19.475,63.65869
15.96303,64.12347
21.18674,64.8961
23.49264,66.02108
15.56705,64.98755
19.28995,64.24556
19.51891,64.13729
19.72141,65.46981
18.97464,63.76222
18.16259,64.07864
17.44713,65.33631
20.80863,64.87381
16.38777,64.37851
19.34139,65.50117
18.81107,65.9592
20.19955,64.33233
16.64141,64.11046
15.41687,65.01256
15.56302,63.73866
16.88796,65.03562
15.4973,63.68286
20.91457,64.84043
19.70328,64.58946
18.03893,64.46502
18.50044,63.21401
17.94744,66.23121
18.72592,64.77261
19.82337,63.9641
19.52662,67.84434
19.20136,67.87493
20.10109,63.84195
15.53528,65.74431
17.65867,63.39349
19.1218,64.19251
17.97322,63.53087
17.77135,63.68653
22.41635,66.75915
16.95805,64.12583
17.03124,63.02417
19.02416,65.16422
18.12013,63.68115
17.6301,63.13284
20.33401,63.86938
17.52314,64.38131
19.67057,63.90307
18.32209,66.42139
21.24305,64.35359
21.16225,67.04371
20.72962,66.96886
20.20528,65.08546
19.28643,64.95572
19.27081,63.75562
19.01863,63.4066
21.60801,67.49984
19.84977,63.78375
19.28536,65.13617
20.16173,66.42869
18.7603,64.49948
20.43641,64.96732
17.44054,65.46573
21.23413,64.74662
23.43057,66.58884
17.77734,67.64648
17.89893,64.35246
18.89118,64.47455
17.36061,64.86621
20.21058,65.86098
21.75133,66.14877
18.97459,64.99476
17.0111,63.05595
22.2178,65.57559
15.06049,65.32318
21.10565,65.60434
17.2632,64.34726
23.50218,67.03798
21.24031,65.20401
17.54145,67.75482
16.28956,63.57496
17.39287,64.81109
20.96707,64.74622
22.4837,66.13738
18.9083,64.1914
19.02376,63.60853
19.17389,63.80948
16.96576,63.21568
19.86966,63.58134
22.08205,65.91158
23.16729,68.12996
20.55019,64.52476
16.79768,65.61392
17.87506,65.6599
15.03597,65.73024
17.63476,63.54907
18.69221,64.58331
23.14287,67.98824
18.11194,64.9443
19.14157,64.0572
16.76775,65.04784
15.22196,64.74427
18.46219,65.3618
20.54611,65.19919
20.62853,64.51797
20.84911,64.18527
15.92041,65.47701
18.1018,62.87976
22.40503,66.62112
20.49178,64.95212
19.46346,63.96294
17.48069,64.88053
17.44451,64.20006
20.21647,63.9038
19.00238,63.66966
19.10714,65.21273
21.32174,66.06931
20.32571,65.3627
17.64538,63.2903
22.0122,66.11431
15.94739,64.42341
16.8629,63.48553
18.00295,65.3522
14.78993,66.12298
20.01614,65.1157
15.59616,65.67332
22.81691,68.30087
16.9155,64.04653
17.88076,62.61862
18.22891,63.74757
17.50884,64.98875
19.06332,63.73705
15.54023,65.68539
21.99608,68.04422
21.65305,65.94227
21.73126,66.03075
18.1807,63.26071
21.15576,66.19181
18.78879,63.40849
18.48153,64.4102
19.40827,64.60331
20.60754,64.24775
19.89677,65.14768
17.41785,65.47725
17.76631,63.70076
21.16604,64.71004
20.90132,65.46994
22.59758,66.69958
20.49654,64.74874
18.84484,64.28521
15.8914,65.06539
22.94308,66.93972
22.61214,67.16775
20.78791,63.94163
18.59072,64.04627
16.4075,64.56793
17.29072,63.58789
20.88846,64.67269
17.07581,64.99982
17.18786,64.3004
17.78938,62.54361
20.46582,63.80071
19.95378,64.89925
17.99376,65.63149
22.64437,67.16612
20.46437,67.98728
16.43205,64.29795
17.05627,64.83474
22.78222,66.13217
18.46218,64.05875
19.14657,64.96421
19.53493,65.76012
16.51759,64.53549
18.6273,64.54657
17.73706,64.66212
21.80345,67.48072
20.70134,65.10982
16.40234,63.41647
20.14474,63.91148
18.53608,63.88242
19.61873,63.50307
16.79752,64.79219
15.65194,65.01471
18.41103,64.51807
16.4066,64.44824
17.76833,65.03959
18.14132,65.3567
17.01539,63.15191
18.76679,63.48927
21.51423,65.72146
15.40427,64.70784
21.28343,65.22091
18.28569,66.37557
18.00607,63.46126
23.54792,67.17483
15.87295,65.03019
18.77032,63.70134
20.22639,63.66924
20.87152,63.65238
21.26558,64.41108
16.0649,65.51959
20.80009,65.43686
20.66829,66.82387
15.93554,64.47629
19.90798,66.65757
17.19273,65.83747
17.2288,64.75943
19.08362,65.95152
21.51543,65.73517
16.13535,66.66346
17.1873,64.94412
16.24509,63.63101
17.47367,66.40883
19.32835,63.82736
21.46491,65.60815
23.2585,67.25624
22.29174,66.75103
18.17887,65.58471
16.62782,63.21432
20.25989,66.06896
19.45413,65.50773
19.05026,64.19254
17.25963,64.32094
19.26331,64.50329
17.80152,66.05644
17.76783,63.10354
21.68269,65.84299
20.74568,65.47003
16.60287,64.47089
19.53498,65.24753
16.7476,65.08861
17.46057,65.1848
16.56295,65.08325
17.75381,63.92756
16.24568,65.46055
20.00636,64.80332
20.2347,64.81249
18.59344,65.33968
16.11974,65.54445
19.19727,63.35994
18.22728,63.34908
19.20824,63.86874
18.06467,63.51779
19.98204,65.05057
17.20515,64.31972
15.28554,63.76781
23.14618,67.69576
19.93307,66.03208
17.91154,65.63171
17.19278,64.10572
19.82232,63.75953
18.4357,66.29462
20.68577,65.92914
16.02201,64.76094
22.85938,66.36852
20.82496,65.88444
18.51751,66.38068
17.78181,63.27476
20.99105,66.26907
20.81639,66.88916
22.73131,67.26211
18.05362,64.4306
17.81533,64.95172
16.90434,64.183090000000007
19.69439,63.77113
17.04403,64.54327
17.7792,63.02311
16.41088,65.38291
16.66756,64.47574
17.57659,66.57971
17.64438,64.72112
18.7366,65.02515
15.6957,64.6479
22.28565,66.64951
17.37726,64.53767
19.22455,65.66294
22.80824,66.1686
19.55508,64.10014
16.51598,64.40742
19.71925,67.82844
17.83139,64.58557
20.79639,66.95023
16.59916,64.79054
15.50751,65.65488
21.0817,64.21148
19.67481,63.43854
19.49917,65.11431
19.36484,63.81408
20.47023,64.51088
16.9908,64.22404
22.92086,66.74353
20.00141,64.25276
20.79083,65.09411
18.46073,63.36511
21.1343,64.71354
15.9482,63.83545
14.38818,64.98455
14.94027,64.34248
18.74356,63.40093
21.19782,66.36102
17.63947,62.94712
15.89476,65.27788
20.8356,66.26284
20.12039,65.02422
19.78247,64.33568
18.10601,66.14773
23.1568,65.84091
20.35896,65.2645
19.36606,65.04477
17.03503,65.54283
16.52931,66.49015
21.48301,65.48695
16.58825,64.60288
16.38952,64.63197
23.58026,66.52947
22.35677,66.57295
21.25779,64.32301
16.88897,65.46499
22.79331,66.42766
17.92233,62.67667
15.71371,65.032
22.61426,67.12646
16.3741,65.88493
16.24856,64.67446
17.88116,62.70961
21.61475,65.72608
19.29756,63.61187
20.65198,64.8107
18.40481,65.45819
22.77455,67.20562
18.58615,65.4829
17.13922,64.85818
17.63436,64.96702
20.54997,67.20799
18.98029,66.91575
16.5902,63.53209
18.07185,64.85376
19.82833,65.31845
18.94385,65.43021
16.91802,64.34902
20.37825,65.07229
21.09022,66.57122
15.94542,63.43598
19.14976,65.13597
18.01047,64.40607
21.80245,66.03517
16.96724,63.59988
18.04847,66.17459
20.86693,63.68048
18.016,63.74561
17.84413,65.55204
19.48618,64.9841
21.72218,66.34059
22.27498,65.85174
19.90448,65.50421
18.32594,65.36063
18.99184,63.19773
22.97528,66.73392
23.29209,66.07017
21.9047,67.4163
14.93423,63.855
17.22947,64.41075
19.72805,65.05551
17.76,66.93638
19.39477,63.55234
17.11374,65.74154
16.12802,65.39847
18.91147,65.01299
19.30294,64.73197
15.04422,65.84318
17.72071,64.86321
20.57729,63.79803
17.89626,64.08692
15.49348,64.80493
21.68973,65.82304
18.82308,65.37278
18.15203,66.34115
20.81722,65.03766
20.62541,64.99427
22.5197,68.4299
22.19946,66.8676
20.02435,63.66827
19.2855,66.60473
17.21948,65.37861
17.88166,63.30841
20.31343,63.71667
17.87744,66.31212
18.0904,63.96161
21.81508,66.12174
19.88387,67.37614
22.80997,66.21119
18.67385,64.0359
17.76773,62.69903
18.31583,65.89368
17.98843,65.93648
22.61178,67.42862
18.06566,64.25793
16.36606,63.65564
21.89728,67.47145
14.9672,65.84505
22.33382,66.65909
20.94851,64.23239
19.5331,64.60718
16.54629,66.48053
20.11823,64.50369
18.66565,64.27569
19.92381,65.17309
18.61926,64.7513
17.95159,65.16418
19.12395,65.90705
16.26873,64.92493
21.16468,68.35221
19.49076,64.07053
16.12179,64.8492
17.65846,64.99354
15.17394,65.60838
19.89679,66.28899
18.21856,63.92883
21.69021,65.43614
19.81416,65.37141
15.61912,63.82794
16.81715,63.26186
18.31976,64.75677
15.5579,65.25219
20.87813,64.31055
19.61223,63.65657
16.44361,65.84951
22.20118,68.47743
18.51506,66.06759
19.5796,66.01816
21.15387,66.28804
18.89538,64.12537
23.77473,66.57336
20.07786,65.53678
18.13091,63.26758
21.3225,65.51386
20.72356,66.63012
15.69147,65.25756
17.65799,64.0221
18.9117,63.30515
20.35546,65.69646
22.85926,65.94962
19.46458,63.98247
23.62622,66.3963
17.66225,64.94748
21.42715,67.69097
18.55107,64.57903
17.13323,64.13244
18.53272,66.34134
17.02779,64.919
17.84671,62.6372
18.19582,63.1326
21.09181,66.27599
18.7811,67.99329
17.5401,65.51198
16.77484,64.87097
20.68091,66.4165
19.70715,65.65167
17.23423,65.17476
18.00534,63.96955
20.58065,66.3264
22.25112,65.64527
17.8311,62.55804
18.50825,63.52035
22.00849,66.33843
19.76256,64.79365
16.03658,65.31705
20.38391,64.02372
17.74936,65.10677
20.49129,65.77722
18.13014,64.42017
16.13489,65.96144
17.47094,65.33516
18.3455,63.69171
22.50692,67.05373
19.66024,64.37985
20.0808,64.84714
19.02069,63.20718
20.57645,65.21901
18.85393,63.25815
15.62464,64.92246
19.64201,65.52526
16.20678,65.36736
17.94787,65.34498
22.02561,66.55786
14.45052,65.08384
16.29062,64.81319
19.11053,64.34159
16.78445,65.33163
17.57305,65.42282
18.38387,63.42486
19.84829,68.00734
19.16827,64.9897
19.85377,67.01364
23.78575,66.54736
20.47986,64.6177
16.19087,66.04531
17.69839,63.3857
15.53442,65.49727
19.83457,64.85237
18.24237,63.86407
17.03458,64.32198
17.59712,64.27703
20.411740000000002,64.66528
16.93071,64.55619
18.87971,64.4625
19.25277,64.69419
20.43363,67.84159
14.64555,66.12901
17.03223,63.69498
19.87077,66.51814
18.83656,65.34061
23.62751,66.41941
18.80375,64.95357
17.26937,64.18348
20.11852,63.66871
16.05596,64.30096
20.47019,65.12224
21.59189,65.98107
20.23578,64.69631
17.59818,62.91553
18.03083,65.95386
20.74005,64.57178
19.9196,63.88175
21.26047,65.57923
19.57081,64.31713
20.47118,64.94504
16.54581,65.18008
17.26844,65.434
20.29133,63.65635
19.88451,63.77162
19.59826,65.18343
16.01462,64.48878
20.86443,64.60806
17.97176,64.37315
16.93821,63.50158
15.3213,65.27599
18.92716,64.93825
22.14371,65.71884
20.35858,63.73822
15.51017,65.75311
18.86674,63.29728
16.89516,64.67497
17.02575,64.47823
20.08002,63.66547
16.37987,66.21811
20.43013,64.069
17.30915,63.3294
20.30142,64.98365
17.95692,62.96572
21.5032,65.61154
20.28275,65.14931
15.13668,65.08714
19.69392,65.94087
17.68445,64.70474
18.12409,64.58531
20.82843,64.19992
19.32017,65.95495
17.48032,64.32098
15.00982,65.86639
18.54254,63.64656
21.60243,67.19156
15.85365,65.31941
19.78843,64.58124
19.26047,63.71164
16.50692,64.70174
20.18331,65.98868
19.08348,65.15472
20.32319,64.51828
20.78772,65.77635
16.01909,64.80235
18.23886,63.82128
20.11802,67.76243
20.18865,65.74398
21.83699,67.77704
20.35405,63.82213
17.00641,64.71854
18.11791,64.68866
19.64495,64.68031
17.47857,65.24427
17.56307,62.62856
19.53944,65.44803
20.75012,65.1954
17.11013,63.61511
18.33872,64.79243
19.08819,65.01606
18.05969,62.86589
19.5717,66.15402
18.85778,65.08909
21.53252,67.15387
19.94393,65.26286
15.49005,64.75828
19.91433,65.22833
17.31822,64.7157
20.51646,64.34825
20.40021,63.81441
21.20073,64.43665
17.21255,64.36798
23.4604,65.80336
23.3582,66.8911
17.85748,63.12183
22.19126,65.90555
17.13425,65.04309
20.8121,64.2063
20.16459,66.49072
20.21125,63.84436
19.4639,66.10145
20.32903,64.33384
19.17658,65.1894
19.94326,65.00587
18.08871,62.94851
19.80774,68.17032
22.55591,66.32934
20.86836,64.7576
15.85819,64.93641
17.53036,63.7569
18.99828,63.53398
16.40095,64.38558
17.70457,64.8182
17.1217,63.9943
16.87045,64.73237
17.24451,63.61442
17.37397,63.85937
18.79078,64.6153
15.00721,65.3931
23.21561,66.24508
17.4495,63.93247
17.56457,65.91067
20.05227,67.74524
22.14414,66.19579
18.83853,65.72489
18.38571,65.05578
21.94717,67.97029
17.65146,67.84037
18.23836,62.8964
20.21021,64.88425
19.28938,64.57589
17.24443,65.61395
15.98175,63.64394
17.87143,67.63091
19.02225,63.76414
17.34093,65.60644
23.18136,66.09898
20.61264,65.80648
23.53234,66.21301
21.81366,66.08813
21.8502,65.54616
20.84013,64.65476
19.61039,64.70217
20.87061,65.43052
21.46568,65.8771
21.40326,65.03451
18.67681,65.18993
17.75802,65.55715
17.65143,67.81493
23.46295,66.74416
20.5544,64.16739
20.04315,63.93583
19.90855,63.62653
16.69882,65.37914
17.69039,62.94143
16.79301,63.8704
17.54799,64.07044
16.6437,63.26755
18.66082,65.14557
15.99813,64.47461
22.791,66.45932
15.67087,64.65818
17.78273,64.79991
17.46709,63.62003
19.10472,65.39417
18.81964,63.62645
20.78243,64.34317
19.29787,63.48285
19.99576,65.02169
19.91365,64.84343
22.24848,66.12415
19.52505,64.05154
21.11041,64.77878
17.79671,62.93433
17.43809,64.39501
18.10568,63.32776
22.11079,66.62242
17.30238,64.19548
18.25856,63.24929
17.52581,63.00232
18.3943,64.35484
16.50905,64.59601
18.42675,63.42267
22.58221,67.3202
17.81866,62.79847
21.44699,66.93415
16.935,63.06916
14.74115,65.73917
17.04195,65.40199
19.90004,65.83554
20.21573,65.66153
15.33924,65.71704
23.39347,67.11661
19.99866,63.68082
20.63069,64.50316
23.7336,66.59263
17.81413,63.95496
20.39497,64.56874
18.37304,63.29828
16.31492,65.14331
21.17807,65.10599
18.99907,63.59187
20.73754,64.1805
15.22618,64.99381
17.2643,64.73538
17.02564,63.18497
21.75358,67.48609
20.71398,64.61835
19.68269,64.64773
18.4236,64.89841
17.67535,62.6393
16.9003,64.97745
17.32758,65.30949
17.2473,64.06088
17.55352,66.5872
20.50284,67.86097
16.42627,64.68001
17.79922,64.02426
19.44707,63.46906
20.65855,67.12849
16.7033,64.69623
20.15233,66.1616
17.18472,65.95745
19.56576,66.71919
21.57136,65.69917
17.45548,64.87097
18.7731,63.34666
23.19028,66.4144
23.6291,66.45829
19.99407,64.64357
15.63924,64.89721
19.76557,66.87246
17.17055,65.36586
18.91754,65.18531
20.51573,66.8038
22.73649,66.6148
17.91691,63.36747
18.72102,63.73966
18.16562,64.51805
18.52824,63.11842
21.13183,64.22652
19.87918,65.34193
17.16591,64.45772
16.99652,63.37771
18.82491,63.95651
19.43084,63.76251
19.77738,64.63302
20.38595,63.93218
21.16761,64.67342
20.5395,65.16712
19.66023,64.75418
14.79947,65.05237
15.97767,65.46277
17.56215,62.71067
18.30228,63.72927
21.46263,67.45853
22.41678,66.71212
21.35074,66.25474
18.82932,64.21081
19.46577,64.58428
23.06258,68.04487
18.73854,63.31061
19.30664,63.89211
18.33434,65.39741
18.80789,63.51952
17.75442,64.70153
15.2093,64.2841
19.90274,64.05457
17.80679,64.20751
22.71361,67.27088
23.43424,66.30366
19.70798,63.70039
20.44334,64.69988
20.21874,65.28345
19.96158,64.37126
20.47389,65.03812
18.405,64.75596
20.98881,64.64133
20.41156,64.36184
21.88637,65.77854
18.69903,63.71899
20.84382,65.03824
19.26228,63.46194
17.9067,65.1934
23.24106,66.84337
15.97734,65.02079
18.33854,63.52308
22.15668,65.5581
19.91467,63.6021
19.13752,63.46939
16.17152,64.83834
17.15463,64.81444
20.12014,65.95614
18.40494,64.17043
19.3568,64.14109
17.28709,64.76905
22.87926,67.66655
20.93633,64.74596
23.53028,66.30166
18.05509,64.00029
15.03757,65.06396
21.08242,68.37505
21.98789,65.54962
19.43492,63.56857
20.11428,65.8718
18.74812,65.91228
22.45065,67.22166
20.25355,66.13238
19.70941,64.86953
20.40666,65.85081
17.16855,65.57117
17.74219,65.40859
17.63204,63.05549
18.02703,63.79315
17.90189,64.87975
19.01407,63.30037
21.18072,65.50146
19.26714,66.02724
16.45734,64.53772
18.41741,63.15801
22.24675,65.88118
18.1445,66.3251
21.07368,64.26061
17.96179,63.96459
20.35717,63.69984
19.45894,64.12617
17.47933,65.93097
16.89523,64.5892
22.31196,66.45155
17.00311,63.85204
22.18461,65.82139
15.89261,66.75859
17.27816,65.72439
21.19095,66.73735
18.43653,64.61892
17.4981,64.36119
18.55417,63.65452
19.81138,66.01381
16.64992,65.10932
16.35106,66.55903
22.15344,65.94258
19.99711,65.55593
22.57344,67.17903
16.07614,63.54268
21.15383,66.69094
22.51478,67.06233
16.94616,64.82529
16.1107,64.2627
17.81095,63.96952
23.71317,66.7011
17.46045,65.04237
20.82396,64.55837
21.24284,66.71902
20.32304,67.07643
23.45714,65.84726
17.5936,65.76749
18.19963,64.57132
22.14723,65.5811
15.83217,64.94224
20.8019,65.89942
16.99758,65.52792
21.11518,65.55905
15.71878,65.25643
19.38376,64.7409
18.08017,63.9004
22.94097,65.97286
23.10793,67.55857
16.35908,64.84216
20.37092,63.68738
16.79748,65.35988
21.27069,65.25918
19.16879,64.28129
19.56034,66.63659
19.19317,64.50254
18.69517,64.06855
19.9078,63.78887
17.68373,64.89797
18.80159,64.55727
21.466919999999998,65.03532
17.78998,66.52398
21.22594,66.14448
19.56916,65.81235
19.05009,63.69798
17.06649,64.73533
20.23443,63.72462
20.53345,63.75051
17.26756,63.34816
18.49605,64.65299
18.48254,66.472
17.69856,65.54704
16.13487,64.23929
20.12362,66.17746
18.84719,65.26439
23.51957,66.69075
16.81955,64.22914
15.36387,65.27528
19.98865,64.17912
17.41099,64.58984
20.57805,65.24596
20.79003,65.12473
20.47172,63.78329
21.02039,68.37331
21.16087,65.67266
14.66605,65.42267
16.57958,63.22289
17.05189,64.94858
19.33996,65.01461
20.20606,65.17061
15.86851,64.59072
17.22024,64.18106
21.49016,66.44787
19.85295,63.81716
19.504,63.40839
18.51322,62.97717
20.24586,63.7922
16.86957,66.44512
15.68282,64.14351
20.26328,63.77127
20.37256,66.14146
21.4701,65.84593
18.24859,65.13101
18.79188,65.78136
18.53449,63.26972
18.78773,63.69345
15.44897,64.24527
19.89046,63.48322
21.68617,67.09604
21.68611,65.78881
20.16483,64.95583
19.50167,63.56399
20.76984,63.9231
19.20306,63.96681
17.33571,64.365710000000007
22.6144,66.02113
16.84599,64.34684
20.95215,65.67306
21.43792,67.18399
21.70087,66.93185
18.39505,67.44917
20.55242,63.79347
22.63454,65.90725
20.12642,65.55611
20.9653,65.54046
16.89001,64.27318
19.11254,63.9927
16.46722,65.69059
17.40812,62.68986
14.14712,64.49796
0.18716,47.2241
5.2935,45.79981
5.37872,45.72915
5.36945,45.63291
3.94868,51.2127
3.12577,51.27705
4.60244,51.2394
3.2785,51.20579
4.21508,51.25751
5.32389,50.97899
4.0254,51.0993
3.32015,51.12064
5.4146,51.25287
3.98345,51.10492
5.16559,50.96841
3.44627,51.1074
3.21874,51.35603
3.34893,51.14754
3.29522,51.14457
3.08013,50.88981
4.85348,50.90401
3.2678,51.29016
3.89764,51.18199
3.27174,51.1552
5.12782,51.10919
5.69206,50.89632
5.19417,50.93849
3.68423,51.0579
4.43451,51.06366
3.96589,51.19101
3.54728,51.15913
4.92459,51.26181
3.90302,51.15392
3.74073,51.03136
3.53627,51.07272
4.76638,51.40716
3.9293,51.17171
4.43218,51.04037
3.36308,51.12951
3.98072,51.21008
4.41819,51.04953
4.71066,51.42485
4.00608,51.1755
4.16904,50.88232
5.25405,51.1357
3.12778,51.28723
4.01087,51.10556
3.97701,51.13567
5.82261,51.09821
3.7059,51.14635
3.35349,51.33871
3.90465,50.74932
3.37502,50.85398
4.87286,50.86759
-0.317379,50.840102
0.212905,50.87867
0.320113,50.86081
-0.641086,51.142969
0.859124,51.774345
-0.518362,51.338355
1.308547,51.283875
0.548699,51.323362
-0.533998,52.067361
3.917828,51.207851
0.87434,50.940497
1.691014,52.467478
-0.746787,51.046512
-0.691808,51.548272
0.400597,50.928583
0.179294,51.106881
0.149659,50.761194
0.00109,50.865497
-0.544379,51.450006
-0.638541,51.191446
-0.563353,51.304557
-0.295246,50.849178
-0.51098,52.117361
-0.5467,51.466469
-0.610314,51.156669
5.19806,49.50023
0.161264,51.836264
-0.135641,53.558553
-0.270843,52.006776
3.564451,51.119287
-0.075994,52.322881
-0.938675,51.444169
-0.511091,52.096878
5.275234,52.402813
5.25,51.55
4.75,52.1
5.6,51.95
5.65,51.5
7.16049,51.82389
5,51.65
5.65,51.95
3.7,51.4
6,52.65
6.1,52
6.35,52.5
5.9,51.4
6,51.45
5.25,51.35
5.85,52.1
5.7,51.7
6.3,53.15
6,51.6
-0.21386,49.02185
0.33272,49.03524
0.43386,49.7569
-0.22502,49.20152
5.2,51.55
5.1,51.6
5.9,50.85
5.1,51.8
5.55,51.55
5.65,51.65
5.55,52.1
6.6,52.45
6.1,51.35
5.3,51.5
5.55,51.95
5.85,51.95
4.6,52.55
4,51.65
5.25,52.35
5.65,52.4
5.65,52.35
5.55,51.65
4.65,52.1
5.96,51.81
5.8,52.25
5.65,51.3
5.85,51.35
6,51.4
6.25,52.1
6.1,52.6
6.1,53.2
4.1,51.7
5.35,51.35
6.65,52.45
5.55,51.6
5.9,52.15
6.35,52.45
5.9,51.2
5.85,51.05
5.75,51.7
5.7,51.2
3.8,51.3
5.3,51.6
5.9,51.5
5.6,52.95
5.65,51.7
4.6,52.5
5.85,51.65
6.45,52.9
5,51.6
5.7,51.5
5.95,51.7
5.9,51.3
5.6,51.55
5.45,52.25
4.7,52.1
5.6,52.2
5.35,51.7
4.55,51.7
5.8,51.8
6.05,51.35
0.44794,51.315936
5.75,51.45
4.75,51.75
5.65,51.2
6.2,53.1
5.85,50.8
5.7,52.25
5.7,51.9
5.85,51.55
5.5,52.2
5.8,51.3
5.75,51.8
5.5,51.6
4.8,51.75
5.95,51.75
5.2,51.35
6.6,52.4
5.75,51.2
5.85,51.3
3.9,51.2
5.6,52
2.39719,48.35722
6,51.5
3.95,51.2
6.05,53
5.4,51.35
4.5,51.7
5.75,51.5
5.15,51.5
5.6,51.6
5.25,51.5
6.45,52.45
5.8,51.2
5.45,51.65
6.25,52.15
5.04602,47.1572
4.65568,47.34354
5.5,52.25
6.4,52.5
4,51.8
5.95,51.55
5.4,53.05
6.25,53.15
5.6764,51.1831
5.5,52.1
5.35,51.55
5.65,51.25
5.8,51.25
6,51.7
5.75,51.25
5.8,51.75
5.35,51.5
5.23036,49.81389
5.59038,50.20666
5.86419,49.61787
5.56021,49.66707
4.48734,50.71306
1.76803,50.68515
5.64806,45.97378
3.96912,46.00059
2.13895,47.35214
-0.20831,48.932
2.40488,47.26378
6.07192,48.93558
7.71521,48.97221
4.9837,49.04848
6.40455,47.75591
3.20005,47.71522
6.96455,48.09871
5.50667,45.70672
-0.35046,49.01812
4.40975,48.06694
0.0543,49.11871
0.18631,49.21183
0.43836,49.66709
4.63106,46.5334
2.27142,47.35305
0.30344,46.9637
-0.36795,49.28759
0.1765,49.39151
2.07868,50.85788
0.90854,48.32684
7.47819,47.80988
6.88321,48.82198
-0.08258,49.11528
3.322,45.82418
-0.21943,49.11169
-0.34467,48.92827
7.34479,47.8149
3.9707,46.09064
-0.07724,49.02543
-0.09331,49.29495
1.79954,50.67603
1.04007,48.41909
5.96111,49.38821
5.37821,45.7095
-0.23064,49.29135
5.68121,49.3048
-0.08793,49.20512
6.0987,49.38477
2.27264,47.26303
6.33315,48.74857
5.12044,49.04615
5.96628,49.47803
5.98425,47.40708
-0.35627,49.10795
-0.3621,49.19778
0.76221,48.59416
7.47063,47.72002
3.20107,47.98522
0.90496,48.41678
-0.19726,48.75229
5.74222,47.86335
7.20425,47.7299
5.38208,45.79951
6.41609,47.93574
0.56634,46.96955
5.67655,49.21496
3.4545,46.27398
0.0594,49.02886
-0.06662,48.84572
0.06448,48.939
-0.3389,48.83843
7.46309,47.63015
5.51897,45.97673
7.41194,48.62345
0.91566,48.14695
4.86726,45.8092
-0.448155,52.475244000000004
-0.613425,50.9487
-0.358861,51.102777
1.229042,51.339536
0.777235,50.991359
-0.600554,52.544575
0.926011,51.169865
-0.67794,51.183257
-0.642255,52.387724
-0.917387,51.648802
0.782613,51.081175
0.199286,50.823799
-0.932106,51.019493
0.354729,51.090581
-0.226403,50.831048
0.426378,50.958704
-0.493228,52.448855
-0.30576,52.540723
-0.649653,50.926643
-0.915241,51.738698
0.936579,51.257296
-0.494147,52.421894
-0.913083,51.828592
-0.760593,52.096822
0.341141,50.821038
-0.456299,52.452874
-0.169582,52.268958
0.531884,51.716426
-0.768008,51.827162
-0.362036,51.012893
0.592355,51.126024
-0.219555,51.010808
-0.222988,50.920929
-0.763078,52.006937
-0.594308,51.110341
0.955454,51.216345
0.681795,51.803032
-0.75547,50.77359
1.36578,51.245732
-0.320834,52.33864
0.687142,51.892842
0.119027,52.174211
-0.15839,52.538522
0.660687,51.443772
-0.281086,53.1697
0.43958,51.210256
-0.489844,52.54771
0.028762,50.984276
0.837945,51.979234
-0.41130100000000003,52.128148
-0.775307,51.557489
0.916082,51.046438
0.127613,52.353893
-0.282042,52.203213
-0.919523,51.558905
0.042211,50.966055
-0.644421,51.106437
-0.342552,52.15013
-0.465653,52.183265
-0.162141,52.448669
-0.538544,52.41346
-0.584362,52.360073
1.300515,52.326935
0.502235,51.177454
0.443387,51.282125
0.826648,51.799637
-0.176946,52.089241
0.412384,51.2378
-0.023126,52.266596
-0.736288,52.181979
0.634908,50.994657
-0.794226,50.838296
0.203519,50.913657
0.629831,50.904829
0.656159,51.241514
-0.756939,50.905352
0.552169,52.075706
-0.365194,50.923006
0.350176,51.000735
-0.609061,52.274952999999996
-0.523546,52.422265
0.057409,50.826388
0.788018,51.170989
-0.297011,52.194438
-0.316058,52.271138
0.403961,51.076088
-0.685523,52.415185
0.745103,51.050582
-0.489536,52.556696
-0.547222,52.216216
-0.176872,52.323469
0.092843,52.394977
-0.531482,52.205232
-0.319454,52.181273
-0.91062,51.023791
1.372356,51.335494
0.256064,51.991824
-0.372422,52.232817
-0.836416,51.139978
0.073556,52.469497
0.665278,51.151366
0.497382,51.087619
-0.765549,51.91705
-0.620197,51.915436
-0.493534,52.439868
-0.507416,50.924911
-0.539138,52.395486
1.287213,52.147425
-0.644354,52.054633
1.061495,51.087691
-0.584649,52.351085
0.069354,51.095982
-0.927955,51.199303
0.359305,51.180425
0.771885,50.901541
-0.087675,52.29913
0.109297,50.874926
0.832282,51.889436
-0.570552,52.332934
-0.492614,52.466828
1.586163,52.228653
-0.483924,51.644007
-0.582059,52.431972
0.066839,52.152658
1.578943,52.138925
0.260593,52.081661
0.492554,50.997783
-0.080799,50.918678
0.640011,51.084484
-0.60624,52.364828
0.123309,52.264053
0.345647,50.910887
0.216352,51.183221
-0.645801,50.814186
0.957676,51.027403
0.995344,52.155205
-0.622945,51.825553
-0.652249,50.836743
-0.501634,51.104694
-0.312643,52.361001
0.09792,50.938087
0.051285,52.449655
-0.453149,52.542741
-0.424414,52.253303
-0.807371,51.15767
0.82291,51.15666
0.628051,51.251142
-0.784864,51.197905
1.085697,51.343403
1.433096,52.143265
-0.284668,53.079851
0.212052,51.093368
-0.630069,52.306667
-0.796347,51.031662
-0.839792,51.005124
-0.240648,52.139663
0.207775,51.003513
1.141295,52.151405
-0.629791,52.315654
-0.789569,51.018103
-0.617435,52.005318
0.251559,51.901986
-0.077092,51.00855
1.079678,51.253616
-0.594807,52.724315
-0.266016,52.238944
-0.600744,52.306323
-0.755585,52.276588
0.64514,51.174308
0.531325,51.05541
-0.019119,52.356445
-0.275424,52.37395
1.62892,52.3038
-0.242063,52.103717
-0.955177,51.545291
-0.787223,51.108005
-0.073366,51.098421
-0.212636,51.190563
-0.165871,52.358814
-0.135465,53.077607
-0.524147,52.404291
-0.477589,52.475627
0.487751,50.907945
0.238449,51.19629
-0.031667,52.3105
-0.71589,52.00888
1.119,52.039
0.0116,51.7765
-0.495791,51.284471
-0.472949,51.324641
-0.473248,51.315653
3.56338,51.09656
3.5717,51.16498
0.42824,49.47385
1.19196,51.31222
1.609012,52.7339
1.174398,51.307301
-0.303761,53.258576
0.775443,51.764676
-0.540866,52.765469
-0.233097,53.299803
-0.606191,50.898272
-0.416098,51.12148
-0.130363,51.110228
0.747177,51.921736
0.101366,51.532923
-0.183267,51.626701
0.245452,50.983513
-0.409807,53.390388
-0.860914,51.824601
-0.231461,51.836054
0.507157,51.295751
-0.261223,51.609448
-0.041324,51.567766
-0.046947,51.672172
-0.485899,51.382891
0.150856,51.130907
1.255086,52.871067
-0.394793,53.269726
-0.831447,51.401467
-0.023709,51.607937
0.184499,53.131052
-0.383102,51.212368
3.16e-4,51.8053
-0.214593,53.059491
-0.415362,51.475398
-0.719255,51.16128
0.531809,52.577804
0.869922,52.476895
1.058917,52.725672
-0.241579,53.312514
0.13374,53.162541
-0.38588,52.886315
-0.080713,53.040801
-0.249144,51.804873
0.010871,53.47754
-0.214821,53.090062
0.0054729999999999996,53.234896
1.249991,52.648062
-0.908829,51.008936
0.158294,51.791598
-0.148836,53.131308
-0.210177,51.603735
0.172522,51.794052
-0.161784,53.073072
-0.59211,51.897642
-0.256567,51.599037
-0.331674,51.282445
0.715899,50.929391
1.214484,52.828898
1.348192,52.955155
1.038347,52.78363
0.604787,52.973784
0.719812,52.431668
0.283595,52.530818
0.430876,52.527884
1.166857,52.510468
1.007469,52.334765
0.440851,52.707516
1.019723,52.514317
1.160416,52.420705
1.032106,52.693861
0.583406,52.614573
0.450933,52.887142
0.872556,52.517983
0.866711,52.428196
1.334389,52.775673
0.578131,52.524766
0.268561,52.310357
0.989717,51.961986
0.585204,51.113141
1.252722,52.903399
-0.593727,51.808573
0.284498,52.306453
0.884338,52.697551
1.192965,52.869499
1.76271,52.582951
1.307218,52.416686
0.736538,52.701057
1.044622,52.873398
0.890276,52.787332
1.475207,52.681688
0.425928,52.438065
1.453985,52.412486
0.572884,52.434958
0.140662,52.623405
0.288268,52.620645
1.186386,52.779744
1.01358,52.424542
0.753532,52.97043
1.341272,52.865415
0.747838,52.880641
1.313957,52.506436
1.179842,52.689987
1.154009,52.33094
0.725358,52.521466
0.878431,52.607768
0.292967,52.710469
1.622834,52.677263
1.482356,52.771418
0.730933,52.611262
1.461022,52.502222
0.896246,52.877112
1.60805,52.497825
0.43585,52.617701
0.599399,52.883984
1.320732,52.596184
1.468096,52.591956
0.588709,52.704379
1.630285,52.766979
1.173332,52.600228
1.327543,52.685929
1.615422,52.587545
1.05093,52.963164
0.902247,52.96689
0.742173,52.79085
0.596504,50.931337
-0.324684,52.04198
-0.952696,51.42269
-0.4468,50.95528
1.335199,52.18049
0.427494,50.83548
-0.732693,51.99018
0.0674,50.9445
0.0548,50.9371
5.7596,46.04988
1.5759,46.77782
5.65689,45.91817
5.80754,49.31882
0.36301,47.34965
1.61501,49.57763
5.58378,45.93958
-0.146996,53.66964
-0.362311,52.699827
-0.188327,52.678343
-0.20941,53.708543
-0.278014,52.698659
-0.139578,52.617564
-0.036979,53.696528
-0.141592,50.869047
-0.103892,52.865254
0.990795,51.078756
0.787739,50.972832
-0.638498,51.902126
0.09383,53.652375
0.815252,52.571374
-0.362628,52.718667
-0.244256,53.080871
-0.309508,52.667618
-0.359216,52.649365
1.37021,48.38753
0.12864,48.6236
5.56512,46.9667
-0.448073,52.686524
-0.508451,52.651337
-0.447435,52.704497
0.84007,51.05263
0.02822,51.19087
0.08471,50.8683
0.77362,51.00432
0.20823,51.49923
0.33855,51.94624
-0.24814,52.25391
0.40674,51.66735
0.1059,51.10676
0.33663,51.93334
-0.76521,50.99968
-0.23794,52.27537
0.13451,52.64318
0.13869,51.19583
0.0779,51.20215
-0.54375,50.99701
-0.04626,50.80207
1.22417,51.37864
-0.64691,51.41331
0.14458,50.83314
0.04555,50.91837
0.34044,51.96381
-0.55219,51.43497
0.80397,51.17887
0.72755,50.99563
0.76679,51.37761
0.551,51.61788
-0.95019,51.45806
-0.596537,52.670394
0.06986,51.54035
0.85817,51.04819
0.68398,50.99922
-4e-4,50.9557
-0.59301,51.04004
0.4977,51.83676
0.50337,51.81881
-0.32124,51.27245
0.78191,51.02251
-0.30341,51.21712
-0.64895,51.09171
-0.07442,52.10871
0.465697,52.095532
0.610472,52.074428
1.00991,52.370676
1.108354,52.098316
0.682796,52.306617
1.660884,52.424243
1.456796,52.44838
1.030642,52.244238
0.998968,52.209074
1.07057,51.973394
1.109604,52.116271
1.039244,52.369924
0.931056,52.066887
0.805674,52.39369
1.476276,52.321888
1.495661,52.195393
1.42346,52.017622
1.394367,52.018465
1.068577,52.369166
0.421988,52.366209
1.67134,52.549844
1.402553,52.126162
0.63273,52.451625
0.980574,52.37142
1.460876,52.124463
1.105859,52.062407
1.096652,52.350446
0.538335,52.345781
1.577504,52.120979
0.541427,52.399669
0.741396,52.305271
1.011217,51.956941
1.696247,52.4951
1.611015,52.173925
1.09164,52.278629
0.932233,52.084845
0.509004,52.346408
1.122174,52.295812
1.634488,52.461037
1.427421,52.449236
1.577189,52.480774
1.631532,52.425149
1.558374,52.247484
1.12597,52.349673
0.830432,52.321156
0.954267,51.976372
0.865881,51.96057
0.873933,52.086282
1.097908,52.3684
0.505956,52.292519
1.127239,52.367627
1.41079,52.233856
0.893735,52.391565
0.897268,51.995776
1.018463,52.064679
1.085404,52.188856
0.439472,52.150033
1.319065,52.182509
1.488632,52.105655
1.682754,52.333614
0.992934,52.119292
1.184603,52.348106
0.724877,52.035865
1.100883,51.990587
1.581826,52.174816
1.536283,52.338094
1.440023,52.233007
1.435862,52.179162
0.680626,52.270696
1.355031,52.271433
1.255412,52.112332
1.492845,52.159498
1.281931,52.075619
0.455321,52.437458
0.921899,52.372886
1.491439,52.14155
1.336179,52.020129
1.665356,52.478072
1.465058,52.178307
1.243231,52.34651
1.487231,52.087707
1.459485,52.106515
0.952436,52.390113
1.405293,52.162061
1.025755,52.172415
0.67199,52.127006
1.486168,52.447517
0.917166,52.301058
1.654944,52.352468
1.092891,52.296583
0.492861,52.05899
0.752895,52.017227
1.389775,52.342393
0.699002,52.090419
0.573931,52.45292
1.716562,52.386524
1.183313,52.330154
0.84478,52.086989
0.877401,52.140157
1.523445,52.176576
1.600715,52.408103
0.676299,52.198852
1.156568,52.366846
1.56558,52.337213
1.561252,52.283376
1.487588,52.465464
0.43849,52.132068
1.046374,52.045973
1.546352,52.463715
1.685741,52.3695
1.437248,52.197111
0.582358,52.093033
1.428817,52.467184
1.62417,52.335428
0.789836,52.142262
1.564136,52.319267
0.681711,52.288656
1.396664,52.432136
1.668345,52.513958
0.72597,52.053826
1.367973,52.055201
0.829286,52.303197
0.864382,52.392281
0.515128,52.454185
0.479672,52.347028
0.727064,52.071787
0.653495,52.307279
0.464707,52.077568
1.534851,52.320148
1.053728,52.153707
0.640682,52.091741
0.997759,52.191118
1.34288,52.109882
1.185895,52.366059
0.821297,52.177486
1.335219,52.397911
1.688735,52.405386
0.493862,52.076954
1.530562,52.266309
0.939322,52.192589
1.36593,52.415028
0.662127,52.450966
1.373389,52.127001
1.279298,52.039716
0.450339,52.34764
1.406665,52.18001
1.232755,52.202896
1.311064,52.074804
1.374747,52.144951
1.700774,52.548927
1.275199,52.381603
1.516971,52.464593
0.705529,52.198185
0.903084,52.085567
0.90893,52.175356
0.734757,52.197511
1.366623,52.037251
0.615727,52.16424
0.507987,52.328445
0.59594,52.326544
0.996551,52.173161
0.484713,52.436844
0.803397,52.357772
0.841357,52.033112
1.602179,52.426048
1.6505050000000001,52.298637
1.099642,51.972632
1.58327,52.192762
0.494864,52.094918
1.508407,52.356915
0.585476,52.146921
1.107106,52.080362
1.640419,52.532811
0.566624,52.327185
1.129966,51.989817
0.522003,52.05837
0.72816,52.089747
1.653463,52.334525
1.195808,52.095976
0.925189,51.977098
0.956634,52.012287
1.684247,52.351557
1.694742,52.477157
1.718072,52.404466
1.663864,52.460129
1.575733,52.462829
0.54453,52.453556
0.581321,52.07507
0.869324,52.014447
0.959005,52.048201
1.438635,52.215059
1.263289,52.220042
1.605111,52.461937
0.537306,52.327819
0.835028,52.392989
1.261973,52.202091
1.08416,52.170902
0.77519,52.376424
0.857424,52.284533
1.304533,52.380786
1.551206,52.157753
1.346918,52.163733
1.57463,52.085087
1.494252,52.177445
0.776318,52.394383
0.983345,51.975637999999996
0.603331,52.452276
0.696835,52.054497
0.870475,52.032406
0.514105,52.436223
0.886705,52.28382
1.60658,52.479881
1.412168,52.251805
1.080438,52.117037
1.042714,51.992106
0.951237,52.372156
0.624192,52.307934
1.152731,52.312987
1.349617,52.199633
0.697918,52.072458
1.075494,52.045216
1.215222,52.365264
0.782004,52.016543
0.826998,52.26728
1.151455,52.295034
0.424941,52.420101
0.423956,52.402137
1.690234,52.423329
0.670916,52.109045
0.941695,52.228503
1.376106,52.1629
0.691524,52.450301
0.393613,52.384771
1.04028,51.956193
1.681262,52.315671
0.729256,52.107708
1.506985,52.338969
1.104613,52.044452
1.463663,52.160359
0.748077,52.413029
0.856268,52.266575
1.619771,52.281595
0.923086,52.390843
0.485725,52.454807
0.757317,52.089069
0.539364,52.363744
0.751792,51.999266
1.616846,52.245705
1.054958,52.171662
1.59342,52.318379
1.378828,52.1988
0.735861,52.215471
0.852809,52.2127
1.497071,52.21334
1.071799,51.99135
1.651983,52.316581
-0.055014,51.585079
0.221556,51.142652
-0.059079,51.013199
1.1829,51.3264
0.709908,51.835167
-0.144603,50.924206
-0.294744,50.909903
0.86558,51.853105
0.1653,50.8212
0.633206,51.027525
-0.68246,51.5148
1.11468,51.816683
0.1306,51.106
-0.989998,51.421644
-0.494822,50.938194
0.272032,51.195193
0.02809,51.63937
0.108599,51.689266
0.92727,51.11421
0.784753,51.884726
-1.00676,51.427946
0.918881,51.846398
-0.202809,51.154395
-0.48364,50.95247
-0.251329,51.353421
-0.534318,51.03546
0.372828,51.872175
-0.564869,50.955982
0.47096,50.993745
-0.526077,51.301492
0.411571,51.75448
0.019222,50.85928
0.394571,51.197713
0.111528,50.976109
-0.607768,50.844899
0.027836,50.928668
-0.370115,51.060983
-0.113856,52.283193
0.075191,51.018985
-0.656013,50.977525
0.019893,50.871117
1.682237,52.483529
0.240313,51.597933
1.358646,51.260914
1.080008,52.139998
0.44907,51.33669
-0.975345,51.465936
0.412385,51.887872
-0.2855,50.82989
-0.15763,51.11445
-0.352363,51.303358
0.218942,51.682287
0.910419,51.068751
-0.6716,51.4427
0.650326,51.784635
-0.717072,50.984507
-0.491854,51.470112
0.116628,51.652027
0.17092,50.87339
0.170658,51.655762
-0.677355,50.865493
0.366367,51.526977
0.309449,50.839163
0.734812,51.876005
0.183039,51.312406
0.480748,51.747644
0.80066,51.883449
0.477069,51.732028
0.831833,52.279889
0.310643,51.501333
-0.499582,50.947293
-0.38173,51.4068
0.464683,51.745284
-0.8895,51.489
0.139631,51.224445
-0.330454,51.395087
-0.794647,50.758488
0.32817,51.917446
0.145218,50.77489
-0.078542,51.025212
-0.826608,50.846765
-0.333812,51.268066
0.4489,51.006486
-0.172441,50.974513
0.38449,50.88035
0.868294,51.908304
0.73976,51.933447
-0.300869,50.870602
0.624301,51.650949
0.521436,50.860002
-0.071788,50.931885
0.840889,51.147815
0.395468,52.295487
0.654932,51.936965
0.315943,51.157459
0.070475,52.372442
0.076297,51.075623
0.05155,51.18606
-0.542255,50.909658
1.615748,52.220508
0.360956,51.200132
0.725977,51.922076
-0.610743,51.038596
-0.182911,51.005523
0.93737,50.93893
-0.00211,50.84456
0.05636,50.90027
-0.542272,50.947834
-0.81406,51.345542
0.0648,52.2289
0.59748,51.975029
-0.008947,51.101838
0.56095,51.807975
-0.92447,51.26136
-0.667212,51.42831
0.832531,51.859887
-0.579,51.2022
0.29037,51.93154
-0.601104,50.9584
-0.636957,50.801043
0.259796,52.364342
0.543633,51.002662
0.168226,52.238509
0.8903,51.0492
-0.85721,51.33786
-0.539906,51.678436
0.675482,52.084076
0.11807,51.706182
-0.19959,51.14476
0.284256,51.498073
-0.543991,50.931533
-0.196352,50.929064
-0.550199,50.898921
0.67323,51.867843
-0.048679,52.324295
0.120677,52.285219
1.008317,51.071533
-0.15588,51.14384
-0.309597,50.888625
-0.4912,51.3132
-0.270155,52.113574
0.12266,50.98173
1.3268,51.2871
-0.755818,50.992704
0.193005,50.854901
0.3792,50.9895
0.435401,51.71262
-0.493548,51.010555
0.440173,51.832083
-0.716419,51.38165
0.2856,50.806382
0.443012,51.692678
-0.124753,51.157397
-0.313668,51.427444
-0.769022,50.986415
0.173054,52.456921
0.149995,51.657536
-0.16912,50.856019
-0.958382,51.262208
0.295285,51.619983
-0.50234,51.018687
-0.737745,50.797186
-0.082229,51.143083
-0.64317,50.941964
-0.617885,50.966289
0.70876,51.05072
0.656515,50.998665
-0.62663,51.488853
-0.606432,51.487581
0.600965,51.646117
0.508055,51.935601
-0.552827,51.265092
0.972914,51.961063
0.17912,50.84027
-0.80159,51.33967
-0.268232,50.909468
0.17995,50.8614
0.550156,51.745258
1.2524,51.3749
-0.872644,50.825591
1.203351,51.322281
0.687696,51.032579
-0.922956,51.275556
-0.157276,51.130755
0.374398,51.988733
-0.06962,51.18829
-0.297744,52.559264
-0.0593,51.147
-0.331274,51.293483
0.271616,51.737485
-0.647044,51.01654
0.19189,50.90223
-0.690267,50.959452
0.575729,51.019812
-0.105592,50.833645
-0.9418,51.1623
0.276406,51.690135
-0.0104,51.7104
0.775067,51.11135
0.761145,50.972402
0.155847,52.103856
-0.17471,51.14519
0.847834,51.830828
-0.309526,51.407151
-0.02572,51.10264
-0.841456,51.35238
0.206028,52.216632
-0.623346,51.447226
-0.01021,52.16902
0.02358,50.84908
0.043,51.5783
-0.6376,51.3059
-0.926377,51.466847
0.0785,50.93435
0.096259,51.639803
0.881243,51.848225
-0.162447,51.158894
-0.219758,52.205437
0.754579,52.399388
-0.793494,51.004205
-0.187287,51.161845
-0.456593,50.940753
-0.718209,51.149983
-0.431212,51.391083
0.522485,51.846578
0.197091,51.047379
-0.525954,50.95289
-0.338279,50.899694
0.322976,51.524247
-0.1273,51.133336
0.697197,51.935734
-0.322833,52.091407
0.433377,51.72885
-0.146657,51.185354
0.345721,51.89565
0.71825,51.23159
0.04087,51.14755
0.119444,51.720095
0.250827,51.960001
0.479054,51.776232
0.406086,51.213198
0.14166,50.84356
0.35977,51.886376
-0.875133,50.902189
0.255861,51.19672
-0.191268,52.443498
-0.47434,50.933432
-0.6902,51.7997
-0.86051,51.354186
0.077876,51.125194
0.030769,51.56654
-0.198772,51.050509
-0.71478,51.04423
-0.76347,51.32065
0.443263,51.885121
-0.412744,50.953564
0.706682,51.746252
-0.32199,51.24621
-0.685826,51.361079
1.321703,51.118316
-0.283642,51.234207
0.1165,51.2068
0.49237,51.757425
0.016736,52.38596
0.929,50.9308
0.508133,51.71761
-0.045681,51.177416
-0.69938,51.82166
1.515518,52.266084
7.603962,50.143139
7.3004810000000004,51.742401
7.457893,52.653687
0.139,51.28
-0.52,51.032
0.050407,52.589036
0.107686,52.552065
-0.226017,52.323767
-0.187122,52.556947
0.079909,52.588522
0.3406,52.493737
-0.392878,52.577901
-0.172537,52.197072
-0.072338,52.483204
0.274321,52.35116
0.104248,52.480194
0.017604,52.517669
-0.334556,52.559113
-0.186381,52.574918
0.271558,52.297261
0.103391,52.462227
0.411239,52.168599
-0.157638,52.556492
-0.020724,52.320506
-0.450616,52.614633
0.277093,52.405058
0.048731,52.5531
-0.159893,52.502581
-0.216607,52.557395
-0.056344,52.177231
-0.084803,52.19568
-0.099448,52.53759
0.097417,52.33645
0.426915,52.456029
-0.343344,52.325471
-0.190817,52.467093
-0.245376,52.575807
-0.189341,52.503035
-0.05869,52.12332
0.24044,52.261888
-0.196687,52.323323
0.119882,52.19218
-0.026317,52.194716
-0.345355,52.271552
-0.362036,52.613441
-0.228887,52.25188
0.058914,52.139308
0.108547,52.570032
0.120737,52.210148
0.090644,52.192702
0.070603,52.390873
0.089801,52.174733
-0.288146,52.234771
-0.009414,52.572075
-0.287454,52.252744
0.134546,52.497635
0.180995,52.245018
-0.227453,52.287824
-0.05556,52.195202
0.164868,52.515067
-0.331144,52.648973
-0.304375,52.576666
-0.364045,52.559524
0.213845,52.316341
-0.108702,52.321947
-0.27558,52.558269
0.161343,52.443198
0.061405,52.193216
-0.13803,52.322413
0.002117,52.176254
-0.027113,52.176746
0.031346,52.175754
0.365214,52.403327
-0.422381,52.578297
0.0086,52.320011
-0.001908,52.086404
0.060574,52.175247
0.100826,52.408323
-0.101772,52.48368
-0.271339,52.666097
-0.040508,52.536629
0.088959,52.156764
-0.272047,52.648126
0.111138,52.623935
0.173101,52.083306
0.019252,52.553607
0.173974,52.101275
-0.08403,52.213651
-0.272755,52.630154
5.435804,51.227025
3.390913,51.255261
5.71978,51.170162
3.092342,50.85316
3.226584,51.32911
4.71583,50.909292
5.280723,50.871648
3.298118,51.26377
5.634229,51.200408
3.804993,51.20806
4.896487,50.955097
3.767947,50.999907
4.53217,50.87025
3.324309,50.841825
5.815866,50.735013
2.885813,50.844592
2.929162,50.84764
4.580407,50.884178
3.517483,51.078244
5.574119,51.037753
5.612886,51.210695
3.928654,51.214472
3.44654,50.902382
3.391686,50.948364
3.403619,50.837964
-72.068219,-39.941578
-73.294246,-40.039159
-73.494433,-39.996888
-73.530337,-39.961311
-73.490658,-40.168012
-72.0102,-45.928944
-73.470811,-40.005587
-72.286404,-41.174994
-73.293797,-40.05717
-73.443493,-40.176396
-72.262587,-41.17443
-72.038945,-47.144711
-73.495618,-39.942847
-72.135497,-47.066174
-72.592398,-42.554482
-73.376478,-40.031331
-72.04041,-41.078866
-73.454826,-40.194566
-73.38883,-40.004476
-74.172457,-42.461757
-72.128176,-39.907048
-73.424171,-39.995953
-73.490458,-40.177018
-72.029737,-41.051572
-72.134352,-41.108263
-71.835835,-45.529132
-73.032917,-41.406814
-73.162258,-39.669437
-71.745656,-39.494846
-73.176418,-39.630568
-73.167232,-39.701742
-73.136518,-39.582544
-73.119698,-39.575931
-73.170869,-39.651446
-72.6208,-41.603921
-73.950755,-42.067191
-73.161991,-39.615682
-73.623088,-41.869197
-73.610362,-43.121199
-74.120822,-42.586693
-73.188966,-39.698598
-73.56671,-41.805425
-72.016415,-45.524572
-74.07398,-42.416462
-68.324548,-54.821071
-71.813804,-41.025476
-73.719294,-44.991965
-72.118889,-41.69755
-72.650722,-40.63883
-72.710283,-39.005004
-71.353185,-40.151707
-73.984306,-42.770508
-68.485381,-54.84676
-71.65478,-40.140988
-72.579512,-42.674607
-71.617767,-39.351498
-70.908411,-39.221455
-67.0236,-54.923071
-70.861076,-47.259149
-68.12905,-54.970937
-68.446505,-54.834925
-71.631219,-40.163639
-73.926573,-42.620252
-71.974284,-39.257618
-74.187504,-45.34021
-73.676661,-41.17467
-73.643609,-39.956313
-69.955162,-52.876953
-71.035033,-40.906303
-72.608871,-46.645994
-70.958361,-47.143614
-67.293698,-54.933202
-67.224239,-54.542132
-73.185355,-40.630566
-73.234425,-39.856593
-75.101847,-47.682585
-73.109117,-41.526153
-71.353596,-42.889491
-68.54,-53.35
-71.14315,-41.101619
-73.609475,-41.671937
-68.548923,-54.850531
-71.362322,-40.17285
-71.475091,-43.107499
-68.229364,-54.79869
-68.064838,-54.834791
-73.901062,-43.068546
-71.070067,-39.958414
-73.251491,-39.805112
-73.587158,-41.650662
-73.24298,-39.840038
-71.440645,-41.222742
-73.486958,-47.817898
-68.302951,-54.801912
-73.067931,-41.395352
-73.665146,-41.880635
-73.166212,-39.800907
-74.171665,-43.13711
-72.617712,-38.987689
-71.88807,-46.886242
-73.748277,-52.582101
-71.929155,-46.294869
-72.94,-49.188855
-72.883101,-40.977022
-71.34899,-38.963659
-73.18056,-40.346898
-67.241549,-54.879773
-73.001463,-41.534665
-72.079139,-47.109317
-70.726,-47.082
-73.057494,-41.264421
-66.834987,-54.948556
-71.722845,-40.591599
-67.812784,-54.680819
-71.517681,-41.35475
-72.012839,-46.838715
-71.819519,-39.758522
-72.905138,-39.673595
-71.522527,-41.071963
-73.580342,-45.299639
-68.5475,-54.8397
-68.111472,-54.82625
-71.730823,-39.171427
-73.254525,-40.534079
-73.405709,-39.829004
-72.974122,-43.798858
-72.171764,-46.090139
-74.017364,-46.669913
-72.035384,-39.927651
-68.609458,-54.892889
-73.230853,-39.81753
-72.269521,-45.486694
-68.304783,-54.813754
-73.135502,-39.651639
-70.412933,-53.297484
-72.555236,-41.216161
-72.415416,-42.379505
-73.347397,-40.336372
-70.695021,-46.594886
-74.051705,-42.105694
-68.381963,-54.841151
-68.715156,-53.504956
-70.721293,-47.093938
-71.382059,-41.097095
-70.854643,-53.129459
-68.566637,-54.846717
-74.078006,-42.798718
-69.852372,-53.369165
-71.535339,-41.964918
-71.531477,-41.05194
-66.903504,-54.942549
-72.032965,-46.844622
-71.59694,-40.799521
-73.959656,-42.740103
-71.215144,-39.140025
-71.749208,-42.746737
-73.979246,-42.758034
-71.276161,-40.130693
-68.216077,-54.806642
-71.761567,-42.731336
-67.375499,-54.90467
-67.192989,-54.510889
-70.251687,-53.135061
-73.25382,-38.892258
-71.454052,-40.018729
-71.309023,-41.132044
-72.627972,-40.766114
-69.394226,-54.643857
-73.514615,-45.083964
-64.589621,-37.282064
-73.378975,-39.880209
-71.524887,-42.07089
-71.184057,-41.088504
-73.238887,-39.866431
-71.568375,-41.073107
-72.07486,-45.55792
-71.8475,-44.7217
-71.9185,-45.80913
-72.09881,-45.60706
-72.08404,-45.58822
-73.7436,-45.5272
-72.6989,-44.7506
-71.83333,-45.51667
-72.03677,-45.52488
-72.53139,-44.63194
-72.68972,-44.74194
-72.4167,-44.3667
-72.88722,-44.56667
-72.37597,-44.65389
-72.83333,-44.69333
-72.93333,-44.57083
-72.79444,-44.63194
-72.93639,-44.48556
-69.552431,-53.598465
-69.308999,-53.461994
-69.371691,-53.553671
-68.819061,-54.356066
-71.93417,-42.7075
-68.788098,-54.365794
-68.767175,-54.200781
-69.01541,-54.458656
-68.958996,-54.445493
-69.494833,-54.918156
-67.252193,-54.949898
-68.346069,-54.990124
-66.84883,-55.307073
-68.005877,-54.909867
-67.59648,-54.942685
-67.839489,-55.229541
-67.664751,-55.24686
-67.988095,-54.904229
-67.558961,-54.930104
-67.979501,-54.894388
-68.116996,-55.132806
-68.047571,-54.900621
-67.892107,-55.164777
-67.888146,-55.17513
-67.898052,-55.150156
-69.621891,-54.733917
-67.772238,-54.916026
-68.862862,-54.791089
-69.615444,-54.797352
-69.030849,-54.967165
-67.363722,-55.584956
-67.568611,-54.942711
-68.778166,-54.867863
-68.873959,-54.84867
-67.421567,-54.94968
-67.376404,-54.949014
-67.605671,-55.000984
-67.394399,-54.948848
-67.444859,-54.946206
-67.596776,-55.019755
-67.680872,-54.972902
-67.721908,-54.956399
-68.103616,-54.930263
-67.598099,-55.009175
-67.724545,-54.937734
-67.615212,-55.090238
-67.439785,-54.935706
-67.608085,-55.065352
-67.877267,-54.934477
-67.964833,-54.933699
-67.387254,-54.928783
-67.400204,-54.939892
-68.288009,-54.928149
-68.287846,-54.941781
-68.267741,-54.934841
-67.551253,-54.938299
-67.890376,-54.911294
-66.927345,-55.02541
-69.136261,-54.94202
-67.850654,-54.932332
-68.932521,-54.490803
-68.108777,-54.909982
-69.11755,-54.895507
-67.518977,-54.932599
-67.945163,-54.896288
-67.768596,-54.957124
-67.962478,-54.899079
-67.790797,-54.982843
-67.694764,-54.99836
-67.681195,-54.989748
-67.595018,-55.107999
-67.0762,-55.078287
-67.990403,-54.929169
-67.066173,-55.085768
-68.012546,-54.933719
-67.621971,-55.228455
-68.025864,-54.900601
-68.139611,-55.047558
-68.048972,-55.177533
-67.646703,-54.93061
-67.783844,-54.927988
-67.709383,-54.930069
-67.747729,-54.925554
-67.728934,-54.925772
-67.951355,-54.93885
-67.862443,-54.924929
-67.676273,-54.936489
-67.852574,-54.945453
-67.620058,-54.927515
-67.84593,-54.922338
-67.683707,-55.017078
-67.809213,-54.911811
-67.777299,-54.997618
-67.603729,-55.100047000000004
-67.867982,-54.912741
-67.463341,-54.926677
-67.827033,-54.910034
-67.659506,-54.945023
-67.470106,-54.942095
-67.559543,-55.123654
-67.577961,-55.111549
-67.361296,-54.954204
-67.642773,-54.951381
-68.083476,-55.196489
-67.390128,-54.98263
-67.632033,-54.9352
-67.703024,-54.940984
-68.320747,-54.924526
-68.093058,-54.907017
-67.977821,-54.916401
-67.930925,-54.904009
-67.814171,-54.925717
-67.914952,-54.905827
-67.43058,-54.927966
-68.308053,-54.939516
-68.005913,-54.898274
-68.26944,-54.925496
-67.661814,-55.024964
-67.665631,-54.963245
-67.535563,-54.935352
3.50161,43.6118
-0.67597,43.65435
-1.32511,43.50165
-0.38448,43.97571
-0.39265,44.00331
-0.2551,43.81629
-0.43759,44.07653
-0.62493,44.50298
-0.63776,44.4972
-1.29275,43.51171
-0.01809,43.65553
4.81863,43.35635
2.91278,44.06985
0.49206,43.73372
1.07171,43.62321
1.74924,43.37433
0.45333,43.69285
2.67968,44.28031
-0.16893,43.79796
-0.17392,43.88788
-0.00227,42.99243
2.16636,43.78542
0.16381,43.05314
-0.03523,43.62167
-0.12469,42.98894
2.58257,43.55073
2.4466,42.65783
2.56999,43.00336
-0.28718,43.29177
-1.40576,43.31001
2.13938,42.81986
3.02019,43.16504
2.0476,43.41032
2.17322,42.88478
2.7032,43.97087
-0.61289,44.92306
2.62598,42.44955
2.79501,42.67754
-0.30767,43.27034
1.96519,42.75302
-0.57396,43.39793
2.91586,42.83722
-0.8157,43.75397
2.25868,42.99419
-1.18436,43.34294
2.55864,42.94979
2.58802,42.64474
-0.15501,43.25147
2.17527,42.71824
2.68529,43.84035
2.72557,42.70972
3.02422,42.53507
-0.37996,43.35068
-0.90147,43.17799
0.52373,44.66091
1.87733,43.31387
-1.35117,43.17918
-0.41023,43.20888
-0.44263,43.44428
-0.42825,43.34057
-1.35816,43.56552
2.5954,42.77465
2.87685,42.77892
2.37576,43.92662
0.03151,43.35965
3.02431,43.83139
3.08434,43.59668
0.05594,43.39142
3.09958,42.46136
3.04182,43.87975
2.51585,42.60411
-0.20945,43.51321
2.83185,42.52649
-1.30031,43.65912
2.54906,44.03185
2.38877,43.45779
2.79283,43.04462
2.45829,43.93243
-0.89643,43.24771
2.77091,43.65524
2.70711,42.76795
-0.95263,43.37254
1.67822,43.38517
2.36037,42.59686
3.15742,43.41337
1.95046,42.56458
-0.07519,43.03982
0.07648,43.44955
3.14778,42.44439
-0.09565,43.00542
3.15387,43.37042
2.33927,43.14137
1.29014,44.07987
-1.05966,43.70094
-1.44776,43.44168
0.64094,44.0215
-0.44,40.07
-0.51,39.92
-1.04,39.77
-0.53,40.08
-0.99,39.74
-0.47,40.06
-0.67,39.89
-1.32,40.15
-1.17,39.88
-1.1,39.73
-1.03,39.75
-0.77,39.61
-0.24,39.19
-0.55,39.92
-1.15,39.86
-0.49,39.87
-1,39.75
-0.33,40.03
-1.04,39.76
-0.6,39.91
-0.98,39.73
-1.26,40.1
-0.46,39.83
-1.04,39.78
-1.15,39.83
-0.86,39.62
-0.36,40.13
-0.57,39.95
-1.25,40.09
-0.22,39.98
-0.48,40.04
-1.16,39.77
-0.39,40.16
-0.29,40.01
-0.31,40.02
-0.63,39.59
-0.01,39.91
-0.94,39.72
-0.37,40.04
-0.57,39.91
-0.61,39.92
-0.51,39.93
-0.57,40.12
-0.4,40.18
-0.15,39.97
-0.78,40
-0.65,39.9
-1.15,39.82
-1.27,40.08
-0.4,40.24
-0.35,40.04
-1.02,39.77
-0.51,40.08
-0.57,39.94
-0.98,39.7
-0.23,40
-1.27,40.01
-0.42,39.82
-0.96,39.7
-0.53,39.71
-0.47,40.07
-0.36,39.77
-0.37,40.03
-1.28,40.12
-0.23,40.01
-0.55,39.55
-0.53,39.75
-0.41,39.81
-0.64,39.6
-0.58,39.92
-0.49,39.93
-0.4,40.06
-0.43,39.84
-0.62,39.58
-1,39.7
-0.45,40.06
-0.52,40.05
-0.88,39.65
-1.35,40.06
-0.54,40.04
-0.46,39.91
-0.37,39.78
-0.76,39.96
-0.61,40.12
-0.38,39.79
-1.17,39.89
-0.89,39.61
-0.28,40.02
-0.32,39.87
-0.46,40.05
-0.51,39.88
-0.4,40.05
-1.31,40.03
-0.94,39.71
-0.51,39.9
-0.59,40.11
-0.47,39.84
-0.43,40.06
-1.26,40.12
-0.92,39.62
-0.9,39.63
-0.61,40.13
-0.71,40.03
-0.74,39.93
-0.5,40.07
-0.54,39.89
-1.28,40.07
-0.52,39.83
-0.87,39.63
-1.26,40.04
-0.53,39.74
-0.33,40.01
-0.9,39.65
-1.12,39.74
-0.61,39.94
-0.72,39.92
-0.54,40.09
-0.69,39.89
-1.28,40.06
-1.33,40.06
-0.63,39.91
-0.94,39.59
-1.15,39.85
-0.51,39.89
-0.68,39.61
-1.26,40.13
-0.17,39.98
-0.56,40.03
-0.96,39.72
-0.52,40.07
-0.47,39.85
-0.42,39.83
-1,39.76
-0.35,40.03
-0.36,40.02
-0.31,40.01
-1.26,40.02
-0.6,39.9
-0.54,39.54
-0.57,39.93
-0.71,39.91
-0.06,39.93
-0.39,40.04
-0.38,40
-0.47,40.08
-0.15,39.96
-0.56,39.9
-0.13,39.96
-1.3,40.13
-0.37,40.05
-0.52,40.06
-0.66,39.6
-0.54,39.9
-0.42,40.03
-1.11,39.78
-0.87,39.64
-0.7,39.9
-0.52,39.77
-0.37,40.08
-1.01,39.72
-0.44,39.83
-0.52,39.73
-2.444316,43.113765
-2.270726,43.165493
-1.04483,43.51918
-1.38613,43.59774
-1.38184,43.60638
-1.35182,43.61828
-1.41034,43.58825
-1.18112,44.39592
2.2743,41.997
2.3951,41.998
2.5158,41.999
2.6365,41.999
1.7931,41.903
2.7576,41.909
1.7965,41.723
2.7583,41.729
2.3984,41.638
2.6386,41.639
2.9988,42.27
2.8777,42.18
2.8775,42.27
2.6376,41.819
2.3959,41.908
2.6371000000000002,41.909
2.2764,41.817
2.8779,42.09
2.1548,41.907
2.758,41.819
2.1512,42.177
1.55,41.991
2.1536,41.997
2.7573,41.999
2.0356,41.816
2.0369,41.725
2.2774,41.727
1.9182,41.634
2.3934,42.178
2.3942,42.088
2.5165,41.909
2.5178,41.728
2.9988,42
2.9988,42.09
1.4403,41.539
2.156,41.816
2.1572,41.726
2.9988,42.18
2.0423,41.365
2.5185,41.638
2.7566,42.18
2.1524,42.087
1.7914,41.993
2.2754,41.907
1.9167,41.724
2.6381,41.729
2.3976,41.728
2.2784,41.637
1.6707,41.992
2.3968,41.818
2.9988,41.91
1.4381,41.629
2.5172,41.819
1.6726,41.902
2.5137,42.269
3.1194,41.91
2.636,42.089
1.62,41.41
-4.47,40.330002
-4.73,41.220001
-5.54,40.580002
-6.97,43.110001
-8.57,42.860001
-4.71,40.5
-4.71,40.59
-3.78,41.950001
-5.52,40.130001
1.49,42.040001
-7.59,42.759998
-3.89,40.509998
-4.24,40.509998
-8.82,42.32
-4.13,40.959999
-4.13,41.139999
-4.25,40.959999
-4.49,41.049999
-0.94,40.32
-5.05,40.049999
-2.82,43.130001
1.73,41.950001
-3.54,41.060001
-4.6,40.959999
2.22,41.5
-5.87,40.029999
2.94,42.32
-2.32,43.310001
-3.53,40.599998
-4.12,40.419998
-4.75,42.029999
-8.7,42.59
-8.82,41.869999
-4.25,41.049999
-4.73,41.400002
-0.71,40.040001
2.46,41.959999
-3.77,40.959999
-3.91,42.040001
-8.57,43.220001
2.22,41.68
-0.25,40.029999
2.94,42.23
-3.77,40.599998
-3.77,40.779999
-4.4,42.310001
-8.82,42.23
-5.91,40.93
-4.01,40.959999
-3.3,41.599998
-0.95,40.049999
-1.05,40.59
-0.83,40.049999
2.46,41.779999
2.46,42.139999
-3.42,40.970001
-5.42,40.490002
2.22,41.59
-3.18,42.049999
-3.79,42.130001
-0.48,40.130001
-3.77,40.869999
-5.89,40.389999
-4.25,41.23
-5.46,41.48
1.61,42.130001
1.73,42.040001
-4.12,40.689999
-4.26,41.77
-6.08,41.200001
-6.43,41.299999
-6.71,40.220001
-4.72,40.950001
-4.83,40.5
-4.83,40.59
1.74,41.59
2.34,41.959999
2.34,42.049999
2.45,42.23
2.94,41.689999
-3.65,40.419998
-4.24,40.419998
-7.85,42.310001
-8.08,42.669998
-8.58,42.049999
-8.7,42.5
-8.94,42.049999
-4.49,40.959999
1.97,42.220001
2.7,41.689999
-3.41,40.610001
-3.65,41.049999
-3.89,40.869999
-7.95,43.209999
1.86,41.59
-3.42,42.23
-3.66,41.869999
-4.04,42.580002
1.49,42.130001
-4,40.419998
-8.82,42.049999
-3.77,41.139999
-4.49,41.139999
-3.18,41.599998
1.61,42.040001
-4.7,40.23
-4.87,42.029999
-4.59,40.41
-4.59,40.5
-4.94,40.32
-5.06,40.32
-3.3,42.32
-3.67,42.59
-3.91,42.490002
-3.65,40.959999
-3.88,40.330002
-8.58,42.32
-8.7,42.32
-4.36,40.779999
-0.71,40.310001
-1.08,39.689999
-2.69,43.130001
-4.12,40.330002
-4.14,41.77
-4.24,40.599998
-4.71,40.32
-5.92,41.110001
-3.54,41.689999
-3.54,41.869999
-5.64,40.130001
2.58,42.139999
2.94,41.779999
2.94,41.959999
-5.02,42.75
-7.71,43.209999
-3.65,40.599998
-3.89,40.779999
-7.61,42.130001
-7.97,42.310001
-4.63,42.130001
-8.58,42.139999
-8.58,42.23
-8.82,41.959999
-8.94,42.32
-4.05,43.389999
-0.82,40.32
-4.62,41.68
-2.94,43.310001
2.19,42.18
0.95,41.68
3.09,42.23
2.7,42.2
1.84,41.77
1.93,41.75
2.07,41.99
2.06,42
1.88,42.11
2.27,41.68
2.82,42.17
2.29,41.64
1.35,41.34
0.64,41.62
2.48,41.77
3.1,42.2
2.74,42.16
2.03,41.77
2.42,42.38
2.83,41.87
1.95,41.84
2.88,42
1.9,41.75
2.75,42.11
0.95,41.91
2.53,42.22
2.47,42.21
3.2,42.32
1.75,41.82
0.89,41.69
2.74,41.8
2.52,41.93
2.11,41.3
2.24,42
1.88,41.79
1.96,41.75
2.93,41.79
1.84,41.76
1.6,41.96
1.41,42.05
0.35,41.37
3.1,42.24
2.02,41.76
3.12,42.26
2.62,41.98
2.24,42.22
1.03,41.09
0.82,41.68
1.81,41.74
2.44,42.25
1.91,41.77
2.19,42.2
2.21,41.67
2.59,41.72
2.55,42.22
1.99,41.79
2.24,41.98
2.82,41.98
1.17,41.4
2.52,41.94
2.1,41.57
2.06,41.93
2.77,41.82
1.63,41.56
2.25,41.92
1.28,41.56
1.42,41.82
2.46,42.15
2.83,41.97
2.11,41.56
2.75,42.37
1.82,41.72
3.12,42.12
1.25,41.73
1.88,41.86
3.11,42.15
1.51,42.35
3.09,42.13
1.01,41.89
2.23,41.92
2.23,42.1
1.97,41.81
1.87,41.77
2.22,41.57
2.54,42.05
2.35,41.69
1.87,41.72
2.26,41.62
2.27,41.92
1.9,41.76
2.11,41.55
2.46,42.17
1.6,41.94
2.48,41.89
1.97,41.84
1.89,41.82
2.56,41.72
2.23,42.08
1.53,41.98
0.7,41.66
1.02,42.1
3.12,42.1
2.82,41.99
0.94,41.85
1.02,41.99
0.64,41.63
2.27,41.95
2.13,41.95
2,41.71
1.15,41.92
2.2,41.68
2.82,41.93
1.88,42.1
1.86,41.7
2.19,42.19
1.65,41.99
2.46,42.02
2.25,41.59
2.05,41.64
1.54,41.6
1.97,41.76
2.34,42.01
2.25,41.93
2.6,41.98
1.56,41.52
2.98,42.29
2.28,41.96
2.2,42.15
0.91,41.68
2.05,41.78
0.94,42.21
0.9,42.17
2.05,41.76
2.92,42.31
2.17,41.71
2.8,41.98
1.45,41.59
2.29,41.99
2.53,41.58
2.26,41.75
0.55,41.77
0.9,42.16
2.81,41.92
0.7,41.68
2.51,42.18
1.84,41.74
1.23,41.56
0.87,41.87
2.12,41.31
2.23,41.62
1.52,42
0.91,41.7
3.04,42.21
1.3,41.83
2.82,41.88
0.89,42.05
2.15,42.4
2.14,41.51
2.25,42.03
2.07,41.63
1.54,42.01
1.91,41.78
2.95,42.43
3.1,42.11
2.29,42
2.35,41.87
1.84,41.68
2.28,42.23
0.93,41.9
3.05,41.81
1.39,41.29
3.1,42.34
3.1,42.21
2.63,41.96
1.84,42.06
2.13,41.52
1.46,41.85
1.71,41.91
0.8,41.75
2.17,41.58
1.81,41.73
2.74,42.17
1.85,41.6
1.5,41.73
0.8,41.7
1.83,41.78
0.81,41.8
2.25,41.54
1.88,41.92
2.17,41.91
2.56,41.99
2.27,41.93
2.63,41.97
2.11,41.76
3.17,42.01
1.29,41.33
2.46,42.16
2.51,42.07
2.54592,42.53604
-1.00189,43.76651
-1.28294,43.48315
1.95456,43.31419
2.29064,43.67662
2.82948,43.03031
3.04314,43.65678
-0.28696,43.73492
-0.25721,43.92781
-0.29282,42.99159
2.68993,42.69921
3.13524,43.45789
1.7731,43.37702
2.39369,43.07462
2.35903,42.52329
-0.32026,43.45378
2.23841,42.82473
2.52309,42.64362
-1.19662,44.03328
-1.47571,43.40167
2.98092,42.49971
-0.35014,43.32004
2.98118,43.03959
0.04877,43.49864
1.83667,43.80484
-1.23209,43.55208
-0.69907,43.42652
-0.83002,43.34989
2.35999,42.47312
2.44257,42.55889
2.83367,43.86535
2.06502,42.5217
-1.32507,43.45629
2.70576,42.47518
2.52068,42.76262
-6.524487,41.517161
-6.898532,41.579975
2.319933,42.909127
-3.884735,40.851621
-3.869727,40.718477
-8.648939,42.858555
-7.257967,42.894686
-0.90463,44.02745
0.34026,43.10617
-8.478667,41.171122
-8.4838,41.156933
-4.301888,40.361292
-4.839671,42.065748
-3.503857,40.41706
-3.817317,40.725158
-8.513565,42.138758
-8.497396,41.096533
-4.875065,41.988997
1.753745,41.831637
1.935248,41.778509
1.944788,41.820805
1.879098,41.973942
2.376742,41.627343
-3.875473,40.729303
9.195396,40.45968
-3.720523,40.400344
-2.940038,40.926496
9.119933,40.423853
0.4591,43.674299
1.634933,41.79254
-7.465695,41.739573
-4.930062,40.246686
-3.535086,42.173765
-1.01522,45.03629
-5.524959,42.296029
2.748826,42.485952
2.307568,42.376909
-5.245655,42.22522
-3.881144,41.316418
-4.536623,42.007496
3.02587,42.375131
-3.2815820000000002,40.974387
-7.631109,42.989927
-0.013798,43.63928
-8.634146,42.11116
2.739268,42.497968
-4.283241,40.355428
-6.746099,41.843823
-8.473611,42.081111
-6.97798,43.059953
-8.749273,41.937921
-5.757789,41.040572
-8.316399,41.502404
0.166154,43.830478
2.225903,42.827953
-3.668328,40.786159
-0.159974,43.652848
-8.719947,41.505379
2.328094,42.121242
-7.633479,43.070199
-3.990329,42.205405
-5.48419,42.274136
-3.489003,41.104016
-7.517554,42.980498
2.467309,41.771619
-5.01529,40.159133
2.281919,43.425843
3.110556,42.219444
-0.753336,43.304068
-0.141414,43.654767
1.986991,41.694617
-7.688119,43.289855
-7.686157,43.301441
-7.533562,43.00418
-8.778338,41.535224
-1.49284,43.45528
-8.737518,41.573134
-3.515428,41.078748
-3.473485,40.430032
-5.74054,41.034621
2.29016,43.50212
2.28646,43.53668
2.26269,43.56321
2.172713,41.59417
-5.586558,42.604888
-1.4747,43.47409
-5.546426,40.958835
2.879403,42.194614
-4.312794,42.661669
-6.279202,41.492488
-3.790728,40.532777
-5.502388,42.280753
3.111687,43.586415
-8.756753,41.511215
-5.581562,42.257512
-8.579679,41.776163
2.994422,43.685038
-0.631581,41.018134
-0.718015,43.554036
-7.635162,43.0207
-7.452223,41.717628
0.506661,43.673091
-8.512326,41.408019
-3.799467,40.665223
-3.530466,41.066513
2.510144,42.214056
-7.561456,41.712349
3.105779,42.355123
-3.246361,40.555934
2.670456,41.74414
2.74393,41.818588
-8.19875,41.394673
-8.309835,41.376417000000004
2.58249,42.662453
-3.559888,40.549994
2.720202,41.919028
1.963254,43.307236
-8.664342,41.397405
-3.494186,40.789879
-8.280163,43.280773
-6.756098,41.803861
-8.745269,41.692703
-8.901122,42.112159
1.651048,41.535977
-8.660313,42.689272
-8.639889,41.768587
-8.418383,41.841802
-7.097975,41.208896
-6.309058,41.84186
-3.605129,40.582537
1.88485,43.05817
2.58905,43.21368
2.8713,43.32975
2.94847,43.76468
2.37739,42.81941
2.83911,44.0857
2.72133,43.36331
2.68826,42.63865
2.44589,42.9464
2.79781,43.50171
2.63788,44.00648
2.78269,42.62557
1.83505,42.55535
-7.080645,41.13056
-0.94917,44.66095
-6.479539,40.762951
-0.47842,43.44339
2.83451,42.6518
2.14837,43.20006
2.83779,42.55591
1.71441,43.11077
2.30508,43.15467
-0.575,43.04451
2.60419,43.096
1.62753,43.40723
2.92074,42.58448
-1.38605,43.3619
2.91049,43.31134
3.15098,43.65588
-0.20909,43.16787
-1.46603,43.49233
-0.25059,43.37897
2.23915,43.04997
3.29976,43.55468
2.89897,42.69643
-4.273569,42.794949
-8.851985,42.123878
3.29713,43.27299
-1.11536,43.67028
3.12135,43.61911
3.48326,43.59833
-6.698533,41.193675
-8.978275,41.631324
2.978095,42.3618
2.167573,42.304912
-8.841776,41.874248
-6.804801,42.517909
2.756968,42.497067
-6.465996,42.476253
-5.530646,42.25196
-4.6956,41.650829
-0.046759,42.859968
2.620647,41.738229
-7.556399,43.007132
-6.276766,42.727979
-8.376916,42.081504
2.597591,42.395926
2.600273,42.667626
-1.28335,43.52126
-1.31252,43.54573
0.09365,43.17869
-7.08162,40.367645
-7.245048,41.365372
3.22071,43.44159
-0.7864,44.48607
2.04427,43.04086
-1.42959,43.59526
1.32857,45.76216
-0.16005,43.28702
-1.20916,43.61617
-0.73261,43.25805
2.34342,43.20942
-0.07698,43.1076
2.85769,43.01817
-0.88199,43.35284
0.01141,44.64808
2.24225,42.59621
-0.38399,43.51158
-0.88313,43.21681
-6.530716,40.599399
2.50742,42.82071
-0.5658,45.36447
3.11238,43.28113
-0.24999,43.54159
2.83125,43.22645
2.55058,42.65604
-0.91003,43.60866
1.82805,43.36897
2.84858,42.59391
2.89663,43.28367
-0.32273,43.43817
2.28095,42.96356
2.76457,42.70532
-0.33708,43.2926
2.81628,43.20008
2.80081,42.46008
-0.89563,44.61777
2.35088,42.87849
-0.04184,43.05266
2.36174,43.66234
2.42301,43.70557
-0.435039,43.532718
-0.73748,43.32853
2.75857,42.6433
0.4008,43.28947
2.16301,42.93066
-0.11888,43.25972
3.16625,43.61273
-0.91521,43.35464
2.89498,42.57503
1.685411,41.551137
-8.877979,41.764211
-0.82579,43.38407
-1.27635,44.02009
2.978795,42.207127
-6.084603,40.028053
-7.577587,41.640876
2.75081,41.969377
1.404987,41.812272
-6.942747,41.026393
2.956373,42.174982
-8.637782,42.086443
-3.660073,42.343648
-7.180171,41.491528
-2.780325,41.891508
-7.951915,41.110236
-0.47313,43.31366
-7.211662,41.383637
-5.338444,42.530814
-0.191968,43.475617
-8.301104,41.516391
-0.141917,43.679253
-8.697054,41.525023
-5.553185,41.86022
-5.982149,43.291176
-8.529381,42.073425
-8.012288,43.037943
2.642968,42.69255
-6.407057,41.610437
0.022039,43.689834
1.89268,41.810562
-7.865463,42.325679
0.837989,41.852284
1.942538,41.709712
-8.044807,43.669801
-5.66354,40.970104
-6.962047,40.512328
-8.817843,42.160168
-5.623415,40.96464
-8.607183,42.345276
-7.56993,41.676172
2.612559,42.674803
-4.844342,39.995787
-3.6352,40.9979
-8.467867,42.232803
-1.51736,43.42654
-9.260514,42.904503
-8.320116,41.439223
-4.769522,41.544656
3.235983,43.406867
-4.022239,40.825058
-8.270161,41.24678
0.557164,43.677437
-6.91844,40.615861
-4.179633,42.89388
3.131018,42.270132
1.846072,42.309611
-5.621141,39.583309
-7.721975,42.578311
-1.984324,41.410185
-5.755368,40.03061
-5.145738,42.92561
-6.401173,42.105686
-1.988501,41.139986
-3.411929,40.593038
-5.70212,42.425785
-4.040163,42.760912
-1.399466,40.863084
-3.17885,40.69386
-7.718291,42.758386
-0.721607,39.86081
-5.555131,40.93596
-2.941831,41.054335
-7.70699,43.298511
-5.718585,42.012935
-1.858382,41.769261
1.733752,41.858111
-9.18532,42.945511
-5.026231,43.017811
-5.659403,40.57331
1.847715,42.219561
-7.703157,43.478612
-1.96703,42.490811
-3.545073,42.043861
-3.537537,41.143185
1.976097,41.770461
-4.964281,41.03761
-6.052352,42.0069
-4.362238,40.685961
-4.823194,40.229184
-6.711172,43.553062
-3.431005,43.034961
-5.638296,40.03336
-5.587008,41.745811
-2.466549,40.963035
-4.639217,42.303636
-3.531287,42.392063
-6.763722,42.113361
3.179503,41.864961
-5.487835,42.288335
-7.587899,43.117061
-0.697352,40.580985
-7.837101,42.939736
-8.083506,42.851935
-6.556297,41.208511
-2.820855,41.77481
-5.94636,41.826925
-6.159579,42.099961
1.126357,42.029911
-6.484797,39.94591
-7.103286,42.539284
-9.03877,43.193392
-8.078142,43.212112
-6.59544,40.128436
-4.356762,40.415785
-6.291837,41.833011
-6.015193,42.073481
-3.528944,40.062185
-4.258468,40.798626
-0.497779,39.58596
-4.134823,41.228911
-2.448972,43.034462
2.096408,41.771486
-5.989892,41.104291
-8.817322,43.03556
-5.601601,42.10571
-0.925107,40.855535
1.254483,41.761736
-3.656703,41.142561
-5.534596,40.39596
-5.908655,43.552676
-5.353273,41.930961
-7.604173,42.396836
-7.953512,43.301062
-5.748156,39.85061
-0.487994,39.85596
-5.330473,41.301011
-2.225737,41.231911
-4.344303,39.78531
-5.962305,39.844959
-2.571106,43.125036
-4.755494,42.121785
1.850972,42.039461
2.456578,41.863786
-4.930484,39.867134
-5.449813,41.298511
-0.604804,39.858435
2.816997,42.225211
1.388163,41.223285
-4.524474,42.575386
-8.576144,42.404536
-7.088029,43.379911
-3.180315,41.23436
-4.229153,39.87666
-7.71502,43.171445
-4.932995,39.957186
-5.502137,42.648236
-4.113693,39.96791
-6.198859,41.20036
-6.048247,42.186871
-5.699618,41.563111
-3.299233,41.144011
1.244619,42.121861
-2.45452,42.404111
-1.736327,41.858061
-7.826791,43.479936
-3.419529,41.323835
-3.429764,42.854887
2.818282,41.774861
-2.34684,41.05251
-4.480543,40.68451
-3.762448,39.97076
-3.904981,41.861435
-7.221909,43.021861
-8.574286,42.674685
-0.39821,39.133309
-8.325335,43.123761
-5.286972,40.040785
-2.819587,42.225161
-4.03866,42.670861
-7.612063,42.036686
-8.091408,42.311687
-1.978672,41.770411
-1.964055,42.670861
-1.748542,41.227711
-5.537967,40.485985
-8.449858,42.944336
-6.268752,42.37276
-1.022092,41.577785
-4.97781,41.487735
-5.121193,42.205661
-6.367859,39.94331
-4.646252,42.573686
-5.397603,43.10071
-7.977321,41.860385
-0.614125,39.58841
-1.596012,42.75701
-6.979544,42.927811
-5.239063,42.113361
-5.517455,42.271603
-4.743193,41.671661
-8.329266,42.763586
-6.2842,42.012935
-8.212725,42.31256
-4.151979,40.358317
-1.426841,39.692334
-3.549758,42.58421
2.222131,41.322035
3.180778,42.315261
-8.518335,42.085241
-6.29748,43.324708
-2.585955,40.87346
-5.467777,40.968384
-2.451372,42.764312
-4.406708,42.75696
-4.722208,41.052898
-2.45838,41.953811
-4.158987,42.579636
-6.850814,43.105561
-5.413656,40.30846
-4.503034,41.675035
-4.602242,40.276383
-7.577429,43.567111
-1.384054,41.49336
-6.187259,41.47026
-7.725623,42.398236
-0.933491,40.58546
-3.062189,42.495436
-7.961156,42.850886
-1.342059,43.113811
-8.44467,42.23949
1.385968,41.313336
-4.584389,42.55491
-4.394664,42.216785
-3.892558,40.960809
-4.00592,40.59956
-3.418393,41.143661
-5.677422,41.023235
-5.152956,39.502835
-3.305153,42.405011
-6.646189,42.02096
-7.923707,42.888913
2.817772,41.955011
-4.961617,40.947585
0.643497,42.021035
-5.293028,40.22086
-3.673558,42.76366
-3.063031,43.305886
-5.807732,41.290336
-3.676494,43.033786
2.393625,42.036098
-3.36,40.38
-6.075777,43.565163
-3.668733,42.313411
1.372442,41.853561
-3.901177,41.591286
-4.245614,40.777384
-5.597917,42.015736
-5.008713,42.47786
-7.104772,42.83991
-3.306028,42.58511
-3.06074,40.96426
-5.548226,40.75596
-5.439762,41.028536
-1.729156,42.218235
-5.590633,41.835761
-4.581915,39.962486
-2.446551,43.304586
-4.562553,42.579276
-4.605766,42.118283
-8.449079,43.034385
-3.179093,40.78396
0.619861,42.650911
-5.835203,41.920061
-3.421274,41.594035
-2.940247,42.76561
1.363227,42.213661
-2.575416,42.494685
-2.570465,43.215061
-4.728813,41.131461
-5.968073,40.114989
-4.615841,42.055897
0.536695,41.658536
-5.86356,42.549735
-7.835378,43.029786
1.261744,41.49166
-5.058133,40.22526
-8.196495,43.573161
-7.852027,42.129411
-3.060578,40.784111
-3.908822,42.131636
0.896736,41.66571
-8.697647,42.404911
-0.821244,40.40321
-5.847238,42.189911
-5.620202,42.555536
-3.768535,40.51126
-0.818344,40.493235
-2.703833,41.053986
-6.397499,42.19566
-7.541247,42.874626
-3.897444,41.321085
-7.334817,43.38381
-2.576044,42.404636000000004
-5.605302,42.195686
-6.179425,41.650185
-3.897528,41.359215
-4.940655,40.227286
-2.477881,40.001339
-4.627661,41.85346
-9.184783,42.76541
-4.17259,43.299911
-2.224672,41.321961
-7.214059,43.291911
-1.645836,40.415834
-8.214962,42.132461
-3.061243,41.504711
-8.3213259999999991,43.483936
-1.381812,41.583411
-5.851277,42.279886
-3.179578,40.964161
3.181035,42.405311
-3.64706,40.15166
-4.701187,40.050885
-1.290113,40.501185
-4.131712,41.048786
-1.462669,43.205561
-1.62926,41.22636
-3.798069,42.942936
-4.322965,40.406849
-4.149128,42.039411
1.624833,41.316436
-8.33595,42.133211
-7.118377,42.38991
-5.397803,39.85841
-4.112246,39.877835
-3.301723,41.684511
-8.447447,43.214462
-4.625383,41.763461
-4.1462580000000004,40.34187
2.338846,41.592986
-2.4614,41.593561
-0.307358,39.94829
-6.834884,43.555461
-8.455395,42.313961
-7.712683,43.028486
-4.041673,42.85096
-8.939894,43.215786
-5.320921,41.03101
-8.57244,42.944861
3.059274,42.135286
-7.219304,43.111861
-0.730495,39.590735
-4.46874,40.14416
-2.70463,40.87381
2.938249,42.135286
-1.403779,40.682985
-4.255838,41.317711
-6.295613,41.743034
2.097422,41.81276
-4.0197329999999996,41.500211
-3.422474,41.774186
-8.819932,42.135011
-7.487022,42.215211
-6.130269,40.02776
-1.585729,43.207161
-7.83878,42.849711
-6.39381,42.285637
-3.793482,42.582786
-5.970018,40.204984
3.139246,41.874899
-1.292374,40.411135
-1.186604,39.959084
-3.423661,40.530884
-5.100443,41.575611
-2.939987,43.035762
-1.273834,41.13151
-1.982941,41.500235000000004
-8.335007,42.223261
-3.182848,42.135061
-3.553767,43.034436
-5.648689,40.958052
-4.39863,42.396861
-5.423341,40.57851
-2.328187,42.853712
-4.773163,42.751862
-6.107328,40.567635
-6.816785,42.456186
-5.308386,40.67091
-2.816422,43.305762
-2.93981,43.215861
1.271287,41.131511
-0.62464,43.10611
0.03863,42.88311
-0.61395,43.11828
-0.59552,43.17111
-0.0831,42.99567
-2.695805,42.765211
-9.18505,42.855461
1.857405,41.67926
-8.940004,43.125735
-2.215972,42.042461
-5.770001,40.39056
-7.589953,43.027036
1.128994,41.939911
-3.903692,41.771386
-1.283179,40.771335
-3.995302,39.878935
-1.278539,40.95141
-5.466845,41.748435
-2.45374,42.494161
-3.302143,41.774561
2.363548,43.224223
-5.583401,41.65586
-8.451456,42.764235
-6.155549,42.18991
-7.608137,42.216761
-3.6576,41.23261
-8.695012,42.94526
1.252016,41.851785
1.742535,41.40786
-3.538283,41.233261
2.938009,42.405436
-7.729262,42.218161
2.331367,42.313461
-3.18632,43.305761
1.134234,41.759861
-2.704227,40.963909
-3.430366,42.944935
-5.336913,41.481011
1.01401,41.75786
-6.059353,42.959885
1.88704,41.880707
-3.541279,41.593536
-7.521307,42.959579
-4.738356,41.49161
-5.86766,42.639687
-5.937544,42.067723
-2.82035,41.954961
-3.062835,43.125811
-8.200065,43.303061
-7.585824,43.207061
1.728373,42.128236
1.735525,41.76806
-2.940845,42.135211
-4.528871,42.755411
-7.451346,43.655536
-5.504808,39.58586
-2.81933,42.315211
-8.571803,43.034886
-1.410208,40.412835
0.03213,43.37804
-4.031248,42.220662
-3.306468,42.675162
-4.162342,42.759736
1.621028,41.496536
-3.06033,40.51381
-0.812473,40.67331
2.938347,42.045211
-5.827255,41.740137
-8.573694,42.764737
-5.829591,41.477067
-3.41556,40.69326
-2.941742,41.144411
1.49075,41.94521
-7.575295,43.657136
-8.817855,42.855461
-5.296071,40.31086
-5.443106,41.11851
-5.097533,41.485611
-5.077518,40.855461
-4.775736,42.841911
-0.303059,41.563186
-6.976594,43.017811
-4.513623,42.125211
-3.91532,42.581861
2.102636,41.321136
-6.122698,40.207735
-5.323558,40.109447
-3.429119,42.764836
-2.452167,42.67426
-5.714737,41.922986
-6.190174,41.654392
-2.940346,42.675536
1.611357,41.946761
-4.262827,41.677935
-5.400946,39.94841
-2.447343,43.214536
-2.820097,42.045011
2.696685,42.044811
-1.337179,43.293811
-4.871119,41.939835
-7.643076,42.797272
-3.920638,42.94201
-4.273514,42.218186
-8.574924,42.584636
-3.062023,42.315311
-5.080327,40.945485
-2.940409,42.585486
-5.112207,41.935636
-2.819842,42.135061
2.816475,42.405311
-6.067668,41.467286
-4.828049,40.409284
1.744267,41.317811
-8.699369,42.044686
-2.82378,40.69386
-3.306913,42.76521
-3.898706,41.411135
-9.185593,43.03556
3.059084,41.955136
-2.349484,40.782285
1.147132,41.309761
-3.725675,42.343681
-7.178152,43.556961
2.826737,41.945928
-5.876213,40.11776
0.773599,41.75346
-3.061429,41.684886
-0.595336,40.12851
-5.956623,42.276854
-3.427289,42.494685
1.139429,41.57981
-3.667783,42.223311
-4.227559,39.786584
-3.7706,40.69146
-3.183359,42.315186
3.059444,42.315386
-5.190147,40.673236
-4.616371,41.40331
-5.823337,41.650184
-2.460639,41.683635
-4.815988,39.95906
-3.675577,42.343937
-3.06133,41.59481
1.974662,41.860511
-3.658505,41.32271
-3.061588,41.865011
3.180013,42.045061
-2.450577,42.85436
-5.795436,42.744293
-2.823062,40.964161
-7.208764,43.471911
-5.416868,40.39846
-3.662168,41.682961
-5.673796,40.93326
-5.579718,42.596245
-5.569141,41.29591
-1.299178,40.140985
0.650127,41.841061
-5.346686,41.750961
-3.879522,39.969935
-1.027573,41.39776
-1.016595,41.757836
-0.03838,39.935037
-5.954536,42.18687
-5.124213,42.295661
-5.762776,41.495846
-3.296075,40.2596
-1.392938,41.133236
1.862152,41.409111
-0.250844,39.94071
-2.45914,41.86376
-5.181387,40.403185
-3.179335,40.87406
-6.511427,42.37831
-3.424248,42.044361
-2.698842,42.134811
-5.67724,40.942261
-1.191341,39.778984
-6.479792,41.291458
-4.295848,43.298612
-3.917979,42.761935
2.696266,42.134885
-8.454606,42.404035
-0.694246,40.67101
-3.993452,40.753761
-5.509373,42.82816
-5.576241,41.47586
1.027735,41.30776
-4.584802,42.568172
-7.716422,42.84841
-5.109253,41.845611
-3.06247,42.765611
-4.235656,40.236985
-4.681104,42.057702
-8.456172,42.223911
-2.836243,42.995063
-2.760412,41.899163
-6.157603,40.471747
-0.601644,39.948484
0.878908,42.205711
-3.783642,40.394692
-3.06265,42.945711
2.333267,42.133361
-5.679715,40.96328
-7.840451,42.759685
-5.501571,39.49586
-6.159249,43.473597
-4.408748,42.847012
-6.535928,41.748436
-4.466805,40.05411
-7.579544,43.477111
-3.533904,40.692785
-4.492674,41.224835
-5.023267,42.927837
-6.697434,40.58091
-4.008958,40.81683
0.656686,41.66106
-1.710695,43.118561
-5.266254,39.410584
-4.004575,40.50946
-3.79619,42.352045
-1.375019,41.85351
-3.426049,42.314536
-3.912698,42.401761
-3.179825,41.05421
1.367857,42.033611
-5.044664,39.775084
-3.060671,40.874185
-3.878383,39.87986
-4.024014,41.770385
-4.388759,41.946685
1.123704,42.11991
-4.152402,42.219485
-7.458227,43.385512
-4.983318,41.667761
0.88904,41.653772
1.914384,41.521925
-8.433741,42.243542
-3.910089,42.221685
2.216702,41.772361
-0.559542,41.11856
-3.298415,40.96391
-0.930713,40.67546
-5.766307,40.300585
-5.011601,42.567861
-3.18469,42.765461
-4.028319,42.040536
-0.56287,41.02856
-4.71943,40.771285
3.059506,42.405436
-2.449777,42.94441
-5.710938,41.833011
-3.55295,42.944411
-3.895006,41.140935
1.970317,42.130661
-1.176999,40.319285
-5.380232,42.650836
-2.579046,41.954335
-2.695376,42.855286
-4.27172,42.12816
-2.219261,41.772285
1.855807,41.769311
-4.297765,43.388611
-3.893762,41.050886
-7.471729,42.845411
-7.342159,43.113711
-0.357341,40.21336
-2.573599,42.764836
2.817517,42.045061
-7.949864,43.46295
-4.360408,40.59591
-3.378371,40.422301
-1.512016,41.134834
-3.178143,40.423635
-7.465024,43.115461
-3.534635,40.78286
-1.866272,41.319011
1.615236,41.766685
-5.034099,39.414884
1.740792,41.497911
-2.9419,40.96426
-4.400649,42.486885
-6.374803,42.897652
0.792007,41.213385
2.208921,42.402736
-7.723821,42.488285
-4.316391,42.579178
-2.821102,41.684761
-1.349313,42.843786
-0.718621,39.95086
-5.935092,41.467286
-4.036505,42.879765
-1.420677,39.96251
-8.167992,42.889289
-0.284124,42.012986
-5.055402,40.135235
1.737287,41.678011
-5.184291,40.49321
-2.700115,41.86461
-5.217231,41.48336
-3.427881,42.584737
-2.462161,41.503485
2.337948,41.683036
1.981788,41.410236
-5.692158,41.383161
-3.646216,40.061584
-1.276192,41.041461
1.249569,41.94181
3.116467,42.239475
-5.407262,40.128435
-8.079495,43.122061
-5.379259,39.318234
1.854202,41.859361
-5.730165,42.282835
-6.412142,41.835761
-8.66179,42.740804
-5.324091,41.12101
-8.695457,42.855212
-5.235903,42.023361
-6.467555,43.457886
-5.691138,41.934144
-3.061684,41.955086
-5.694351,41.550648
-8.575514,42.494586
-5.066366,40.49536
-2.697971,42.314935
-8.207047,42.76281
1.978961,41.590335
-7.206099,43.561911
-2.142385,40.167088
-1.509998,41.224886
1.390391,41.133235
-5.379659,42.68482
0.543515,41.47856
1.492867,41.855211
-8.817057,43.125612
-3.746981,42.304392
-5.939182,41.557234
2.817257,42.135161
-5.971962,40.294976
-6.522025,42.108385
-5.223398,41.663361
-1.985743,41.320136
-3.896223,41.231011
-2.332055,42.493511
-8.07542,43.392161
-1.537725,39.96406
3.180523,42.225211
-4.022562,41.680336
-6.091664,40.92751
-1.989906,41.049935
-3.791209,42.402685
-6.332559,40.84326
-3.520885,42.398998
-7.460493,43.295486
-4.641548,42.39366
-4.507233,41.855111
-2.942217,40.603911
0.893798,41.75571
1.383729,41.40336
-2.940999,41.955085
-6.766879,42.023361
-0.374638,39.76341
-2.330132,42.67361
2.330412,42.403511
-4.78183,42.083429
-3.546618,42.223961
-5.382292,39.408285
-3.786713,42.042461
-4.892556,42.659911
3.301706,42.224936
-4.160682,42.669686
-2.465116,41.143185
-7.530161,42.887432
-4.900808,42.92996
2.214497,41.952461
-2.584262,41.143661
-6.408507,41.925761
-3.18007,41.14426
-3.711383,42.337575
-1.287799,40.591235
-4.476573,40.50441
0.757861,42.203411
-4.517926,42.305311
1.973222,41.950561
-1.773436,39.876684
-9.062734,42.945636
-5.527871,40.21596
-6.585844,40.39846
-3.88894,40.69061
-1.221809,43.021961
-7.7107849999999996,43.118511
2.577656,41.774235
-4.247279,40.867435
-8.818645,42.58531
-2.818025,42.765461
-7.975906,41.950435
2.492798,42.180977
-7.97445,42.040511
-7.462769,43.205461
-4.903581,43.019961
3.088821,42.216835
-3.919287,42.851987
-6.063578,41.557234
-6.037817,42.636766
-2.208111,42.672836
-5.485187,42.518552
-3.889047,40.569205
1.497077,41.675111
-2.692672,43.395562
-7.216701,43.201886
-3.774793,41.051759
-5.883852,40.297685
2.487404,42.165668
-5.800056,41.11036
-3.916643,42.67191
1.370154,41.943561
3.026249,42.214544
1.268919,41.22156
-3.472844,42.052005
1.980356,41.500285
-2.572959,42.854886
-5.083173,41.035511
3.302123,42.315011
-8.940181,42.945636
-3.780146,41.502085
-5.220308,41.573361
-6.086606,41.491497
-5.115198,42.025661
-8.2116,42.402611
-2.22145,41.592161
-7.697342,43.748611
-5.147413,39.32276
-3.303431,42.044735
-5.631388,39.85331
-5.214168,41.393361
-4.150744,42.129436
-5.886601,43.408936
1.397885,41.423718
-5.707157,41.743034
-5.815501,41.47026
-7.701227,43.568612
-3.061146,41.414636
-2.44572,43.394611
-4.482529,40.774585
2.211173,42.222636
-7.864641,42.340009
-3.17861,40.60376
2.098901,41.591335
-7.358891,42.483635
-5.275614,41.745031
-2.213739,42.222585
1.016793,41.667836
-7.339713,43.203736
-8.696351,42.675086
-4.496789,41.404935
-2.817751,42.855535
1.376987,41.673461
-0.62939,39.138234
1.902386,41.798986
-2.822809,41.054235
0.653414,41.75106
-7.320732,42.071983
3.070898,42.057394
-3.674524,42.853686
0.676009,41.12101
1.136828,41.669835
-8.213845,42.222511
0.300493,41.563186
1.025014,41.397761
-5.005838,42.38786
-2.94142,41.50471
-7.082347,43.559862
-3.661245,41.59291
-3.547409,42.314035
-4.018314,41.410135
-6.183368,41.560236
-1.859975,41.67921
-2.345061,41.232635
-3.548965,42.494161
1.844433,42.399636
0.672836,41.211036
-5.759001,40.12061
-4.275349,42.308235
-7.349402,42.84371
-7.720118,42.668336
-4.46296,39.87396
-2.940939,42.045136
-3.652271,40.692185
-6.171549,41.83011
-3.424836,42.134436
2.816737,42.315261
-5.175586,40.22311
-1.234666,42.571936
-4.863249,41.669785
-4.997298,42.117861
-7.480529,42.485311
-7.959621,42.940935
-0.501012,39.49591
-4.284535,42.758411
-0.829897,40.13311
-4.927942,39.777085
-5.494927,42.468286
2.088721,42.311786
-5.942318,41.646947
-1.74682,41.31776
-7.825035,43.569961
-7.956596,43.120986
-5.551671,40.84596
-2.705027,40.783711
-6.467661,41.268575
-4.366663,42.913216
-8.323345,43.303861
-8.446632,43.304512
-6.314291,41.293185
-5.290012,40.130835
-0.585749,40.39856
-4.029785,42.13061
-8.818905,42.495261
-4.053912,42.968105
-7.356542,42.57366
0.767347,41.933461
-7.948847,43.571162
-4.584005,40.05256
-2.569832,43.305112
-7.361249,42.393611
-5.446451,41.20851
-6.587479,43.550511
-2.333962,42.313411
2.697537,41.864711
1.860575,41.49916
-1.625493,41.406436
-6.390079,42.375611
-4.93,42.97
2.458082,41.683661
-3.296808,40.60351
-2.586515,40.78336
-7.329864,43.563811
-4.364367,41.98798
-2.693127,43.30551
-5.071929,40.675434
-2.571711,43.034985
-3.535355,40.87296
-4.259461,42.779872
-5.106303,41.755611
-8.328271,42.853635
-3.181823,41.774811
-0.944479,40.22531
-5.069125,40.585386
-6.839361,42.408688
-4.001887,40.329335
-3.061845,42.13521
-5.684761,41.20321
-6.525514,42.018411
-9.062849,43.035687
-6.635241,42.53754
-4.367775,40.95616
2.091308,42.131686
-5.232753,41.933361
-7.850408,42.219436
3.980658,43.924264
-5.074711,40.76546
-3.65051,40.51201
3.059336,42.225336
-6.299403,41.653086
-4.531077,42.845436
-5.086032,41.125535
-4.157335,42.489611
-3.664958,41.953161
1.726591,42.218285
-2.338657,41.863111
-4.579866,39.872434
-5.178462,40.313135
-7.489164,42.125211
-6.857084,42.925561
-6.060442,41.646947
-6.276516,42.192862
-3.183633,42.405261
-2.340505,41.683011
0.89084699999999994,41.845711
-2.581962,41.503961
1.144574,41.39976
-4.988873,41.847761
1.264147,41.401611
-2.942525,40.24356
-7.602165,42.486861
-7.211417,43.381912
2.574652,42.224561
-7.102014,42.929911
-1.305862,39.87081
-4.634069,42.581064
-1.654788,39.965485
-3.156738,40.847783
-8.44826,43.124411
-1.528017,40.414411
-4.494704,41.314885
-3.997928,40.05906
-4.740768,41.581611
-7.714541,42.938436
-5.944307,42.39127
-3.776915,41.23186
-4.956301,40.76751
-4.898034,42.839936
-5.839198,42.010011
-3.55055,42.674261
-4.59883,40.682935
-0.846846,39.592934
-4.373393,41.226309
-1.301407,40.05091
-1.261897,41.581661
-8.500745,42.388166
-4.04319,42.940961
-5.404103,40.03841
-3.795765,42.762861
1.259332,41.581711
-8.092679,42.221635
-3.777983,41.321961
-4.34605,39.875386
-0.957953,39.775136
-6.036563,40.02499
-9.185865,43.125611
-6.306879,41.47311
-1.543453,39.693835
-3.060812,41.054336
-3.660317,41.502836
-7.455939,43.475511
-4.726456,41.04141
-3.432275,43.215061
-3.666838,42.133261
2.604046,42.207687
-5.762651,40.21061
-2.941092,41.865011
-2.94016,42.855661
-2.94214,40.69401
-6.075734,41.28736
-8.351733,42.581017
-1.837003,42.939836
-6.163587,42.010011
-3.29641,40.51346
-1.056791,40.40741
0.41052,43.48054
-4.142698,41.679211
-2.696682,42.58511
-4.632248,42.033561
-4.200221,42.819525
-0.133939,39.93786
-7.558794,42.508753
-5.302201,40.49091
-8.198868,43.393086
-3.781218,41.592161
-1.977242,41.860461
0.958933,41.916569
1.690492,41.595456
-5.722402,42.102886
-0.899305,41.66571
0.666413,41.39106
-6.175513,41.740136
-7.096459,43.109911
-7.82328,43.659961
-8.333116,42.403386
2.221036,41.412086
-3.76345,40.06086
-4.966952,41.127636
-4.371513,41.136261
-5.242238,42.203361
-8.201251,43.213036
-7.947277,43.661161
-8.486299,42.324518
-2.818287,42.67541
-3.675529,42.943736
-5.868661,39.93776
-3.792322,42.492736
0.776704,41.66346
-5.531228,40.30596
-7.478344,42.575311
1.499178,41.585086
-8.327316,42.943686
-4.770603,42.66186
-1.658281,39.785334
-4.860671,41.57976
1.019537,41.577811
-3.062743,43.03576
-2.820602,41.864861
-7.624327,43.478122
-2.941665,41.23451
-3.062369,42.675536
-3.302981,41.954686
-1.856782,41.859311
-4.601006,40.772985
-4.293255,42.667083
-3.18577,43.125661
0.646825,41.931061
-4.141108,41.589161
-5.508047,39.675885
-7.59407,42.846961
2.095119,41.861535
-7.96265,42.760861
2.092569,42.041636
-4.27899,42.488311
-5.612721,42.375611
-4.269934,42.038135
0.526319,41.928511
-0.712609,40.13086
-4.154019,42.309536
-3.060993,41.234511
2.452705,42.314111
-3.996626,39.968985000000004
-4.155689,42.399585
-6.887584,42.02561
-6.514972,42.288311
-4.12409,40.59846
-3.307358,42.85526
0.540107,41.56856
-5.473781,41.92841
1.984564,41.230085
-4.286409,42.848435
-4.698971,39.960835
-4.390697,42.036736
-1.7088,43.208611
-5.958501,39.664943
-4.43238,40.492515
-1.136796,41.759835
-4.986091,41.75776
-3.670653,42.49351
-4.410798,42.93706
2.079463,42.03517
0.52979,41.83851
-4.546124,42.575464
0.911224,41.21561
-6.095615,40.837536
-6.012848,41.104291
-6.463813,43.547837
-0.607918,39.76841
-4.136383,41.318959
-1.838671,42.849786
-1.181824,40.139185
-1.503823,41.494986
-5.275275,42.420009
-5.645268,40.21336
-4.12865,40.86866
-3.302568,41.864611
-3.696225,42.344712
-4.459148,39.69381
-6.046168,42.276852
-3.672585,42.673611
-1.855172,41.949361
-4.127112,40.778586
-3.061746,42.045136
-5.831226,41.83011
-7.469504,42.935411
-3.552148,42.85436
-4.765516,42.481861
-3.554559,43.124486
-3.30385,42.134811
1.617188,41.676636
1.849347,42.129511
1.247113,42.031836
1.71862,41.894737
-6.247327,40.03061
-4.012761,41.049885
-4.876387,42.119886
-3.29801,40.87381
-3.183898,42.49531
-8.687184,42.167637
-7.951976,43.391086
-4.611914,41.223235
3.179758,41.955011
-5.958686,42.366834
-2.579625,41.864261
-3.420131,41.413886
-2.339582,41.773061
-1.344484,43.023811
2.089996,42.221735
2.578232,41.684161
-1.424813,39.782385
-2.9399,43.125811
-6.642859,42.110961
-4.25192,43.272003
-5.950431,42.006899
-1.627375,41.31641
-3.418965,41.23376
-1.460404,43.295561
-0.700422,40.49096
-5.579813,41.565861
-6.127153,41.711544
-5.470311,41.838411
-1.246605,42.614659
-8.324342,43.21381
0.884905,42.02571
-3.423046,41.864236
-5.726273,42.192861
-3.784487,41.862336
-3.999245,40.14916
1.884358,41.908876
-5.169851,40.04306
1.619088,41.586585
-2.819072,42.405261
-2.816695,43.215711
-9.308336,43.035287
-6.364402,40.03331
-4.991668,41.937811
0.77048,41.84346
-0.960587,39.685084
-2.576637,42.314561
-8.452271,42.674186
2.695392,42.315011
-5.695881,41.47311
-0.367766,39.94341
1.008432,41.93786
-4.232372,40.056835
1.494977,41.765161
-3.186045,43.215711
-9.062919,43.125736
-3.423664,41.954285
-3.298825,41.05396
-5.359923,42.110961
-5.843208,42.099961
-0.576032,40.66856
-5.776391,41.582826
-5.480771,42.108411
-7.83025,43.299861
2.508376,42.192793
-1.219204,43.111961
-4.384867,41.766585
-6.415762,41.745811
-1.395109,41.043185
-0.80657,40.853336
-5.103366,41.66561
-2.941249,41.684885
0.748245,42.473411
-4.511483,42.035211
-2.103978,41.411186
-5.741891,42.552711
-7.583739,43.297061
3.059178,42.045211
2.337012,41.773111
-5.880007,40.207735
2.695814,42.224936
-3.885375,40.42036
-3.790057,42.312636
-8.205909,42.852837
-1.706895,43.298611
-2.22253,41.50211
-4.122574,40.508385
-5.648781,40.30336
-4.533316,42.935461
-1.422745,39.87246
-0.973712,39.234835
-3.78095,42.361553
-5.88136,42.490271
-0.827025,40.22316
-2.823542,40.78396
-8.09653,41.951461
-4.008646,40.779685
-0.927933,40.765485
-2.345936,41.142586
-8.693684,43.215387
2.872376,43.317206
-2.572359,42.944937
-5.964222,39.934987
2.576446,41.954385
-4.243925,40.68731
-5.859432,42.459786
-7.69929,43.658611
-3.060413,40.60391
-3.665895,42.043211
-4.277147,42.398286
-3.182078,41.864861
-4.636864,42.213586
3.059024,41.865086
-1.024845,41.487761
-8.322354,43.393887
-3.906234,41.951486
-4.643898,42.48366
-3.428521,42.674785
-1.354837,40.839788
-5.459991,41.56851
-3.796929,42.852885
-6.982477,42.83781
-1.96851,42.400761
-7.964147,42.67081
-1.86314,41.49911
-4.994478,42.027861
-1.259474,41.67171
-4.021161,41.590285
0.857594,41.872093
-7.97154,42.220611
-5.495135,39.315836
-5.857456,39.66781
1.374719,41.76351
-5.819392,41.560236
2.266016,41.569036
-8.208195,42.672761
2.093868,41.951586
-8.334057,42.313311
-3.551345,42.764311
-2.46872,40.69281
-5.226501,41.75336
-4.280842,42.578336
-2.69755,42.405011
-5.855367,42.369836
-5.662987,40.663285
-2.694911,42.945335
-2.086075,42.671911
3.067843,42.092863
-3.006389,43.344167
-4.035673,42.49076
-2.81855,42.585361
-3.30559,42.495061
-2.584816,41.053584
-2.350372,40.692211
-7.592033,42.936986
-1.030301,41.307736
-7.227082,42.841862
-3.417831,41.053585
-8.453039,42.584136
-3.793437,40.722803
-3.411703,40.06266
-6.032684,40.204985
0.887883,41.935711
-2.941969,40.874185
-8.698921,42.134735
-8.81679,43.215661
-5.726684,42.38007
-3.061491,41.774936
-1.303639,39.96086
-5.394689,41.71992
-4.184745,40.383959
-3.182333,41.954961
0.42386,41.47596
-4.478553,40.594461
-2.459908,41.773686
-1.974357,42.040561
3.05893,41.77501
1.501238,41.495035
-7.237296,42.481836
1.266539,41.31161
-0.844072,39.682985
-3.77,41.57
-3.548169,42.404086
-4.310483,40.637875
0.930769,41.909958
-1.28088,40.861385
-3.181054,41.504585
-4.648641,42.663711
-1.179438,40.229235
-3.544297,41.953786
-1.189,39.869036
-5.915026,41.01746
1.365547,42.123661
2.213403,42.042536
-2.821614,41.504586
2.071362,42.044838
-2.696245,42.675161
-1.738097,41.768011
-3.783398,41.772261
2.336082,41.863161
1.381492,41.493411
-6.710395,38.691169
-4.351367,40.145585
-5.703362,41.653086
-2.939641,43.395936
-8.097811,41.861385
2.694957,42.40506
-4.01,40.86976
-3.062928,43.215862
-0.494532,39.67596
-7.573174,43.747161
-0.484714,39.945985
-4.16404,42.849761
-5.498523,42.55826
-8.635326,42.063247
-2.341422,41.592909
3.148956,41.996498
-4.588198,40.23266
-4.958935,40.857535
-5.606589,42.638429
2.173515,41.557091
-4.36592,40.86611
-7.354172,42.66366
-4.651023,42.75371
-8.330213,42.673536
-3.177895,40.33356
-4.94582,40.407386
-3.911395,42.311711
-5.634822,39.943335
-2.096426,41.951535
-4.858104,41.489735
-6.19502,41.290336
-5.333686,41.39101
-4.474603,40.414361
-4.768053,42.57186
-5.063611,40.40536
-3.681494,43.483986
-1.074642,39.77711
-5.737456,39.58061
2.210026,42.312685
-2.697117,42.49506
-8.834167,42.255833
0.788994,41.303436
-4.349609,40.055534
0.659944,41.57106
-0.709594,40.220885
-1.86783,41.22896
-5.751753,39.94061
-6.288043,41.922986
0.669627,41.30106
-5.594273,41.925761
-2.69358,43.215461
-0.963254,39.595035
-3.799259,43.032985
-8.769693,42.598234
-1.401648,40.773036
-8.456942,42.133861
2.818027,41.864961
-3.677509,43.123835
-1.623568,41.496485
-6.083737,41.107411
-6.050286,42.096884
2.577052,41.864311
-0.28431,44.25371
-0.08462,43.01175
-0.8285,43.36675
-1.2918,44.08166
-0.60573,43.03451
2.18717,42.69338
-0.8777,43.9914
-0.85342,44.00186
-0.34722,43.44904
-0.91991,43.75599
-1.38775,43.5327
-1.23607,43.68682
-0.49,39.77
-1.05,40.5
-4.25,41.14
-4.6,40.59
-5.32,40.94
-8.82,42.41
-4.61,41.32
-6.55,41.3
-4.72,40.68
-1.06,40.32
-9.06,42.77
-3.65,40.78
-3.65,40.87
-8.94,42.68
-4.24,40.33
-7.48,42.4
-0.37,39.86
-4.28,42.67
-8.94,41.96
-3.31,43.13
2.7,41.96
2.21,42.13
-8.7,41.96
-3.79,42.67
2.1,41.68
-5.45,41.39
-3.53,40.33
-5.8,41.02
-4.26,41.41
-4.03,42.31
-4.95,40.59
-4.62,41.59
-7.34,43.3
-3.89,40.6
-3.42,40.88
-7.73,42.04
-4.01,40.69
-4.6,40.87
-4.51,42.22
1.63,41.23
-3.53,40.42
-8.94,43.04
-3.42,41.69
-5.43,40.85
-4.03,42.4
-4.73,41.31
-5.41,40.22
-8.94,41.87
-4.72,40.86
-3.53,40.24
-3.54,41.51
-8.2,43.13
1.85,41.95
-5.65,40.49
-3.41,40.43
-4.01,41.23
2.58,42.05
-5.54,40.67
-4.5,41.77
-3.79,42.22
-8.08,42.76
-4.02,41.86
-3.3,41.24
-0.98,42.75
-5.19,40.59
-0.98,42.84
-5.99,41.19
-8.69,42.77
-4.95,40.5
-1.06,40.23
2.22,41.86
2.46,42.05
-4.17,43.39
-4.37,41.05
2.33,42.23
2.58,42.32
-0.6,40.04
2.82,41.69
-4.94,40.14
-5.99,41.46
-8.7,42.23
-4.35,40.33
-4.51,41.95
-3.66,41.78
-7.33,43.48
-4.59,40.32
-3.53,40.15
-7.85,42.04
2.1,41.5
-8.94,42.14
-7.08,43.47
-4.71,40.41
-5.97,41.12
-5.52,40.04
-2.69,43.04
-4.38,41.59
-3.67,42.41
-1.97,42.31
-5.97,40.92
-3.3,41.33
-4.36,40.51
-3.18,42.23
-8.94,43.31
-1.59,43.12
-4.38,41.41
-4.35,40.24
-2.82,42.95
-2.81,43.4
1.61,41.86
-3.3,42.23
1.98,41.68
-5.79,40.93
-3.78,41.68
-4.5,41.59
-6.31,41.39
-5.97,41.19
-5.44,40.94
-2.32,43.22
-5.3,40.4
-4.84,40.86
2.1,41.41
2.7,41.78
-3.3,40.7
-8.94,42.23
-5.51,39.77
2.94,41.87
-6.32,41.21
1.97,42.04
-3.77,40.42
-3.53,40.97
-4.22,39.7
-5.65,40.4
-2.94,42.95
-5.17,40.14
-8.82,42.77
-7.85,42.4
-4.82,40.32
-4.48,40.87
-3.9,41.68
-4,40.24
-7.23,42.66
-3.54,41.78
2.40823,42.61042
2.50801,42.64308
2.42255,42.62345
2.19209,42.51424
2.35955,42.58343
2.6596,42.76932
2.67643,42.70119
-0.6103,42.96354
-0.21637,42.95649
2.70346,42.69048
2.20311,42.91512
2.91243,43.4471
2.62506,42.76132
2.66261,42.69561
2.37361,42.59406
-0.44848,44.4862
-0.18238,45.02444
-7.391919,41.242696
-0.26467,43.69913
0.02605,43.49154
-0.3728,43.05473
-0.4747,43.10053
-2.693129,43.178423
-2.975283,43.073771
-2.881927,43.294629
-2.8903,43.417075
-2.841518,43.361985
-2.548417,43.31604
-2.76835,43.111797
-2.49176,43.262837
-2.683706,43.372574
-3.221405,43.156578
-0.28459,43.25479
-0.61919,44.57444
-0.84272,43.84651
-0.18216,44.31586
-0.33505,44.37225
-0.96487,43.57194
-0.1118,44.27473
-0.60149,44.57005
-0.91734,43.58691
-0.39218,44.4564
-0.61124,44.51837
-0.10246,43.96545
-1.03302,44.64229
-0.36637,44.45386
-0.41344,44.03563
-0.41228,44.02578
0.0243,43.51439
-0.07232,43.66209
0.34861,43.36165
-0.14911,43.43834
2.56687,43.5732
2.81581,43.12411
2.20064,43.21125
-0.77162,43.50851
-0.63109,43.24314
-0.01162,43.17218
1.95633,43.11921
1.29211,44.82102
-0.42255,43.88036
-1.23728,46.46648
-0.4388,44.15011
-0.48849,44.95953
2.32676,42.94228
-0.78346,43.68826
3.06102,42.76453
-0.89508,43.50415
1.83718,42.9381
-0.30867,44.06403
0.11568,43.08566
2.93851,43.21419
0.08397,43.71497
0.12016,42.99578
0.48924,45.79672
0.00238,42.90256
2.18799,44.111
1.07314,43.82699
-0.98733,43.05044
-0.79538,43.86803
1.19457,43.91908
-0.55244,43.96629
-0.31916,44.24388
-0.575,44.32595
2.07334,43.48013
-1.05021,43.94897
0.53347,44.80674
-1.75132,43.37985
3.18447,43.21405
-0.76573,43.41865
0.21233,43.6283
-0.85885,42.965089999999996
0.19915,43.89809
-0.03048,43.53176
2.56754,43.48323
0.22538,43.35856
0.30656,44.26101
-0.99975,43.2301
0.57997,43.72713
2.93822,43.48407
-0.18395,44.06773
0.0931,43.53514
-0.99353,43.14027
-1.12903,43.31531
-0.51913,43.42694
2.32044,43.48196
-0.87085,43.14475
1.29757,44.641
0.45195,43.81424
2.93917,42.58471
-0.20931,44.51742
2.69254,43.21377
0.48753,43.00499
3.18505,43.39397
2.69062,43.57362
-0.65959,43.6925
-0.37996,43.16126
0.00856,42.75433
1.83538,43.02802
2.93927,42.49481
0.34446,43.45156
2.32256,43.30204
2.57223,42.85361
-0.58638,44.5058
2.55067,45.64365
-0.04958,43.89142
2.20682,42.76161
2.93812,43.57404
-0.75399,43.23893
3.30793,43.30373
0.46392,43.54444
-0.71204,44.50165
2.57355,42.67378
2.44572,43.30274
-0.05922,44.07128
2.31937,43.57193
0.94888,43.82472
-0.29824,43.88419
-0.18899,44.15766
-0.17893,43.9778
0.00701,42.8127
3.06178,43.48407
2.81379,43.75386
-0.62544,43.15328
-0.32443,44.33382
2.93783,43.84399
-0.86484,43.05491
0.31507,44.0811
-1.04383,43.85909
-0.78941,43.77814
2.45171,42.67323
-0.68272,44.05208
-0.3139,44.15395
2.81553,43.21405
-0.55805,44.0562
0.10669,43.26543
2.19939,43.3012
-0.74816,43.14909
2.81723,42.67447
3.06188,43.57404
0.30228,44.35097
-0.15404,43.52823
0.45994,43.63437
-0.91961,43.86363
2.07189,43.5701
1.29484,44.73101
-0.26655,45.50699
3.06149,43.21419
0.2426,42.99899
3.06073,42.49481
-0.19405,44.24759
2.57023,43.12341
2.0848,42.76063
2.44486,43.3927
3.06159,43.30415
1.9498,43.479
2.20804,42.6717
2.20312,43.03137
0.48103,45.97673
-1.00599,43.31994
-0.53571,43.6966
-1.14195,43.49499
-0.38523,43.25113
-0.16395,43.70804
0.45595,43.7243
0.4769,46.06673
0.56851,43.99698
0.32353,43.90121
-0.01631,43.26206
0.12462,42.90591
3.06197,43.66402
-0.04,43.71158
3.43381,43.66317
-0.39051,43.341
-1.28546,43.75974
-1.01225,43.40979
-1.09541,44.57821
3.0614,43.12425
-1.03114,43.67936
2.32361,43.21209
-0.91345,43.77375
2.44399,43.48266
-1.36145,43.126
-1.37505,43.30563
-0.13441,43.16868
-0.1393,43.25856
2.56619,43.66317
0.93261,44.27458
1.04232,44.72683
0.11119,43.17554
2.06456,44.02
-0.37471,43.0714
-0.59211,44.59573
-1.31257,44.11919
-0.28273,43.61447
-0.32972,44.42375
-1.11619,43.13565
3.3089,43.48365
3.68492,43.93186
0.50146,45.52671
-0.88293,43.32444
-0.04478,43.8015
2.69207,43.30373
2.6911,43.48365
-0.80136,43.95792
-0.90119,43.59401
-1.50505,43.39039
0.96171,43.46493
2.08621,42.67073
4.66195,43.54676
-0.39581,43.43088
1.84256,42.66837
-0.19912,44.33753
-0.56933,44.23603
2.81752,42.58457
1.7088,43.20649
-0.83158,44.40743
-0.64814,43.51274
0.22971,43.26866
0.33194,43.72133
-0.40112,43.52077
-0.67691,43.96218
0.36097,43.09195
0.32775,43.81127
0.88221,45.62462
-1.01852,43.49964
0.49333,45.70672
-1.03747,43.76922
3.18534,43.48393
-0.66535,43.78239
0.28068,44.80083
0.61792,45.79951
0.33613,43.6314
-0.1442,43.34845
-1.39561,43.57511
3.31036,43.75358
2.69445,42.85403
2.81524,43.30401
-0.05439,43.98135
-0.02574,43.44185
2.19814,43.39115
-0.64244,43.42287
2.81437,43.5739
-0.27759,43.52457
0.61403,45.88952
-1.13548,43.40515
3.18592,43.66388
0.10218000000000001,43.35533
2.81466,43.48393
2.57289,42.76369
-0.15899,43.61814
2.29392,45.64233
0.79689,44.5421
0.74661,45.80215
2.44659,43.21279
-0.77753,43.59838
1.94319,43.83889
-1.25869,43.40037
2.93908,42.67461
2.20559,42.85152
-0.46071,44.50982
-0.61981,43.06344
2.07623,43.30022
-0.43337,44.06019
0.56081,44.1769
0.07938,43.8049
2.69633,42.4944
-1.38873,43.48528
-0.53016,43.60671
-1.24543,43.22072
1.19741,43.82912
-1.23883,43.1309
-0.91243,45.57649
-1.02482,43.5895
2.69492,42.76411
-0.41717,43.79045
3.80311,43.48112
0.62179,45.7095
-0.65386,43.60262
0.37767,45.43379
-1.27874,43.66989
0.70761,43.63987
0.20356,43.80815
-0.87688,43.23459
-0.70614,44.41172
1.06705,44.00693
-0.74234,43.05924
2.56956,43.21335
0.22741,45.88069
2.56889,43.3033
-0.29306,43.79428
2.93832,43.39411
2.19689,43.48112
0.35627,45.88378
0.48514,45.88672
0.31931,43.99115
0.14517,44.97761
1.01051,45.62696
0.00397,45.24421
-0.21443,44.60737
1.71679,42.84679
1.03919,44.81684
-0.45521,44.41989
1.16858,44.72899
-0.54127,43.78649
-0.24028,45.05716
-1.4025,43.66495
-0.84046,46.39037
3.18621,43.75386
0.31082,44.17106
-0.28788,43.70437
1.58805,43.11501
1.96598,42.57972
1.83357,43.11795
0.45576,44.12748
-0.30537,43.83102
0.21009,43.91167
0.00221,43.56702
0.16043,43.48795
-0.02691,43.75667
0.27544,43.582
-0.17731,43.92739
0.14132,43.48375
3.9e-4,43.58052
2.48904,43.48088
-0.0556,43.94235
0.40281,43.65713
2.21294,43.50114
0.08142,43.9473
1.12597,43.99599
0.61753,43.67597
0.15069,43.53673
0.02691,43.77194
-0.36941,43.96998
2.18801,42.6415
1.89439,43.02519
0.2495,43.82098
-0.19616,43.60705
1.4948,43.54452
-0.02764,43.78549
3.1709,43.6438
0.12839,43.99313
0.0751,43.91476
-0.95873,43.68533
-0.17209,44.2984
-1.0775,43.66342
-1.18465,43.64427
-1.22582,43.4625
-0.13448,44.28917
-0.99444,43.96583
-0.23124,44.36503
-0.22536,44.35366
-0.21444,44.34784
-0.94173,43.74095
0.58678,45.59561
-0.56826,43.37401
-0.92512,43.74495
-0.57132,44.27111
-0.15082,44.29276
2.25152,42.944
-4.631646,42.100046
-3.497289,41.210445
-3.485385,42.994591
-3.573137,40.903111
-4.587294,39.911343
-6.319489,42.252674
-0.2042,39.7362
-7.539297,42.987247000000004
-4.124516,41.922752
-4.161192,43.340175
-4.491215,40.098469
-4.437016,40.060463
-5.811294,42.727062
-0.04346,41.726002
-0.79426,42.446545
2.524164,41.706953
2.751088,42.131776
-8.217536,41.706054
2.051911,41.660986
0.10559,43.86065
0.15632,43.52128
0.18585,44.16792
-0.51364,43.33707
0.06553,44.0747
1.16564,44.819
-0.33502,44.51369
-0.75985,43.32879
-1.16148,43.76455
-0.50271,43.15734
-1.29897,43.93946
0.19029,44.07797
-1.38188,43.39545
-1.29221,43.8496
-0.4118,43.70055
-0.30345,43.97411
-1.26535,43.49021
0.19473,43.98803
0.07016,43.98476
-1.51209,43.48021
-0.42795,43.97027
0.17242,44.43779
-0.49727,43.06749
0.07478,43.89483
0.62566,45.61949
0.18138,44.25787
-0.6142,42.97359
-0.70026,44.32181
-0.06892,44.25116
-0.63675,43.333
-0.73584,44.86136
-0.25719,43.16504
-1.36824,43.21581
-0.67112,43.87228
-1.6282,43.38519
-0.90731,43.68388
-1.15495,43.6747
-0.12954,43.07881
-1.1226,43.22548
-1.14844,43.58484
-0.8255,44.31752
-0.36948,42.98155
-0.54684,43.87639
-0.50817,43.2472
-0.889,43.41429
-1.25205,43.31054
-0.40646,43.61066
1.49528,43.33779
-1.26967,43.46386
-1.35349,43.30994
-1.26169,43.50183
-1.33438,43.47797
3.02395,42.47816
-0.51542,44.2206
1.41632,43.52106
-0.87246,43.07841
2.55609,43.90262
-0.16165,44.46096
-0.6222,44.52661
-0.02868,43.20564
0.17098,44.95533
0.41738,43.53601
0.2303,43.60579
2.38445,43.62889
0.40768,43.40151
1.64088,43.34929
0.49671,43.29627
2.04123,43.44374
2.5738,43.64554
0.08327,43.36848
0.3924,43.87853
2.59612,43.62695
0.3657,43.91715
0.0876,43.57742
0.23584,43.65046
2.5654,43.54142
0.19811,43.94461
-0.03148,43.9236
6.6e-4,43.72886
0.04762,43.69883
0.03096,43.80135
-0.07984,43.09876
0.29101,43.84539
0.10574,43.12899
0.43039,43.81255
0.56192,43.52446
2.50488,44.55831
2.30498,42.80355
2.13833,43.70722
0.4097,43.55757
0.18646,43.81975
0.01657,43.92868
2.27857,42.53137
-0.06721,42.95382
0.05641,43.77782
0.11926,43.86129
0.42688,43.91651
2.30574,43.52256
2.37936,43.51734
1.98067,43.30348
-0.26277,43.17574
-1.45756,43.4711
1.59855,43.44723
-1.76643,43.36452
2.39147,43.46855
-0.38106,44.44992
-0.65659,44.48511
1.98383,42.9676
-1.0996,43.65401
-0.75282,43.94601
-0.4168,44.07934
-1.12302,43.71029
-0.91698,43.72983
-0.84116,43.7554
-0.64917,43.58749
-0.99792,43.55269
-0.07998,43.96663
-1.17922,43.56879
-0.30232,44.13552
-0.82771,43.92061
-0.60652,43.6154
-0.09018,44.09504
-0.55676,43.68055
-1.27691,43.5815
-0.24467,43.9255
-0.32145,43.59359
-1.17406,43.6384
-1.01592,43.71721
-0.93798,43.70979
-0.43533,43.88539
-0.45211,43.72489
-0.28544,43.95655
-0.39499,43.86378
-0.49047,43.89953
-0.34209,43.86199
-1.18606,43.6682
-0.64077,43.78297
-0.55218,43.71504
-1.04088,43.61042
-0.37158,43.82563
-0.82225,43.72178
-0.23069,43.99776
-0.52584,43.87092
-0.97879,43.71084
-0.58961,43.91527
-0.21495,43.83105
-1.0779,43.67336
-1.14668,43.56395
-1.08148,43.74629
-0.17513,43.94807
-1.09902,43.52719
-0.71936,43.71757
-0.71671,43.79289
-1.27287,43.55711
-0.32789,43.5639
-0.23231,43.77452
-1.24868,44.09138
-0.08249,43.99542
-0.28451,43.76489
-1.00847,43.69356
-0.92631,43.68252
-0.65199,43.92924
-0.3518,43.80758
0.0348,43.93624
-0.74199,43.9022
-0.98934,43.67267
-0.85227,43.65868
-0.32125,43.71737
-0.94039,43.79822
-1.32825,43.74972
-0.61144,44.09433
-0.00418,43.98659
-0.83208,43.77842
-0.39061,44.14959
-0.61134,44.30653
-0.85561,44.39007
0.42958,43.99445
0.52305,43.56657
3.10732,43.65736
2.97115,43.56206
2.98098,43.54538
-4.1,42.36
2.32,42.28
1.79,41.76
-6.05,41.27
1.57,41.5
1.57,41.58
-6.14,41.76
-4.15,40.74
-5,40.26
0.9,41.81
-5.85,41.11
-8.11,42.6
-6.28,41.91
-5.42,41.71
1.68,41.54
-0.56121,42.88213
-0.42341,43.09675
2.32884,42.76244
0.4439,43.99414
-1.20397,43.64814
-1.14296,43.66197
0.58385,45.88373
5.52782,44.72766
-0.24125,44.53726
3.28021,43.6354
-0.16295,44.26601
-0.08668,44.28964
-0.14435,44.58518
-0.09138,44.25296
-1.02418,44.57803
0.23351,44.82423
-0.18411,44.7876
-0.18839,44.55121
-0.54987,44.59175
-1.04905,45.08486
-0.26001,44.36284
-0.3601,44.47995
-0.65851,44.5546
-0.78426,44.88338
-0.20818,44.31302
-1.00757,43.4739
-0.84756,43.3763
-0.57028,42.91
-0.79332,43.3548
-0.99533,43.4346
0.46042,44.36769
-0.58126,44.83795
1.50393,42.92089
-0.78396,43.96532
-0.76095,43.25642
2.66864,45.05107
0.20179,45.7182
1.17237,43.35815
0.74131,45.10427
1.60476,44.62426
1.23518,45.89164
-0.5781,42.99536
3.31474,43.81871
-0.23505,44.07024
-0.31188,44.01392
-0.78072,44.29565
-0.30388,43.90578
-0.46479,43.99917
-0.64973,44.04885
-0.36091,43.77782
2.98901,43.53418
2.86944,43.29699
3.06217,43.84399
1.27075,44.08867
2.68414,42.77841
2.67322,42.77141
3.06083,42.58471
2.32466,43.12215
3.1822,42.49467
2.31508,43.93186
2.89234,42.78196
3.15934,42.45257
3.33155,43.72477
2.26119,42.6285
2.23028,42.81197
0.0484,43.37462
2.43058,43.23302
2.8161,43.03417
2.20436,42.94144
2.07816,42.52792
3.02061,43.80736
1.7981,43.36025
2.56345,44.02313
1.97288,42.53026
2.80503,42.48956
2.33193,42.49274
2.56603,42.98484
2.69539,42.6742
0.09765,43.44523
2.81695,42.76439
2.45255,42.58332
1.96196,42.76415
3.06207,43.754
2.33091,42.58263
2.59098,42.75669
3.18563,43.5739
2.71007,42.49949
3.13542,43.40555
3.22884,43.53301
0.62289,44.03868
2.07479,43.39017
2.26184,42.97919
2.68817,44.02356
3.06168,43.39411
-0.00694,43.0823
2.33404,43.19189
2.94669,42.85439
2.32571,43.03221
2.53907,42.65096
2.98909,42.53125
2.64965,42.6584
2.8178,42.49467
3.30987,43.6636
2.89545,42.55486
2.25499,42.96766
2.90733,42.56269
2.71365,43.82816
2.33305,42.81457
2.50604,42.81067
2.21048,42.49191
2.86413,43.30626
2.29474,42.453360000000004
2.9721,43.06785
2.9387,43.0343
2.85094,42.54634
2.08762,42.58083
2.08902,42.49094
2.78796,43.66196
1.70476,43.38638
2.57157,42.94353
2.57486,42.49398
2.80548,42.7457
2.92989,42.99211
-0.79725,43.32237
-0.80702,43.33649
-0.96511,43.41336
-0.65941,43.42705
-1.32605,43.39812
-0.93209,43.41155
-1.37149,43.10006
-0.45722,43.35568
-0.31496,43.53908
-0.551,43.35379
-1.23208,43.41746
-1.16534,43.40488
-0.9177,43.46833
-1.06276,43.42489
-0.89709,43.29515
-1.55558,43.35621
-0.57646,43.21665
-0.759,43.27624
-0.60615,43.21286
-0.8906,43.27455
-0.10707,43.5036
-0.72364,43.18588
-0.66921,43.26598
-1.35023,43.48504
-0.70977,43.2219
-1.06385,43.20721
-0.66859,42.97079
-1.44163,43.46218
-0.58734,43.15604
-0.97277,43.00984
2.404268,41.78881
2.380373,41.77067
2.476328,41.807175
2.344647,41.734444
2.355499,41.851595
2.283927,41.788123
2.500614,41.780263
2.272706,41.715997
2.392489,41.761728
2.524746,41.771358
-0.49985,43.12456
-0.41967,43.06708
-0.43692,43.11048
-3.128979,42.491714
-0.810223,40.590675
-5.514322,40.269279
-5.861137,41.113415
-4.421502,43.355518000000004
0.040778,41.494865
-7.344105,42.48605
-5.206711,43.216457
-2.575035,41.042973
-7.97568,42.936939
-5.237655,42.066906
-4.590889,42.595938
2.010716,41.768234
-6.920389,42.262211
-3.694223,43.196987
-5.149135,42.739052
-7.850338,43.150337
2.67922,42.15918
-7.544002,42.326778
-3.561587,40.623158
-4.465765,40.118217
-9.01242,43.149704
-4.239455,42.191017
1.7393,41.831657
-7.348963,42.903503
-8.253784,43.017864
-4.776359,40.614075
2.78747,42.36658
-1.34408,43.65332
-1.63839,43.40767
-1.21267,44.0801
-0.42361,44.47225
-0.41102,44.43664
-1.32426,43.8852
-0.39373,44.48339
3.32853,43.64533
2.21785,43.35598
-0.43621,43.29698
0.24366,44.0674
-0.58674,44.57252
-1.4996,43.43321
-0.77937,44.44596
-0.12838,44.27568
-0.68583,43.94336
-1.27238,43.539790000000004
-0.27112000000000003,44.03125
0.83523,45.67037
-0.80291,44.47565
-8.474962,41.592799
9.23044,40.58308
-6.526316,41.492713
-3.739965,42.347975
-7.840027,42.348167
-6.671775,41.455388
-5.595228,40.348727
-8.461575,41.596008
-5.67035,40.957026
-4.008556,41.15126
-7.80747,42.18708
8.78222,40.5302
2.82065,42.7402
3.107414,42.284294
-2.549668,42.484885
-2.896208,42.655878
-2.817322,42.558383
-2.883118,42.694094
-2.86224,42.639389
-2.609881,42.495238
-2.837727,42.572075
-2.70492,42.571315
-2.876991,42.927931
-2.49561,42.913036
-2.783685,42.826519
-2.513202,42.519418
-2.76559,42.852419
-2.518178,42.494484
-2.832931,42.584127
-2.884179,42.681704
-2.675719,42.525784
-2.427899,42.865062
-2.465698,42.876816
-2.509348,42.504695
-3.002445,43.084325
-2.58937,42.473831
-2.442865,42.872466
-2.984822,42.707724
-3.015454,42.980469
-2.857149,42.593697
-2.884767,42.647195
-2.749052,42.540836
-2.516742,42.902267
-3.045432,43.051241
-2.873708,42.728792
-2.817051,42.596918
-2.710104,42.866574
-2.49676,42.887628
-2.838543,42.595806
-2.668198,42.511236
-2.487415,42.488289
-2.435075,42.737086
-2.47903,42.913439
-2.635683,42.862489
-2.501746,42.878293
-2.854165,42.686703
-3.036595,43.057953
-2.994485,43.069251
-2.651526,42.488618
-2.810712,42.814058
-2.390756,42.893741
-2.895398,42.862139
-2.899386,42.667525
-2.769883,42.545788
-2.972311,43.132759
-2.665185,42.876096
-2.728098,42.519967
-2.607264,42.867492
-2.850029,42.63488
-2.504427,42.905807
-2.646069,42.87666
-3.00623,42.733778
-2.513816,42.892628
-2.842458,42.623883
-2.460785,42.910995
-2.819097,42.803464
-2.282188,42.86896
-2.658038,42.505973
-2.743726,42.520895
-2.597445,42.496978
-2.733928,42.857969
-2.994654,43.109611
-2.419697,42.468856
-2.59907,42.486456
-2.802646,42.569039
-2.532744,42.497831
-2.999791,43.04392
-2.578601,42.483248
-2.605361,42.503895
-2.562731,42.490862
-2.533797,42.483813
-2.636812,42.486879
-3.040768,42.738778
15.15772,58.7332
16.87053,58.28152
16.42126,56.93759
17.31566,58.72599
15.035155,63.323838
21.127004,55.551908
18.130311,59.315758
21.189908,55.340559
17.637788,59.125048
16.991151,58.242163
16.723441,57.725864
18.666667,59.333333
15.809963,61.984013
15.976235,59.474403
14.161642,58.424323
14.333885,59.915315
21.106511,55.712958
16.853282,57.071905
21.042036,55.59001
21.088931,55.724056
18.477457,59.162072
16.278352,57.962541
18.15703,59.463892
18.378513,59.380848
15.413908,62.748066
20.242915,60.211734
14.986163,58.026344
18.715977,60.171902
15.670239,59.142091
19.904887,60.33626
16.816555,56.915653
16.375212,59.225552
16.53175,57.168583
21.395704,55.86195
18.366092,59.109882
16.927062,58.377278
16.6338,57.634851
17.187898,60.686756
16.894769,56.947716
14.513973,58.541818
16.93338,57.208168
16.63029,57.57441
19.03577,59.63338
16.5261,57.08157
16.53166,57.21627
17.02468,58.64682
18.55079,59.24295
19.13524,59.72019
16.72448,57.79776
16.79741,57.57214
18.50077,60.45766
17.96842,60.60535
20.960628,60.666244
14.900551,58.454918
20.905777,59.902788
20.224497,60.080098
20.443843,60.023932
19.913597,60.451246
20.96461,60.583328
13.12917,59.28472
13.49,59.57583
14.2775,59.82222
14.15139,59.69694
13.021565,64.507061
13.229696,64.50971
13.869144,64.157019
13.865478,64.246742
13.507176,64.215245
13.650503,64.424417
13.437871,64.512064
12.813488,64.504119
13.833939,64.186474
12.848963,61.361958
12.79174,64.773114
12.863911,64.081663
12.839225,61.27407
12.848693,64.055756
14.052202,64.091968
13.840622,64.175195
13.442974,64.422366
12.655376,61.44857
12.784383,64.862781
13.872782,64.067297
14.074714,64.158468
13.409512,64.462396
12.797813,64.143902
13.008495,64.686421
12.669093,61.39043
12.827727,64.324776
12.799043,64.683452
13.659261,64.244993
12.623872,61.150906
13.0209,64.082468
20.356126,59.808568
19.733715,60.508382
12.64235,60.98767
13.60525,60.37708
17.41419,60.62628
15.63623,61.52054
17.58046,60.06114
16.21181,58.63168
16.16746,60.37111
14.29368,58.30242
15.2138,59.2964
13.14831,60.50886
13.78498,60.15905
16.63612,62.87424
18.7788,60.13872
17.60039,59.50007
18.45872,60.17275
15.11823,58.14811
17.13604,61.3729
19.27975,59.64678
13.50573,58.55868
13.12967,59.92625
17.9623,59.34162
15.43793,58.44596
15.56678,60.46357
14.59431,57.93996
14.04351,59.50661
16.26429,58.64821
17.17158,58.64929
14.83641,62.66294
17.47118,58.94054
17.64448,59.81396
15.24456,61.16375
14.3898,63.63719
13.74358,61.63829
17.76347,59.4112
18.79696,59.27411
16.57808,59.68988
16.59132,57.30598
13.75896,59.67326
14.80339,58.33249
15.9779,59.79396
19.02855,59.6847
15.40323,60.34268
18.29308,57.64416
18.46865,57.5086
17.41356,60.00196
16.42594,57.96017
17.56247,58.92607
17.46483,62.51234
16.23278,62.77648
14.4903,63.45675
18.41083,59.1102
17.33069,60.88481
15.73101,62.76513
15.95766,62.46774
18.91983,59.50303
16.60977,58.63684
14.05924,62.47725
17.88193,60.41127
17.06188,61.32661
18.0544,59.37671
16.07649,61.34487
17.21522,59.25917
17.83051,58.99524
17.06026,59.50041
15.659,58.36106
14.34247,57.87357
17.74196,59.0993
16.24541,57.2484
16.08869,62.57733
16.46097,60.45036
15.08385,59.52726
15.75368,62.52357
16.95115,62.42474
14.11299,58.96702
15.17061,58.08018
16.09301,58.18487
16.1258,58.9643
16.01792,60.27042
17.05372,58.26339
16.0206,57.16808
15.30428,59.02194
12.75775,60.95432
16.52901,60.81167
18.08159,59.23539
18.98853,59.62524
14.97725,62.49372
13.82754,58.70291
18.48727,57.17156
16.47582,60.20655
17.19827,59.84144
17.77848,59.38884
15.25553,62.34335
12.43701,59.82367
17.26201,60.71518
17.82304,59.64535
15.17457,57.7693
12.5478,60.34606
16.06169,59.68854
14.05059,58.55348
17.34766,59.16629
14.43232,62.77112
14.09335,58.5787
15.83228,62.67194
12.43929,59.7589
16.45717,58.63554
14.63555,58.19042
18.06261,59.21663
17.38723,60.0068
17.54929,59.11293
14.69062,57.73146
17.3955,62.62138
14.76561,58.42768
16.747,57.6752
17.9229,59.917230000000004
18.39287,57.73147
16.76458,62.49183
15.71163,58.3751
15.63758,58.46228
16.72788,56.89214
12.82491,59.86179
15.54095,59.01497
17.57988,58.85522
16.3358,61.88831
17.73095,60.51007
12.9625,59.61758
17.69804,58.79835
15.32203,58.69483
12.77147,59.32656
17.09501,59.63293
17.73015,60.0168
14.93041,61.55302
15.8383,63.14892
17.93233,58.87825
18.14165,59.02608
16.96753,60.26649
14.05872,59.15781
17.95139,58.89703
17.71719,60.21527
18.18826,57.3861
17.14374,61.97026
16.01121,59.2887
14.20153,59.45291
17.80623,59.36954
13.94865,59.06814
14.45336,63.3076
16.79809,58.09421
17.33488,59.04999
16.13473,61.75338
17.05592,62.27851
16.86529,62.19378
13.50839,59.87836
14.82914,61.79056
19.1775,59.784910000000004
16.14055,59.70856
18.17711,59.00534
17.76318,59.18654
18.34417,59.2959
14.53781,61.00307
15.16736,59.80297
17.3705,62.1977
12.70009,60.74063
15.63815,58.38881
16.87273,59.62969
17.67314,62.4352
18.22844,59.96801
15.20167,58.6189
16.51599,58.28602
15.56814,60.44673
13.22535,58.82965
17.03232,62.3409
18.91088,59.49174
18.124,58.9866
16.15364,58.16132
17.29715,61.24792
17.02228,58.51355
16.51835,62.39732
18.18774,60.43069
13.80942,59.38502
13.57923,60.3049
13.44553,59.43185
17.77494,60.56917
17.99492,60.5055
16.08969,58.94498
13.1502,59.83028
14.14248,59.34391
17.10213,57.33402
18.82814,59.31431
13.59329,58.33531
16.65355,57.59006
17.32076,59.7362
13.18215,63.60531
17.64602,59.85166
18.37713,59.17463
16.86662,59.56507
12.81117,60.27834
18.01031,59.48206
17.84065,58.82525
13.46947,61.92193
16.59492,58.62885
16.2216,63.15584
16.06883,59.669670000000004
15.33442,59.18152
16.49372,57.12812
18.1479,57.23642
17.3459,60.4673
13.2927,60.56202
16.07527,60.47427
12.90472,60.1278
17.06905,61.98349
17.4125,62.51729
17.38312,61.70396
16.83694,62.04631
12.60995,60.70333
12.71793,60.5546
14.32655,59.074
16.6687,57.42386
12.47901,59.75539
16.90403,58.61294
18.42172,60.50057
12.71806,60.15733
15.36739,63.07265
18.14937,59.25631
16.21613,57.13307
12.90258,60.38637
15.14113,57.95744
17.52143,59.73634
17.34273,60.44922
17.2263,60.60513
12.7037,59.73603
15.88719,61.30003
13.71237,60.30271
19.30593,59.73788
16.38098,58.93455
18.57844,59.04111
18.19362,57.39575
18.20451,59.20969
16.61977,58.19691
13.9595,58.17916
15.97877,58.77453
17.77312,59.1201
16.04481,60.45536
18.1142,59.24431
16.62667,59.44587
12.56155,59.81334
16.41144,59.917230000000004
14.3073,59.93612
17.28485,62.39462
18.93802,59.2916
16.82656,58.5541
16.01981,60.28344
17.38808,58.75668
18.10643,58.85358
12.74087,60.56889
19.13058,59.6553
17.5344,59.35665
12.98296,58.61106
13.0003,59.4083
13.60444,59.39729
17.50441,62.15981
14.39165,57.89926
16.09138,59.88264
13.522,60.20119
16.27493,59.31522
16.76015,61.30464
16.63061,58.63817
15.74004,59.03168
13.4548,60.1512
17.5945,58.88882
17.09827,62.11632
13.12606,60.60541
13.16469,63.23228
17.36731,58.80703
16.01415,59.27808
14.18633,59.25237
13.80109,59.78921
15.64796,59.59514
16.08233,62.26551
17.46995,58.68835
14.39866,59.81724
14.193,59.52271
14.56504,58.62915
13.81475,58.71162
16.67776,58.8748
13.42295,60.52108
15.01405,57.75002
16.97365,59.26379
15.84979,58.91905
13.00911,59.13924
13.79321,59.34079
13.2873,59.7738
16.63964,57.41419
13.29689,59.54271
15.86816,58.51067
14.21865,59.46501
18.43162,59.57684
16.65767,58.49551
16.29748,58.10576
12.97683,59.49949
15.05364,59.5134
12.53992,62.13766
14.81349,57.82482
16.76088,62.64116
18.23834,59.29848
13.13075,60.42948
18.0066,59.40592
16.85045,59.52403
16.78755,62.80608
17.57496,60.03871
18.83667,60.10913
12.63699,59.8873
16.31041,59.45135
16.1746,58.9828
13.13342,60.01875
12.66444,62.68992
15.09454,59.07725
16.48807,59.70593
13.92996,60.95298
16.81159,60.85836
18.23048,59.36089
13.5192,59.34646
16.54031,57.91128
18.74698,59.53524
16.35361,58.65019
17.26062,59.43433
15.38261,59.17267
18.24246,59.43942
18.15577,59.38137
16.47882,59.51127
15.58369,62.35618
14.0412,59.2989
17.02486,58.67415
16.70555,57.53756
16.82192,62.8142
14.58615,59.31962
14.89028,57.6944
16.17336,63.17667
15.98266,61.88617
16.72279,62.6476
14.06048,58.71461
14.32613,63.60945
13.67605,60.698480000000004
15.25373,63.62985
17.17785,60.25942
17.66404,59.04045
14.81876,58.3536
16.56674,60.17099
17.83336,59.3569
14.86396,58.44278
15.54159,59.29668
17.71088,59.00622
16.64624,61.34864
14.25163,63.40759
12.54478,60.91548
16.81146,61.61223
19.01439,59.3846
16.9686,59.75261
17.08104,61.53969
17.09039,58.67804
16.39139,62.69358
13.40447,60.20863
16.78219,62.24281
14.24424,63.53418
18.59412,59.13319
13.45741,59.60792
16.65503,62.31537
16.88395,62.49491
13.47052,60.12791
13.12466,58.93215
14.18862,59.76999
16.09425,61.29619
18.16857,57.39279
15.19954,62.83902
13.21499,59.90241
16.18468,57.2076
15.33934,63.57429
13.97474,59.29935
12.80533,59.35065
14.63505,61.1102
16.68332,60.22555
17.58897,60.58797
18.14225,57.43791
16.78982,59.43045
17.47294,58.88619
14.08828,59.83732
15.50342,58.51423
16.01635,59.84321
16.96408,57.23235
12.69178,60.49069
14.27502,59.37196
16.85497,58.19323
18.35255,59.13136
16.76986,56.97115
17.93358,59.8594
15.7867,62.76909
16.03157,61.40038
16.82831,57.0214
12.98259,62.10601
15.77514,57.35861
16.78358,60.5756
13.19364,59.61652
15.62316,58.44552
14.66089,61.21123
15.4004,57.69127
17.36662,59.81517
16.61501,58.9448
18.09852,59.52703
17.62239,60.10073
17.0459,57.14688
15.19701,58.15047
12.5242,61.72726
15.67027,61.34123
12.59721,60.90039
17.78161,59.74332
14.74567,58.32096
15.64057,58.49096
17.86848,59.86757
15.53618,58.36923
19.27154,59.78501
12.59747,58.5978
17.92394,59.39924
18.51344,59.46408
15.11557,57.54532
12.8531,60.73877
12.95397,60.13793
15.25901,59.27471
14.81343,57.9268
17.15418,61.14982
15.24702,59.19512
18.45806,59.32004
17.33116,59.03629
16.6916,58.26696
12.6741,59.27936
16.61615,61.3826
15.37793,57.48599
15.06659,59.289790000000004
14.42817,62.76131
17.28495,59.09906
13.21325,63.31889
15.8086,58.16078
17.29579,59.08836
17.25046,61.66986
16.30898,62.20692
17.74075,62.38862
13.38727,58.37674
17.79134,59.47247
17.94303,59.57116
13.02204,60.14047
17.5026,62.21521
16.13537,59.72419
15.15503,58.33812
14.98632,58.04039
18.59674,59.22522
16.62437,62.49998
18.03241,59.42805
16.06779,57.08976
15.25234,62.29948
14.31881,59.69937
18.4022,57.74175
14.92889,63.22102
13.00151,60.8394
16.77389,58.60464
17.51142,58.85959
15.40569,58.26872
17.32604,60.45301
16.76475,60.59978
15.01315,60.73416
15.2081,59.63148
15.58995,60.46788
12.84374,60.8625
19.27194,59.61513
18.01247,60.44999
15.6211,58.38065
18.68345,60.14692
15.85953,58.29482
18.97843,59.41973
16.88497,60.60547
12.69879,60.56849
13.63154,58.23395
18.11983,59.58155
12.73976,60.10093
18.94622,59.33007
16.44181,59.74152
13.5542,58.18482
15.20094,58.51962
14.61789,60.93319
17.15154,61.41748
16.60695,59.53855
17.26862,62.06947
12.96749,59.87663
18.66646,59.47339
15.38969,60.57226
17.41136,58.87379
14.24277,59.24141
13.87554,63.70345
15.55827,59.4289
16.60624,58.67403
15.49257,58.45076
16.54366,59.51414
19.01664,59.67722
12.5765,60.72113
15.28877,57.82303
13.71868,60.33307
16.50417,57.00375
16.33181,61.39945
12.91245,60.69276
18.03545,59.10809
17.2337,61.72633
16.56237,61.05743
13.41767,60.49866
18.42464,59.12551
17.40565,59.1639
16.57735,58.20354
15.21151,63.66052
15.54619,57.84176
15.51458,57.81958
16.615,61.78628
15.44818,58.42155
15.45736,61.72859
18.60219,59.09019
16.03988,57.21133
17.72773,58.96345
16.46704,58.66053
17.6968,58.96629
17.30931,61.72561
15.13069,62.33582
18.44322,58.9741
13.2255,59.40347
15.84056,58.59432
15.65623,62.69716
18.86494,59.59503
15.8545,60.30461
18.04129,59.20675
16.27468,59.52206
15.81427,59.62087
17.37417,59.68041
16.0685,60.36721
15.27299,58.68469
15.32783,57.57207
16.79825,59.414
18.3176,59.73119
17.67609,59.832
17.05549,62.32873
17.66381,59.49535
16.54636,59.60609
13.52072,58.34632
16.06949,59.8774
15.76235,58.34283
16.52349,59.62067
17.92908,59.73471
14.66506,61.65874
17.8184,59.8226
13.66381,59.7208
17.37441,59.56747
16.56643,62.59121
14.03036,59.16221
18.75151,59.26005
16.94351,58.66522
16.64218,58.10742
16.22088,62.41839
17.88831,58.82473
16.55395,61.2495
14.19803,61.26176
18.34397,59.11903
14.2248,63.12877
13.8417,59.3604
18.4267,60.433839999999996
15.85544,58.90069
13.12187,62.44091
15.00465,57.60465
14.28389,63.29221
17.61803,60.15474
16.20929,59.26652
17.66002,59.66447
12.65473,59.70897
16.44743,57.04816
16.99259,59.22068
17.31047,59.07045
15.43484,58.3739
15.25318,57.86538
16.82138,61.16854
13.76713,59.81792
15.87704,60.46605
18.82149,59.77031
14.36904,62.03125
13.63698,60.35215
17.95232,58.90855
12.78374,59.28495
17.16281,59.47417
15.74991,61.74696
18.2555,59.26774
18.36063,60.30387
13.45308,59.45325
12.95208,59.04937
17.51895,62.39072
15.12053,60.15009
16.98489,58.15141
16.61825,62.24309
16.57752,58.05038
12.77464,59.98877
18.40463,59.45622
19.42229,59.72495
16.80115,62.7884
14.23599,59.44245
16.48916,58.25669
17.64969,59.43187
17.23667,60.68023
16.98862,62.49609
19.14355,59.81917
13.55776,59.44381
14.96242,58.02018
17.72818,62.40471
13.01174,59.90339
16.49405,61.40695
13.03051,59.97222
17.22405,62.18527
16.47727,60.76152
16.74621,61.42945
17.14659,58.73147
16.39919,58.19539
14.94603,58.01322
17.82452,59.31686
19.32195,59.73205
13.86379,60.04522
15.38777,59.01388
12.73915,60.78759
17.60112,59.81738
15.04448,59.27395
14.67542,63.61215
12.88026,59.99737
17.51272,62.14273
15.34473,59.2961
12.71332,58.98853
15.5025,60.26022
15.17596,61.17056
15.23846,59.2782
17.054,62.2889
18.20628,59.59342
16.20035,62.53091
17.97503,58.95851
17.77573,60.12051
15.92181,62.08966
13.99035,59.69937
17.98283,59.48588
15.40297,62.38702
18.13751,59.39386
15.56496,58.45919
15.48088,58.51963
16.85586,61.53208
17.37326,58.78801
13.28072,60.3973
13.48449,59.39582
12.51342,60.92772
15.63688,61.18318
14.10987,58.98775
17.91931,59.47936
16.24341,59.52518
16.26495,59.68354
17.66232,59.80153
15.28514,60.12592
17.91314,59.34905
17.85051,59.45398
16.0463,62.48743
15.19934,59.59115
13.15757,60.42553
16.7056,62.59508
13.68269,63.6853
16.32135,60.14584
15.59624,61.79664
17.37789,62.61077
17.71177,60.25355
17.27858,59.6422
15.88992,59.83606
16.27802,59.37253
13.1324,58.52513
18.87072,59.40697
13.57469,59.46379
15.14755,59.2934
12.67454,59.35291
15.11988,60.80742
14.6374,61.22899
13.00217,59.19647
12.83509,59.81716
12.94201,60.6705
15.10585,59.05967
18.28973,59.48417
12.92686,60.87626
16.27498,62.37314
17.12915,62.55896
14.64045,59.18339
13.94397,58.16164
13.0255,59.81321
15.79943,61.5612
18.38089,59.54395
14.5524,61.7771
18.31326,59.44073
17.22399,61.36474
13.55935,59.63761
17.70695,58.99743
17.61927,60.45153
17.22732,61.83537
16.48923,59.34046
18.90036,59.3336
15.98539,60.57793
14.93521,60.02534
18.16344,59.0316
12.53004,60.69789
16.50308,58.73509
15.15248,61.1852
15.10752,60.21092
15.54171,61.33659
16.40993,58.26055
17.43443,60.55927
15.91689,57.2702
15.84636,57.65727
18.0019,59.33422
15.4585,57.35474
17.53742,62.23034
12.70434,59.21829
18.42517,58.96736
18.41967,60.17976
16.54594,61.80783
15.45904,62.0507
15.63024,58.42021
13.61453,62.41271
16.97845,60.64073
16.34867,59.91256
15.3278,62.48985
16.10092,61.01762
16.80398,61.4093
14.5787,60.99869
16.52636,59.03515
16.57517,60.51435
16.58601,57.32233
14.93263,58.00715
16.63634,57.76094
16.72507,57.44774
15.64099,62.23038
17.61374,59.79222
17.92669,59.16539
16.18017,60.48399
13.43333,58.36666
18.46401,59.14996
16.66493,60.67266
16.01119,59.97059
17.05157,61.89962
15.05356,58.18489
16.0372,62.03713
18.15313,59.26528
15.19057,62.49479
15.2427,62.91819
17.03372,60.31531
15.58763,62.71564
16.04427,59.76387
16.224,62.71
18.11017,59.55374
17.60373,58.96177
14.84062,58.3868
17.15761,62.14746
15.87378,57.45737
17.28101,62.46759
13.59673,63.70266
18.20099,59.12706
14.78822,58.06317
19.22961,59.79729
15.60659,60.05172
17.08064,62.56455
13.04099,60.7542
15.9631,60.41547
16.595,58.20097
17.1275,60.72979
18.14229,59.94043
16.36853,59.28555
12.77492,60.55273
15.44832,59.29034
13.06214,60.63045
14.39046,59.62213
14.22322,59.34879
18.84498,59.13211
16.49398,57.30018
13.89904,58.53646
17.98555,60.63903
18.16406,59.23905
14.94029,62.82606
17.18163,59.33988
17.25363,62.40049
18.16301,56.91316
16.06501,61.82298
14.45075,62.50661
15.51417,58.45454
15.26261,59.28645
13.77203,63.56135
18.19662,59.85443
12.97386,60.52881
15.28301,58.56041
18.76692,59.77889
19.30092,59.68795
15.90107,57.26317
18.9274,59.33643
15.955870000000001,59.91958
15.91551,61.81042
15.50962,60.28594
12.68867,60.82337
16.56747,62.81554
14.85266,57.87548
13.97898,59.32526
13.91166,59.79357
13.18874,63.33412
18.33912,59.3708
16.8281,59.01579
14.88787,57.6462
13.05897,63.86043
13.48404,59.37957
15.92802,62.02812
14.19421,59.64268
12.91529,63.68916
18.82306,59.45159
17.14323,61.04398
13.52781,58.15364
17.4975,60.3165
12.82801,60.88997
14.86706,61.78001
13.08985,63.40188
14.12765,58.62922
17.08147,58.77642
17.64459,59.693600000000004
16.88976,61.75496
16.69424,57.57205
17.66802,59.84364
15.45695,58.44051
12.77948,59.77773
13.72669,60.07704
18.92508,59.66291
16.23186,57.1536
16.78729,61.79584
17.21533,60.77848
14.37616,59.9895
18.34934,59.38621
17.09369,61.46452
16.65669,57.78106
17.52377,61.71455
16.4667,59.67501
16.09142,62.48191
17.89861,60.12643
18.83258,59.59942
16.01891,62.31019
17.08267,60.79839
13.76418,63.38243
16.44822,62.44779
14.83457,58.74918
17.6796,59.86772
17.72022,59.99259
13.03089,60.61089
16.48185,57.22647
12.92732,60.78418
14.26523,59.58215
16.65424,62.34138
14.12996,58.81212
18.4384,60.17625
16.65424,57.76828
17.33692,60.71568
15.69972,58.84149
14.07824,59.23663
16.28109,58.67521
17.51582,58.9414
18.06198,59.51481
15.73565,60.58473
17.62663,59.78334
16.88223,60.28426
14.85351,57.84489
17.5785,62.22037
17.39558,59.02517
18.61433,59.39972
18.88677,59.52831
18.41611,59.08889
15.54633,57.98446
15.65139,58.01956
15.41962,59.17571
18.25834,60.34554
18.53628,59.45007
17.32305,60.65913
16.00112,59.8038
18.59911,57.83748
14.30413,59.92376
17.5688,62.43992
16.73455,60.29441
13.02396,58.60789
15.0077,60.40635
17.21275,61.65961
16.49795,59.38162
16.47701,59.33178
16.45355,59.50867
17.28197,58.72072
18.11826,58.97012
16.47216,61.83008
17.46737,62.28212
12.55424,60.8052
15.60633,61.29422
18.17406,58.97785
17.01346,61.35794
18.48201,60.22981
15.85733,58.359
15.01926,59.61307
13.83477,62.4315
17.81376,59.29388
15.43894,61.49784
13.01057,58.62726
16.60708,57.04082
17.00922,58.22249
14.15663,59.42313
15.53222,60.67116
13.18396,60.66796
13.84447,58.40304
16.23993,61.44389
15.47494,61.99694
17.80029,59.15269
18.60267,59.23608
13.79314,60.12867
15.36392,58.53959
15.77672,62.53913
16.70468,61.09532
16.63626,62.55324
17.01488,60.40034
12.5084,58.71431
16.61489,59.92065
16.348020000000002,59.85338
16.9607,58.74689
15.15132,59.51556
16.854,61.26219
17.00499,58.74407
16.7326,57.78331
12.8719,60.32271
17.86021,59.42633
17.06615,57.36554
17.30247,60.66769
14.95026,57.80561
16.45568,59.55234
16.91854,58.64854
14.96096,60.90515
18.18289,59.55523
17.11458,62.6995
18.14389,57.44864
18.5772,59.05682
17.64809,59.78487
13.12442,59.3675
15.56788,58.42813
17.85984,58.76854
13.67497,58.66711
13.56439,59.30587
18.58874,59.41312
16.59179,61.59366
16.76355,60.3551
16.08583,62.59097
13.23707,58.97179
16.8891,62.3276
16.78494,57.67111
16.74485,58.42258
16.65266,57.87519
16.74463,62.46511
18.34323,60.01382
16.71236,61.72377
15.33856,61.50325
18.35222,59.73756
18.6865,59.20322
15.61701,60.61606
13.50964,62.42598
14.18055,59.11758
14.21348,58.10303
14.19802,59.18933
16.82242,61.07984
15.10748,59.69608
15.39623,59.45754
13.47577,60.34384
17.23418,61.22751
14.97494,61.22521
15.46811,58.45088
13.25,60.42995
14.33987,59.4638
13.93361,59.37025
18.74491,59.46374
18.58135,59.42443
18.25985,59.25591
16.95126,61.36614
18.65233,59.16556
15.93794,57.92515
12.86605,62.40277
19.25556,59.52398
14.6822,58.19619
16.6577,56.88593
14.96606,59.16212
17.54159,60.33277
14.26258,59.6306
16.5779,57.04499
15.00487,58.58756
16.56373,58.97571
15.70993,60.98651
16.59113,59.92365
16.93616,61.20651
12.95654,59.34949
13.21176,60.57896
12.48169,59.45417
13.82164,59.61886
15.96417,58.55229
15.38733,58.3405
18.35811,59.16866
18.51764,59.32407
16.12194,57.13078
15.04642,58.13828
16.78548,58.91635
12.51295,60.09082
15.27479,59.57958
15.58213,59.22805
15.61347,57.97713
16.32684,62.47469
17.79133,59.19128
13.87725,58.36652
13.07324,60.40292
13.49973,59.55679
17.18474,61.30977
15.51311,57.46649
16.1768,62.67319
15.07226,58.6296
16.39998,60.98737
17.92711,58.88805
14.18719,59.59183
13.56226,58.30773
14.90049,62.44994
12.9416,58.54086
16.80348,60.65541
17.19875,61.38691
17.05866,62.51541
16.43338,58.72957
15.57507,58.71952
12.71455,62.43357
13.47175,59.35125
13.42547,60.14448
14.15141,59.09074
18.14899,59.28631
17.85602,59.14696
18.28842,59.9222
17.52604,62.55594
16.58821,59.05018
18.62047,59.06982
12.98105,59.42092
15.17568,60.16153
14.80782,60.52522
13.2482,58.86054
13.14888,60.63069
16.60839,57.59824
12.7645,60.30213
12.51002,59.22858
13.83724,60.20803
17.59395,59.83416
17.35791,62.22168
16.8412,56.81785
15.0928,62.2791
12.56828,60.86699
15.57056,60.08559
15.19892,59.27111
18.07536,59.2268
17.12406,62.07713
12.7449,59.81793
17.01256,59.37888
17.56727,59.84182
17.8147,59.3516
15.96857,58.51735
14.12678,60.16211
14.56907,61.00855
16.4179,58.23666
17.0076,58.75696
13.23848,58.87644
13.02637,60.46329
16.06806,57.71907
13.74483,63.31205
18.14441,58.96889
12.60747,59.8739
14.32865,59.48291
14.96817,57.65298
16.26208,58.30343
17.81751,60.5782
13.45287,59.77261
15.74255,58.01529
16.27041,58.06
12.55439,59.58343
13.94977,59.32732
17.03212,61.23438
15.89264,61.1583
16.96944,58.47097
18.12065,57.54637
14.10914,57.91638
17.02037,62.57026
13.49064,58.27485
16.55673,58.59252
13.78057,59.60012
18.18441,59.30062
13.00475,59.99735
18.32358,59.39984
17.51339,59.52968
13.92225,59.44428
14.07992,59.95641
17.33866,60.43905
13.25947,59.48621
17.53059,62.36659
14.64938,63.65268
16.43804,58.40513
17.82806,59.93207
16.63065,58.02857
12.80215,59.06356
13.73497,59.98511
16.25559,57.26633
12.77164,60.12483
17.16376,60.76388
13.30654,58.5481
14.09686,59.30984
18.55982,59.17297
16.56876,61.84416
12.49383,59.02305
17.64993,58.93067
18.17242,59.06711
16.64671,56.87915
15.41347,59.26134
16.11319,59.72583
16.05543,61.54752
18.15973,59.54925
16.91275,60.26798
12.57629,60.74629
19.0722,59.7301
14.49582,57.85532
15.09569,58.03243
14.94863,61.64289
17.08621,59.78165
17.91656,59.58203
12.71396,60.97889
17.85266,58.7891
14.01119,63.63763
15.58334,58.45437
16.22254,58.13733
17.58345,60.40341
14.09555,59.10886
16.20977,58.14349
17.58211,59.22527
19.19941,59.39576
16.75632,60.52044
17.34727,58.80926
18.76217,59.18009
15.35786,58.45926
17.68887,62.4259
17.65863,59.83535
17.54644,58.89979
17.197,59.17077
16.96591,61.05368
12.56433,60.10499
17.59881,59.84544
13.71005,59.88038
16.58892,57.80707
17.84032,59.32105
14.84285,57.85602
16.17578,58.53438
18.44519,60.19895
17.4192,62.0624
15.6488,61.24051
16.44352,57.83293
14.12117,57.92864
13.05791,60.33068
16.40602,58.0551
13.0132,58.94013
12.87945,60.71674
15.2791,59.27439
13.91415,58.46191
13.19914,58.91283
12.52774,59.94052
16.93916,59.25466
13.13484,60.52002
15.56762,60.48964
18.01593,59.37875
14.83117,57.76714
16.69393,60.53223
14.33797,59.09611
16.53094,57.00309
17.67194,59.95585
17.19814,59.33645
14.07169,59.68546
16.75923,61.82793
18.27216,59.75164
18.53838,59.27627
17.40921,60.52971
15.37732,60.42039
15.98403,62.61421
17.11099,58.64908
12.89804,60.04765
17.84076,58.85489
16.73014,59.45441
15.07974,58.24783
14.07638,59.78316
18.54003,59.49832
17.9393,59.98149
12.90038,64.0045
13.03764,59.85849
16.59901,57.32796
17.09035,57.34867
17.39653,62.56651
18.85641,59.87776
12.9391,60.15646
16.88804,56.95766
18.74504,59.63645
17.05214,59.35718
17.42809,62.02887
15.8238,58.73453
15.63789,62.72508
12.82811,60.60161
14.86301,61.82058
17.33247,60.65102
17.57764,59.82484
17.23079,60.70125
15.64353,58.40265
13.1517,63.18959
13.02286,59.57872
15.65985,60.60339
16.3157,62.26934
15.9339,62.63757
18.9144,59.28762
16.10394,59.24591
16.83718,62.71515
14.79358,61.50908
19.03739,59.71626
18.62873,59.09052
13.94193,59.43686
12.75121,59.41814
19.35536,59.73465
17.84478,58.773
15.95759,58.669
15.62271,58.88983
17.6713,59.81494
19.19093,59.70657
16.4696,56.95289
13.15921,59.29092
13.87772,63.24082
16.71854,58.39352
16.79535,59.16147
15.70945,62.55232
15.76064,58.52202
17.46539,58.77204
18.26261,59.93394
19.07772,59.83377
15.22562,62.39529
16.83599,58.20658
17.86153,58.75175
16.21091,59.72516
17.85347,58.98086
13.44441,58.46394
17.8003,59.54559
13.28836,58.50168
12.65171,59.45502
13.82376,59.55644
17.14697,60.93121
15.0547,58.64964
16.98597,61.54264
16.89336,59.23659
18.32219,59.04092
16.2428,62.76508
14.31729,59.67868
15.04441,58.53428
17.30859,59.05127
14.57069,59.30347
18.82407,59.16475
14.69693,58.23814
14.34618,61.04459
16.6662,61.72461
15.06011,58.53861
16.01578,57.99595
13.50498,59.40216
18.556,59.58134
12.90151,59.66625
16.56464,59.60572
15.20008,61.04265
19.33765,59.7378
13.48906,60.23099
18.12682,60.46158
18.40074,59.36821
15.90228,59.84541
17.66324,59.14192
13.62342,60.01971
16.61074,59.58134
15.97593,59.96005
12.54813,59.86863
14.16723,63.31701
17.0872,61.63991
17.72811,59.66005
13.42203,59.59419
14.00645,57.98868
16.805,60.1777
12.64111,60.88536
15.54153,58.48669
16.79641,59.05222
15.60131,58.2202
17.95489,59.51451
14.35261,59.51954
14.24342,59.35777
18.82746,59.54025
13.68218,58.4995
15.47269,61.64343
13.19635,60.68566
16.61531,62.11157
15.18073,61.56515
13.22196,59.98835
15.95826,62.06786
14.00386,59.44824
14.66482,61.75982
15.62495,58.40131
18.15014,59.00629
15.09607,57.83109
13.11632,60.10174
17.12926,59.69814
16.39836,58.65949
15.81094,59.1328
18.71819,59.10165
14.55577,57.9661
16.08706,58.59947
17.38267,59.66547
18.81857,59.15392
18.04594,59.36857
17.05407,62.49722
15.16173,59.2786
18.19071,59.37928
13.40823,58.58469
17.47966,62.16338
15.12149,61.50298
14.27337,57.87159
13.55068,58.29508
16.47129,57.52346
13.01149,59.18105
14.56404,62.91083
15.57055,63.54271
16.3825,59.78197
16.38047,61.3935
15.02731,57.59743
16.69787,59.08329
18.38409,59.3254
17.16884,59.752
13.95803,60.82165
13.69395,63.32857
15.27962,58.74081
19.20044,59.74873
18.51408,60.19322
17.37796,62.28626
18.08663,59.05041
15.79193,61.51905
17.88157,59.20658
16.9477,59.44595
15.40798,62.36968
13.77777,63.28338
16.5994,59.0867
18.40043,59.18609
16.66569,58.92944
16.61863,61.85581
14.35931,58.70404
15.4882,58.39257
14.93276,57.99618
16.02143,59.89104
12.82614,60.09672
16.19362,58.97121
17.60348,59.14651
17.60796,59.87527
16.05289,59.69762
15.7631,60.35326
16.48097,58.50332
16.25389,60.58312
16.96681,58.73595
13.50003,59.38896
12.55566,60.14157
16.66619,58.63398
15.22727,61.99389
16.2723,58.60956
16.18844,59.70148
17.07155,59.62196
15.77773,58.70848
17.53372,59.54694
16.91152,59.21034
17.41691,62.03621
18.36087,60.14783
13.13175,63.19367
16.96962,62.49404
18.22683,59.63902
18.55848,59.49655
16.04628,58.18255
17.14705,62.3848
16.75987,60.57323
14.67322,58.29955
12.78735,60.51011
17.79734,59.16287
14.58654,60.85566
16.5386,59.56633
16.67004,57.76237
12.96529,60.75237
15.73869,58.49994
16.23457,61.89689
16.72198,57.66874
16.18592,59.77904
13.2212,58.80003
16.8645,59.36896
17.68064,59.26382
14.62636,63.20464
16.44478,56.96848
13.7918,60.08404
16.50548,57.29088
12.82852,59.7494
16.16925,59.01021
17.13061,61.29018
16.90081,60.28626
18.66458,57.2268
12.90663,59.08537
12.80813,60.8236
12.55217,60.96888
15.53583,58.46896
13.8388,63.64574
13.29432,63.30449
16.49816,57.01609
17.68847,59.05012
16.27816,62.66587
12.77588,60.37275
15.88717,62.56091
16.48568,57.95353
14.26986,58.31948
14.80956,57.71712
13.98357,63.16247
17.20559,61.59027
15.82456,59.39626
15.1138,59.11082
17.86823,58.93116
18.36464,59.27368
16.7293,57.6103
15.89074,62.38672
17.21719,62.41254
15.63225,60.57932
17.92544,59.55185
18.84137,59.58711
17.749389999999998,60.07458
14.08528,59.01698
16.61258,58.34167
14.98366,62.36162
17.1002,61.7161
17.45541,58.78342
13.23256,58.89662
19.27899,59.62859
15.98859,58.19034
15.42725,57.83719
17.90787,59.57049
15.00442,57.58471
13.23314,60.21022
15.19726,62.99648
17.64893,62.22161
15.19693,57.58966
16.08737,61.38014
15.8041,58.60219
16.76037,61.11453
17.86821,58.97462
18.93666,59.8629
17.35601,62.49309
17.12192,58.69117
15.08195,60.85954
17.43563,62.54837
15.82671,62.02518
13.54739,59.84713
15.91548,59.59122
16.71935,57.74244
13.19999,58.85514
18.02915,59.22504
17.61456,62.50765
14.16162,58.44252
13.26426,58.90372
14.1868,59.1425
13.35665,59.73886
18.71917,60.14404
16.35562,59.89672
18.14402,59.3241
15.81853,58.5127
16.06119,62.31775
15.88044,62.64662
13.72636,59.8848
16.76979,60.63733
15.38084,59.15857
12.49678,59.43959
17.77262,59.47741
16.96412,62.53847
18.18132,59.43596
15.10511,63.67339
15.91986,60.73885
18.59965,59.84481
17.71311,60.20049
15.46742,58.41431
15.46787,60.45128
17.15851,60.69575
14.09671,59.4201
17.78518,59.43565
16.99821,59.51266
16.89112,59.1578
16.03068,59.75795
17.60589,59.80057
12.50234,59.37884
13.9959,60.49427
17.55091,62.48653
18.90449,59.64659
15.4506,58.52865
19.38091,59.72024
15.60539,60.62621
15.0202,62.95893
14.14601,63.88251
18.83784,60.03027
17.35703,62.39567
15.79191,57.90743
15.42961,58.66312
18.79117,59.1349
18.54277,60.47454
16.795,58.60761
16.97063,59.01303
14.40299,58.59001
16.94162,58.49029
16.20483,59.6282
16.59888,62.809
17.95695,60.63789
16.85654,61.75656
16.64885,62.80029
16.60609,60.05447
14.92269,62.48378
17.37204,62.27128
17.68063,59.41079
15.05481,59.3272
15.33651,59.01985
17.42546,60.22301
16.54748,61.21276
15.14225,62.28517
15.00448,58.61989
13.78433,58.08609
14.32115,60.1365
16.228,59.71262
18.80954,60.10062
17.39544,62.52357
16.10885,61.73632
15.95443,62.55342
16.59561,57.78572
13.56333,59.38651
14.6216,59.61571
17.78452,59.52155
14.45499,58.44575
15.63215,62.18024
16.0051,59.70699
13.17258,59.90492
14.35605,59.81047
15.18668,58.22712
17.07637,57.21404
17.64123,60.51857
18.40546,60.08539
15.82432,57.3537
13.09637,60.07373
15.42865,60.52238
13.49569,59.36869
17.10891,60.38546
16.961,58.67705
17.32035,58.97679
14.81248,62.6556
15.74722,58.20569
18.77344,59.9867
17.03318,61.9886
16.70054,58.60138
15.92461,62.52919
17.42639,59.45916
15.65755,57.85872
15.60166,57.33515
16.095,58.62121
15.36623,62.25588
12.6804,60.97899
16.19214,59.75209
15.9987,61.18874
16.72736,60.09551
17.20128,61.72258
17.0793,59.3699
15.58741,62.49635
12.51088,58.80388
12.57119,59.33716
16.67798,58.6063
15.34149,62.07381
18.68036,59.32431
15.8747,62.00473
16.47128,59.52458
13.6037,58.25358
12.81166,59.74221
16.64779,57.7978
17.51245,60.66036
15.36645,63.63956
15.63465,60.60302
15.95966,58.42609
17.76238,58.98986
14.97421,59.51322
12.95796,60.12766
15.99967,63.34014
17.49013,58.94453
15.53396,58.44182
14.79251,63.01999
18.18037,59.22839
16.29751,61.06786
17.62166,59.70308
16.07331,59.69776
16.94478,57.21633
17.60931,60.49904
18.62942,59.3007
15.69475,62.01565
13.96002,59.41459
15.07289,57.55367
16.82561,61.98702
17.72961,59.82536
14.60004,59.3302
16.40276,57.1854
18.50513,57.30225
18.70406,59.27926
13.83456,59.49063
12.63705,59.72148
15.65951,58.48491
17.22239,59.54579
16.50913,59.74303
12.88172,59.82168
15.85853,58.64536
14.06084,58.27954
17.18419,62.64241
17.63505,59.85888
16.42803,59.73295
17.14472,58.6983
18.4438,59.3398
15.13496,59.52772
16.65256,58.15112
12.80977,59.20162
15.73715,62.53483
13.58512,59.98766
12.86211,59.17879
18.64872,59.29349
14.83042,57.84694
12.97067,60.34169
15.48241,60.68184
17.57003,62.21034
15.32207,60.14277
16.7773,58.08248
14.20748,64.01845
16.08374,59.71086
16.6145,57.76415
18.39901,59.13294
17.05858,58.66326
18.6863,59.29287
14.12801,59.39494
14.88295,62.8138
14.96151,62.89582
15.28619,59.90538
12.59986,61.00039
13.49279,59.35191
14.82195,58.33289
16.34415,61.37573
16.81936,57.8656
13.39578,59.50311
14.16408,63.97117
13.25214,58.89692
18.11305,59.30132
15.22841,59.11677
16.78987,61.78539
14.59405,60.90963
17.23729,59.31821
14.80522,57.90336
13.55213,60.13307
17.89636,59.47964
16.53398,57.33111
13.07542,58.60685
18.03503,59.38612
16.54426,57.72364
14.7712,63.0193
16.38402,61.46562
16.17838,60.98311
17.83058,60.22408
17.43519,60.80603
17.85313,59.56438
19.34188,59.71523
13.67961,59.41002
17.31684,60.42266
14.86634,57.70501
14.13213,58.02383
18.50696,59.52409
15.6604,58.04105
16.66437,57.56501
12.59249,59.07819
17.84414,58.87091
15.8884,58.4502
16.16729,58.20859
15.21806,62.38041
12.70172,59.72144
16.96855,60.77065
15.94895,62.32199
15.79333,61.78541
15.23272,58.27181
15.52845,57.4064
15.05037,57.5939
16.46386,57.18776
14.51565,57.94926
16.57337,57.0811
17.80685,58.80102
16.04731,59.86568
16.17409,58.58907
18.31094,59.23363
17.0102,58.26013
18.89982,59.63483
17.11173,58.97765
15.40276,58.7225
14.74138,59.69454
17.95202,58.93578
16.56688,62.22217
16.18116,59.74102
17.89,59.48934
18.07347,59.1062
18.26653,60.39881
16.81903,60.9768
16.48236,62.04447
13.95732,58.58389
16.88164,60.58718
14.36042,59.69565
17.6435,59.49401
18.34854,60.03774
13.30383,60.49062
15.66102,62.13648
12.811,63.40769
16.13403,62.53229
18.79546,59.4168
16.42265,58.65994
13.9992,58.98287
13.21007,62.77523
16.52505,57.77131
12.47357,59.67231
18.03725,59.07421
15.31935,57.41328
18.30799,59.919670000000004
14.28926,59.54187
13.99967,58.69958
15.71953,60.51947
18.88514,59.76119
15.17541,61.95543
15.64873,60.27257
18.1728,59.0821
15.92241,58.78075
14.95045,62.43107
12.53537,61.01884
14.2226,59.42499
13.31662,60.36076
16.67135,57.75155
15.11482,57.75012
16.36655,57.28854
14.7947,61.35089
14.97147,60.71879
16.10533,60.361
14.63344,63.22411
17.4187,62.5557
15.57958,59.01145
16.49207,62.32023
18.3121,59.27716
15.5326,62.49984
13.30281,59.73479
17.66024,62.23316
17.38748,62.55359
15.26672,59.26495
15.54608,57.5557
14.88437,62.51559
17.32883,62.6376
17.06276,59.34553
14.92791,58.64286
16.553,62.38562
15.19556,60.15914
16.7112,57.89178
15.89511,57.97541
13.07863,58.67643
16.33651,61.22039
14.81184,58.68058
15.1157,59.53455
16.99388,58.25718
15.53129,60.38426
16.42889,61.44783
15.57433,57.82828
16.65434,57.5094
17.94592,58.88421
18.19584,60.38694
18.73495,59.83033
16.79356,61.76537
17.91834,59.92811
17.11924,57.34995
15.10187,62.38624
16.93317,59.23986
16.35143,57.11626
15.2734,61.72199
13.19869,60.64317
13.88981,58.54956
17.03169,60.9355
17.39984,58.74362
16.07609,59.81867
16.82911,62.4042
16.91891,60.28549
16.49825,58.26542
16.56721,62.36749
17.29167,59.2725
12.65134,59.05789
16.13305,59.82125
16.03866,58.55749
16.63164,59.5738
13.39384,60.28982
13.34417,60.33737
16.13651,61.44147
16.45619,60.84526
16.18897,60.31437
16.7822,59.2381
15.00845,59.51226
16.56247,62.69646
15.02341,62.84751
14.8833,58.4458
16.16368,59.47618
17.26986,62.40815
16.12619,59.95322
16.03018,59.5004
14.07213,59.61543
17.30503,62.22091
15.35358,62.81474
19.25592,59.80299
14.89453,62.97197
12.79502,63.41972
12.61516,60.20397
17.14316,60.57281
17.28315,59.82224
16.66796,57.51975
17.38192,58.81219
17.99453,59.37233
17.71629,58.97454
17.0641,61.73586
15.97788,58.50768
16.16759,63.02066
15.1358,61.96331
12.61708,59.52761
16.87935,58.17219
12.90428,59.05281
17.04361,59.83669
15.23481,61.52133
16.69623,62.13197
15.34229,62.57705
15.02653,58.24518
19.21156,59.43324
19.44187,59.52865
13.6254,58.21624
17.66481,59.21549
18.72714,59.19666
15.32927,58.54098
12.9903,59.60784
16.68897,57.54486
17.84618,59.46302
15.32937,58.55056
16.15702,57.30105
16.60827,62.22781
15.29904,57.55496
15.8159,58.00157
15.42233,60.53533
12.59474,60.69279
15.76977,60.29956
17.27944,58.70385
14.51844,57.93762
16.93301,59.28207
15.71852,63.36221
17.72361,59.73498
13.00435,60.2361
15.55451,60.05425
15.2929,62.33456
18.3852,59.62267
13.99724,63.25284
15.55417,58.46632
17.58111,62.19908
15.25828,58.44092
17.40604,59.94761
12.65883,59.10524
12.51417,59.21934
18.30417,59.31391
19.14707,59.36316
15.16615,57.47158
16.14715,61.35618
16.46241,62.38906
17.95941,58.9171
14.68998,63.26045
17.97925,58.89398
16.52155,59.703
15.20405,60.14311
17.43206,62.50063
18.15342,60.37213
16.58087,57.14017
15.16766,58.85531
13.1842,59.38362
12.70448,60.65885
18.5916,59.75371
16.80025,59.4044
16.90451,59.52186
13.63518,60.03786
12.86204,60.73048
14.68095,58.38243
15.82183,61.3984
16.29842,62.65953
13.94271,59.07703
18.43582,59.1576
18.03647,59.51585
17.34211,62.45908
17.32397,62.39154
15.82502,61.38347
13.97535,58.83788
16.06852,59.79095
13.23691,58.96015
16.62846,56.87153
14.11667,59.84828
15.76148,60.60287
16.65478,61.60344
17.9121,59.4432
14.40345,59.439
19.22749,59.78507
16.45735,59.3905
17.01869,61.79217
15.62408,62.64802
17.11505,59.26204
16.59953,61.83371
16.84453,60.25718
15.18038,61.6567
15.07158,62.29566
15.04073,58.1468
13.79492,58.71257
17.94254,59.48617
17.05328,62.23417
18.2954,58.95799
14.65001,59.08112
16.11142,60.37085
13.84338,59.43685
13.92965,59.7985
16.4174,58.47948
18.39928,60.18295
16.81756,57.96562
15.57561,62.86024
16.09309,62.23976
13.19781,59.39584
16.6037,58.29389
15.15364,58.30805
19.40065,59.70608
18.84634,59.19871
15.5935,58.3735
16.85017,56.9524
15.74579,60.34734
14.95213,59.51055
17.80292,59.70752
12.95745,62.14539
16.94847,62.31743
16.90252,57.19424
17.31819,61.1608
15.62517,58.42988
15.57791,58.53161
13.00678,60.33088
17.31858,61.5587
17.59263,59.42567
16.62653,59.51753
13.065,59.85704
15.30127,61.81358
17.6216,58.88552
13.47848,59.7199
12.55048,59.24456
16.70422,58.86
18.5441,59.2208
16.63699,60.44041
16.03298,62.18134
16.91975,62.20334
18.5729,59.21366
15.75643,60.01778
17.61739,58.89533
16.86957,62.57311
17.17779,61.17928
14.98826,59.52026
19.12669,59.36472
13.61944,58.68546
16.44435,62.29188
16.08657,61.48012
16.41302,60.03066
13.84552,59.63211
15.3095,58.63383
18.12527,58.87509
12.79146,60.74773
15.0359,59.51497
18.71658,59.53756
13.2884,60.45702
18.24692,59.1135
17.08906,62.61039
18.15639,59.19781
14.8271,57.88381
12.39693,59.2336
15.64648,57.6018
17.85486,59.90409
14.1357,59.38329
16.6656,57.70141
16.20395,60.28391
16.21173,59.76248
15.3237,59.25554
18.18759,56.90584
14.04503,59.27801
15.03579,59.55757
16.54155,62.72676
17.38123,60.653
18.4007,59.29907
14.38691,61.15629
14.27181,59.864
16.90936,60.9716
15.9565,58.16689
18.07644,59.52727
16.39602,58.46013
18.14552,59.54247
16.22507,58.60379
18.11217,58.88376
13.27123,60.44429
16.60176,59.57083
13.04941,60.61618
14.54867,59.24206
14.56779,61.68414
16.48637,57.73526
16.58037,62.41283
13.53334,59.38466
15.33924,59.47351
14.64756,62.04619
16.25173,58.47039
16.52305,60.6559
14.90055,58.87812
15.57185,60.64479
19.21014,59.45134
16.49724,62.28869
18.72645,59.22114
13.05219,60.69976
16.49248,57.14957
14.53957,59.70203
13.17032,58.51042
18.92675,59.35348
12.67199,60.19526
13.31207,59.55239
13.2877,59.49356
15.87804,60.40345
16.32879,57.69847
17.30237,60.17644
13.0676,59.50463
16.00779,61.71335
19.24926,59.79339
15.28876,60.16631
17.10872,61.73267
15.92333,62.84167
15.12509,59.07002
18.357,60.28037
16.49824,60.08289
15.32315,61.29965
19.13655,59.30545
13.44791,60.39533
16.79521,59.38172
15.18863,58.58079
16.35583,58.66556
16.17128,59.76341
15.91517,62.40721
13.4651,59.42525
13.86687,63.107170000000004
13.8578,58.66259
15.64357,58.14112
16.94988,57.19488
17.50898,61.70064
14.87134,59.04566
16.43914,57.01703
17.11242,60.67988
15.87381,61.93044
16.34725,57.16846
18.78967,57.45093
16.61536,58.9597
17.20132,58.93364
12.65293,60.38993
16.66476,58.03024
17.02539,61.58894
16.87474,60.26816
17.61193,59.08371
16.82876,59.3794
16.4555,59.623
17.30343,60.44822
18.25582,59.54047
16.75044,57.80082
13.04677,60.28816
12.59643,60.14622
14.34133,59.87524
15.82693,61.74571
15.97703,58.58907
17.91992,58.94091
15.13273,58.23084
15.02092,62.34862
16.40465,57.90079
14.18956,59.13077
15.44491,62.54075
16.9139,59.23819
18.1308,59.33006
16.38379,58.83704
18.57338,59.55933
16.21582,62.46874
17.83436,58.88175
17.84637,59.27122
16.43864,60.51508
16.3387,60.52627
17.42168,59.27019
14.01055,58.57748
16.82453,59.76332
15.91241,57.25272
13.61848,63.28268
17.34007,61.80457
15.41223,59.28345
15.70945,57.89878
14.98206,60.89975
15.50236,57.50487
13.49045,58.5264
14.83005,60.55078
16.94128,57.18634
13.21654,58.85838
15.08357,58.20768
17.97764,59.42292
15.76871,57.91228
15.26374,60.72683
12.95184,60.54107
16.46928,59.2518
18.40296,59.48161
17.57847,59.88656
17.30216,60.50848
17.06883,57.19415
17.22617,62.6463
14.91204,59.3271
14.33803,58.6369
12.99248,60.13252
12.8318,59.98349
16.57412,57.11646
16.06814,60.12681
17.06726,59.33298
13.44014,60.29966
16.53862,58.27577
16.30957,61.57729
13.23044,59.93349
16.41673,59.7159
17.11285,58.65807
18.30668,59.2881
19.40474,59.75159
18.81987,60.07384
15.21363,59.30544
15.66281,58.21036
17.96292,59.74945
14.18382,61.93659
17.82108,59.15612
14.05998,59.30372
13.53254,58.32585
17.2679,62.20224
14.46187,58.02469
13.89275,58.55875
16.14868,61.66753
17.88607,59.50374
16.96164,57.24188
13.4773,59.78314
18.24912,59.95744
18.13549,59.44567
16.36316,58.62312
13.67915,58.46023
15.58334,60.59805
13.50587,60.17596
14.19159,58.60979
15.85868,59.04771
13.11708,60.11729
13.11237,58.6981
18.78423,60.12322
14.42296,63.49837
16.58878,62.232170000000004
16.7742,59.1642
18.42874,59.40115
16.00334,57.90041
17.33402,58.74318
18.06143,59.45697
17.4413,60.56976
14.18275,59.62104
17.55607,58.88906
13.88263,63.3708
16.81045,59.42107
18.90622,59.97559
12.68904,63.4452
13.9227,58.42703
15.44572,63.53597
16.51856,58.03085
17.85235,59.86268
18.26772,59.22379
15.70807,60.58513
15.59604,60.53528
15.41809,60.48403
16.26056,62.04182
13.5879,58.32628
17.03996,58.63866
16.05448,59.49505
16.62109,60.31263
13.67667,59.74197
18.61722,59.52648
17.97732,58.9684
12.75348,59.63365
16.79061,60.23529
16.23879,62.09238
13.15688,60.74011
13.01777,60.68975
15.95747,63.21372
16.8836,60.56019
14.40378,59.64306
15.23384,62.32029
13.82699,59.29727
15.69062,60.50375
13.59932,58.29864
12.6903,59.48666
16.62818,62.5806
18.2503,59.21973
12.84516,59.90625
13.09014,59.32332
13.5261,59.55603
13.41529,59.60595
14.87561,58.55513
17.31941,59.27725
17.63651,58.82346
13.54979,59.33104
17.64619,58.94762
17.80949,60.17893
13.83595,59.41342
15.82825,57.95815
17.62192,58.98871
16.43647,60.96472
17.3177,60.73668
17.1161,61.37737
12.92567,59.12951
12.56196,60.09422
13.41725,60.85901
17.00237,58.69723
13.76094,59.61029
17.0293,59.27393
14.51543,57.99318
17.91633,58.85973
15.1791,58.74462
16.43611,62.56272
12.90727,60.75199
18.65124,59.36371
18.12158,60.42932
17.73328,59.06239
16.84296,58.09639
15.95356,58.7179
15.18633,59.35446
14.9911,58.52886
15.2045,59.32982
16.50559,57.22871
14.30391,57.85909
15.47814,57.67499
16.92704,59.8293
12.43498,59.77998
17.36823,62.56684
19.40455,59.715
14.34733,59.36134
15.9073,59.05296
15.14015,58.33246
16.11112,59.77407
12.86482,60.22775
15.36416,59.17866
16.79904,59.39252
16.10533,62.60437
16.4901,57.26025
16.73308,58.08191
15.498,60.35757
18.73289,59.75458
17.21779,59.1488
16.2231,61.78818
16.61217,60.97638
17.98451,59.97407
18.35718,59.3263
16.45361,61.26175
16.13106,57.90424
17.06036,60.65092
14.65723,61.55611
12.6225,63.34404
17.23807,61.01244
13.80248,63.10163
16.67942,57.68356
18.33718,59.16881
12.6083,60.9378
15.5604,58.53634
15.83319,62.34175
18.99688,59.36853
14.07171,59.21021
17.07156,59.63406
12.58828,59.50674
16.63145,59.55078
18.09335,59.39586
16.45994,57.17861
19.15369,59.77312
13.21762,60.15477
17.67249,62.51081
18.39375,59.38787
16.81085,58.21189
17.87889,59.42471
13.45352,58.63047
12.91278,63.23999
13.15296,60.70696
16.42684,60.6588
13.37496,59.4642
15.93647,58.24566
14.32834,57.8816
17.04456,57.17373
18.10285,60.4779
17.9257,59.56489
16.22155,59.46377
17.09158,58.76227
18.22648,59.2168
17.13679,58.6745
18.15892,59.31813
16.8785,61.18128
15.84991,61.80484
17.72415,59.61574
14.28401,59.06509
14.70991,58.26888
15.35013,58.65783
14.09892,59.90526
19.01384,59.83157
18.80859,59.86263
12.8242,60.15249
16.18721,57.79828
17.90481,59.40542
13.01655,60.15944
13.10802,59.95791
13.13212,60.72173
15.15464,62.33356
15.73167,58.36208
13.5301,59.3949
16.94084,61.73407
17.8964,59.45922
16.29654,59.46042
13.70623,59.50847
18.79848,57.69518
16.53506,62.24142
16.8847,62.40946
15.80402,62.61076
14.52199,59.12536
15.79086,58.0265
13.54898,58.28324
17.52071,62.47452
14.43097,57.99765
16.12321,58.61486
13.11185,60.20292
16.33471,61.97074
18.72897,59.34718
17.8738,59.33337
15.82039,59.04873
15.76749,60.00949
13.03416,59.55977
16.12276,58.59275
15.70447,58.91129
17.69439,59.10827
15.48683,58.00888
15.90998,58.57865
18.86919,59.29501
13.92488,58.44004
18.04933,59.33406
16.15847,62.58024
16.96508,62.86301
17.09407,58.9284
18.46029,59.38974
13.10088,59.79291
16.81132,58.35382
15.64865,61.60248
18.23432,59.34504
13.84024,60.14426
17.63135,59.19066
15.64858,58.2039
17.56774,60.16802
17.24399,59.33845
17.33878,61.95808
13.41386,59.43128
14.19398,58.59653
18.36916,59.11993
14.98564,57.64057
15.73859,58.70975
15.6272,62.71191
14.63708,61.79709
15.68224,58.38878
15.81542,59.26177
13.49072,59.68633
16.59927,58.43998
13.35682,59.87823
15.51042,60.47157
16.66798,59.54143
16.14613,58.17917
16.40955,60.61449
16.809,60.59563
18.3176,59.95811
17.15388,58.69055
17.30797,59.99258
15.4939,60.14083
17.08712,58.65246
18.16073,59.11997
16.71568,60.76658
14.27251,60.03939
16.53109,57.71752
13.07329,60.67015
17.76998,59.60571
16.11771,61.66778
14.57495,59.57239
18.49092,59.49429
17.57624,59.76455
14.31592,64.09067
13.27009,58.49837
16.18228,59.46441
15.17189,62.30116
15.79145,61.64241
16.59091,59.06928
17.08246,58.75115
16.20696,59.70871
13.66637,59.83639
17.9773,59.22322
18.95405,57.73845
15.69557,58.72132
15.12555,57.98761
14.91669,62.85211
13.67048,59.91724
16.22073,59.61092
15.74549,58.35275
15.41613,59.0256
15.11317,57.55682
17.9493,58.78983
18.69483,59.75856
15.36531,59.28461
16.91744,59.77054
15.65112,58.15067
17.82381,58.79804
17.48951,59.35779
15.84084,62.92636
15.69492,58.14116
17.7475,59.24833
17.03989,59.37657
14.48757,59.15381
18.3267,58.92528
16.14255,61.08668
18.70937,59.08383
16.12503,58.75941
15.40532,58.69748
15.94868,58.39285
15.57254,58.70518
17.2322,61.92716
17.62423,59.90561
16.58694,57.69463
15.79979,57.23946
15.93078,59.38413
18.48398,59.54058
14.97827,57.60167
16.7305,62.6117
15.84357,57.31676
16.86576,60.76036
16.48137,56.96644
18.39415,60.46824
17.6242,60.04875
17.79252,59.44567
15.74378,58.14293
16.582,59.08397
17.05276,58.69408
16.16903,58.49812
15.73691,58.27544
15.81792,61.06345
14.40213,59.475
18.87207,59.57131
17.26756,59.29153
16.92862,62.49266
18.03381,59.04877
18.49705,59.44094
15.54054,57.59122
16.64072,60.9385
14.17349,59.27022
16.10144,59.89297
19.28018,59.70722
16.30388,61.71252
15.04644,62.35605
15.03118,61.76485
17.24445,61.71134
16.96466,61.71409
17.46655,62.26853
14.04089,59.04394
18.29166,59.23309
14.77364,57.91271
16.25044,62.34549
17.34464,60.76611
12.43344,59.33582
18.31204,59.32324
17.86649,58.74035
16.81147,61.12914
17.60945,62.24055
16.31288,57.9927
16.76673,58.02163
16.82429,59.84109
16.79832,58.01182
12.507,59.71742
16.71277,57.75456
18.06035,59.05204
15.0221,58.62306
17.17843,61.67109
17.03194,60.65663
17.17829,60.62524
14.77162,57.87011
16.52747,58.73813
13.15304,58.51359
16.68556,59.13018
16.07351,59.25766
18.28627,59.26682
14.1905,59.39221
16.45441,61.99016
14.97062,57.66372
13.14353,59.96566
15.47215,62.57076
16.25127,62.49566
13.00267,59.05825
12.60105,62.31264
17.09693,62.25495
18.60076,60.30817
15.78323,57.38397
15.72829,58.52819
16.75812,59.44157
18.34233,59.77152
16.40315,61.35762
12.63274,60.30275
16.86332,60.6142
13.00307,58.61377
17.56297,60.66126
12.90499,59.96362
15.73122,60.60863
16.92372,60.41858
17.16441,60.50232
14.81209,57.83409
15.82596,57.28826
12.9722,60.65631
16.7033,57.74583
14.97647,62.37735
15.23872,59.0197
13.72249,58.56442
12.67648,60.33583
18.15319,59.27449
17.70355,62.44541
18.64552,59.34984
13.39963,59.46492
17.47152,62.36142
18.26768,59.37277
15.04054,59.28483
12.76647,59.52933
13.57413,58.19903
13.74651,58.51184
18.77859,59.46775
12.6157,59.08732
13.06945,60.28947
18.92289,59.44251
15.91308,59.78983
13.74051,60.64528
15.21781,59.27336
16.44064,62.23891
16.68695,57.55616
15.54552,60.44634
17.16233,62.45769
15.11043,59.26636
15.04312,59.52476
13.21725,58.67623
15.69757,58.35835
15.56484,57.31108
16.91746,60.45039
16.86647,59.93732
15.28961,58.03758
16.64638,62.21279
13.62579,59.51771
14.97906,58.32258
17.93271,58.86857
13.95315,59.39175
17.59309,59.75891
15.80705,59.9871
15.68413,63.1662
14.96177,63.00111
16.77078,58.43604
15.68739,59.72553
13.64862,63.30582
17.73662,59.39528
14.32996,59.39573
15.27418,59.86693
16.23206,59.51339
18.40368,59.19544
14.92115,57.9834
18.14036,59.24112
17.33529,59.42207
17.46217,59.73485
16.11107,58.56968
16.32248,58.19558
17.37123,59.78737
16.38887,58.59151
16.58112,62.31522
17.0047,57.11307
14.58517,58.79397
18.3441,59.4158
16.84839,58.39846
15.48591,58.38151
13.63976,59.84283
18.67564,59.13789
15.91584,57.21994
19.08587,59.74674
15.52842,63.42241
15.54729,61.94371
16.4673,58.89617
13.54632,59.4146
17.88781,60.21551
16.30427,57.43476
16.62489,58.62218
18.46877,59.84437
17.92271,60.23765
16.65364,58.86949
13.43183,59.34066
12.72083,60.88985
16.31836,57.94207
13.29889,59.75798
18.66908,59.12627
15.06074,58.17552
12.78499,60.2602
16.40876,61.31353
13.47083,59.68568
17.36336,60.45101
15.66848,60.00756
15.14078,59.26407
17.1411,60.67113
18.39907,59.58224
17.72034,62.51213
18.83361,59.50773
13.22681,58.91819
15.53917,60.51739
14.7455,57.93378
15.27096,57.68118
15.77328,60.62165
15.63432,62.41833
15.83583,57.90278
16.89843,59.37014
17.57626,59.9134
18.65097,59.93919
17.03393,60.17614
18.59127,59.44919
18.3359,59.429
12.62694,58.9435
17.03996,60.75647
18.80254,59.6308
16.59266,59.50269
15.18232,58.18508
18.32761,59.26067
17.08495,58.66247
13.79822,59.5335
13.06671,60.68731
13.12151,63.18308
16.12616,59.83638
16.52771,61.56551
15.18992,58.37903
15.75563,57.38796
14.99485,57.86744
16.61445,62.88083
17.81552,59.71884
16.55571,57.37224
13.44872,60.08281
15.59347,62.44563
15.4525,57.45167
16.48072,57.27617
17.72443,58.8867
16.32716,61.17141
16.1005,63.20822
13.57056,59.41042
17.05808,58.74829
16.2832,59.70504
17.37053,60.6305
13.97001,58.19544
15.81138,60.4996
16.3422,58.8248
16.2991,59.72305
14.64945,61.18352
17.54118,58.91468
17.16294,59.03541
14.45077,57.95178
17.55013,60.65013
14.96965,61.49316
17.03079,62.72917
16.19605,62.54948
18.72254,59.28948
12.61634,60.71762
18.80321,59.47069
12.67027,60.37726
16.54398,61.89314
17.65411,62.50608
13.30757,60.52489
15.24927,60.15669
14.38416,63.81035
16.56539,61.41549
15.92899,61.13779
15.08933,62.66868
18.3685,59.55838
17.07408,57.24139
17.0458,58.64922
16.95938,61.48456
17.58518,58.9496
14.75398,57.92102
17.79572,59.45618
17.52336,62.24688
14.4539,62.02374
16.4148,57.91756
17.09313,57.36678
18.59337,60.04508
16.1487,61.23966
13.09579,59.33213
16.71696,58.98362
15.60033,59.84192
12.63595,63.39958
16.25359,58.61557
16.96532,58.33581
16.05209,59.8215
12.72161,60.00315
14.21689,58.57688
17.48953,59.73188
14.4884,59.18191
17.16279,58.96312
17.71117,60.50694
18.38183,60.25919
12.64692,59.5911
17.61253,60.62565
17.95016,60.61841
16.64797,57.66081
12.65297,59.42739
13.11979,58.41388
17.034,58.52579
16.85949,60.28572
14.77409,61.10695
14.97535,59.96621
17.50633,58.988
14.82161,61.12233
14.78893,59.72602
18.35688,59.64657
17.88185,59.5552
15.15698,59.88357
17.39464,59.65429
16.51522,57.29886
14.63418,62.91935
14.28249,59.38624
15.45703,57.54427
14.97879,63.39717
16.7597,60.12077
16.20613,59.83009
16.01662,62.51207
13.88811,63.68809
17.18234,61.12704
16.90563,60.61221
15.70579,61.42831
13.59624,59.41772
15.85075,62.55659
17.20311,58.72093
16.3003,57.95375
18.57646,59.49478
18.32743,59.093
16.06463,59.47669
16.24339,57.60999
17.16876,62.70399
13.7017,60.68381
15.93171,58.23462
16.14301,63.18651
17.96882,59.43425
17.21241,60.68417
18.7487,59.47608
16.69621,56.88392
16.53523,57.82013
14.13357,59.04104
16.51854,60.03953
18.43778,59.32426
16.33549,58.64378
14.13506,64.06867
15.20918,60.09565
13.08054,59.26435
15.64902,61.38302
16.06206,59.8002
14.38614,62.47402
17.83618,59.38877
16.57092,61.80888
18.35419,57.69206
18.32543,57.66668
14.49609,61.00149
16.72898,56.91671
14.79562,59.95276
13.50728,62.09667
15.18074,60.15279
14.28393,62.0277
18.02144,59.04241
17.32193,60.43498
16.21165,59.80054
18.38942,60.50425
14.43348,61.03237
13.98785,59.27674
14.82368,61.3987
14.05076,63.45102
16.65352,58.01378
17.40361,62.6378
12.43,59.94844
17.03987,58.7432
16.42104,61.21702
15.48514,57.40401
17.28006,62.37742
14.17026,64.05247
13.88321,63.48914
17.76223,59.40188
13.90963,62.72309
13.96753,63.66373
17.18784,59.3659
17.93583,60.60052
17.00737,57.32851
16.40324,62.62589
18.09936,59.37472
16.73305,62.74858
17.09244,62.50148
13.1442,60.5283
16.95854,60.03517
12.47277,58.73676
13.44052,58.38498
16.22142,59.812
14.76732,62.40148
16.25572,57.83532
14.88936,63.83753
15.45027,63.49032
14.5557,61.41093
13.87823,63.38909
15.74531,63.14653
17.78659,59.13582
15.24132,61.62734
15.77869,61.4013
14.42717,61.04645
17.71695,62.20396
13.88621,63.28543
18.56928,58.96317
15.56517,63.41485
-8.363417,51.83724
-6.379159,54.522506
-7.04635,52.373163
-8.076977,53.994331
-9.384267,52.009415
-8.371601,52.825739
-6.978747,55.24771
-7.18486,52.823518
-6.048997,54.96686
-6.729425,53.17896
-7.189867,52.553965
-7.781801,52.10721
-7.780025,52.466672
-6.576931,53.267095
-7.621205,53.814073
-8.841085,54.081258
-6.710482,53.807736
-7.040496,52.642713
-7.1658,53.811769
-6.881295,53.090625
-6.449772,52.636454
-7.776825,53.095676
-6.291609,52.903886
-7.925472,53.455267
-6.718688,53.538269
-8.076649,53.814648
-7.770553,54.263651
-7.174603,53.362585
-7.042458,52.552864
-6.579907,53.177271
-7.186538,52.733668
-7.776358,53.185529
-7.927605,52.197258
-8.536684,54.172839
-8.078672,54.892664
-7.627554,53.095302
-8.218777,51.92747
-9.662137,51.646294
-8.228954,53.904297
-8.076813,53.90449
-8.07341,51.92765
-7.134003,55.338735
-7.782675,51.927471
-7.775888,53.27538
-6.890519,52.731267
-7.193161,52.374256
-7.153066,54.440568
-7.335926,52.644738
-7.620392,53.903913
-6.721394,53.448444
-9.532921,52.097452
-7.780472,52.376808
-6.679218,54.79567
-8.221435,52.46667
-6.888232,52.821109
-8.372369,52.915594
-8.700459,54.800843
-8.366338,52.196713
-6.139219,52.991465
-7.924833,53.814649
-7.16401,53.901602
-7.77253,53.904298
-7.482591,52.73533
-6.892795,52.641424
-8.364141,51.92711
-7.293178,55.249937
-6.878958,53.180461
-8.230437,54.173813
-6.726762,53.268789
-8.073556,52.017521
-7.291579,55.339751
-7.922482,55.072315
-9.529849,52.007614
-8.073851,52.197258
-6.842344,54.527828
-6.135347,53.081272
-6.844879,54.438014
-9.974409,52.180766
-8.226535,53.455076
-8.076325,53.63496
-6.895059,52.55158
-6.143071,52.901656
-7.636584,52.016982
-8.227013,53.544923
-6.209042,54.879482
-6.284502,53.083517
-9.962568,51.911316
-8.373917,53.0953
-7.172861,53.452425
-8.223716,52.915966
-7.625205,53.364852
-7.135957,55.248925
-8.073264,51.837778
-8.220096,52.197076
-6.436929,52.995753
-7.324797,53.36353
-6.507203,55.242852
-8.077309,54.174008
-7.188207,52.643817
-7.333188,52.824444
-8.219214,52.01734
-7.926559,52.826296
-8.380278,53.814071
-8.076164,53.545114
-6.582867,53.087445
-8.076004,53.455266
-9.590742,51.876482
-9.442714,51.788511
-6.125278,54.837788
-7.092859,53.321557
-8.290941,52.965242
-8.147998,54.67252
-7.836916,54.941984
-9.578192,51.51712
-6.81266,52.600208
-9.728998,51.694765
-6.807773,52.779889
-8.147673,54.58269
-6.659621,52.778308
-6.942823,53.320322
-9.437011,51.608817
-7.52801,54.671689
-7.394234,53.233617
-7.536169,53.95303
-7.55509,52.156
-7.847,52.246608
-8.453008,54.222593
-8.14452,53.684312
-7.9929500000000004,54.942093
-6.656853,52.868141
-8.139256,52.06689
-7.691792,53.504308
-7.699376,52.426055
-7.071256,54.309701
-6.366725,52.684767
-7.228233,54.13113
-6.356586,52.95423
-7.537164,53.863192
-9.881,51.8722
-7.525913,54.85134
-8.14735,54.492858
-9.157543,51.971417
-7.551465,52.51545
-8.295238,53.59419
-7.38253,54.04218
-9.303016,51.969897
-7.68017,55.031498
-8.286801,52.336227
-7.993142,53.864086
-7.100403,52.96219
-8.288557,52.605813
-10.022074,51.779974
-7.993173,53.684399
-7.836183,55.121632
-7.84543,52.695923
-6.218925,52.682637
-8.447208,53.683565
-7.698763,52.515917
-9.73243,51.784599
-7.992966,54.852267
-8.298409,54.043398
-7.366003,55.120092
-9.162197,52.151119
-7.09476,53.231718
-7.246071,53.142917
-7.242906,53.322604
-8.145448,53.95384
-6.662375,52.688473
-6.517583,52.596881
-7.837641,54.76233
-7.681594,54.851849
-7.844468,52.965495
-7.386495,53.772671
-7.544934,53.144435
-6.805311,52.869728
-7.52165,55.210626
-7.680884,54.941674
-6.922339,54.128779
-7.399256,52.874219
-7.838357,54.582671
-6.21526,52.772453
-7.077276,54.040224
-6.470209,53.944181
-5.965221,54.925056
-6.917649,54.308421
-7.700594,52.246327
-7.523793,55.030986
-7.993015,54.582779
-7.698146,52.605778
-8.908948,54.040335
-7.993233,53.325009
-9.01004,51.882899
-7.079261,53.950396
-6.65407,52.957972
-8.285073,52.066628
-8.149316,55.031828
-7.836551,55.031809
-6.511484,52.776541
-7.231556,53.951467
-8.297768,53.953559
-8.299701,54.223072
-7.682301,54.762022
-7.073274,54.219877
-6.161832,54.029711
-7.837279,54.852158
-7.693734,53.234764
-7.226558,54.220959
-6.945038,53.230486
-6.489618,53.405302
-6.222571,52.59282
-7.408987,52.155358
-7.545882,53.054584
-7.261401,52.244395
-7.105956,52.69265
-6.200402,53.1317
-8.142118,52.965513
-8.141825,52.875656
-7.2584,52.42411
-6.955938,52.781286
-7.104115,52.782498
-7.090948,53.411396
-6.499089,53.135842
-7.548696,52.785023
-6.790256,53.408727
-6.936105,53.58982
-7.26289,52.154535
-8.145761,54.043679
-6.964452,52.421901
-6.055142,53.039547
-6.810223,52.69005
-7.694375,53.144913
-6.363363,52.774589
-8.450084,53.953086
-7.993203,53.504706
-6.051088,53.129349
-7.085152,53.680902
-7.374403,54.581161
-7.401728,52.694512
-6.665114,52.598637
-7.843161,53.324905
-6.063186,52.859938
-6.359984,52.86441
-8.142709,53.145221
-6.520609,52.50705
-8.142412,53.055367
-7.993278,53.055452
-7.84283,53.414754
-6.660223,52.250334
-6.324648,53.394114
-7.265671,54.607499
-6.717833,52.738961
-8.957436,51.55933
-8.062487,51.912827
-8.928194,53.176643
-7.803723,52.596565
-8.619935,53.476147
-9.728215,52.260575
-8.813409,52.573914
-7.696498,55.043666
-6.949849,52.941635
-7.68088,52.617388
-7.970185,55.128476
-6.233603,55.207754
-8.47122,54.810482
-9.455606,52.498704
-10.377996,52.173157
-8.729668,52.050877
-10.031118,52.269749
-9.520166,52.436564
-9.424031,52.486776
-9.429244,52.467667
-9.344709,53.240283
-6.811336,52.294193
-6.530681,53.522628
-9.565622,53.579373
-8.512109,53.606487
-7.550228,52.851974
-9.029437,52.443978
-6.919883,52.350955
-6.272757,53.371771
-6.793722,54.343181
-8.886953,52.598802
-8.253777,55.10576
-9.2768910000000009,51.982162
-6.271664,53.304426
-9.230967,51.493165
-7.258175,52.173034
-7.596558,55.074194
-8.877207,53.409347
-10.027828,53.606702
-8.42078,55.045116
-5.804525,54.724588
-7.157257,53.290132
-6.887917,54.128915
-8.656105,54.013072
-7.10883,52.25295
-6.967152,53.276057
-10.051534,52.139596
-9.077591,53.387087
-6.573403,53.843472
-8.948541,51.907617
-8.378839,54.910514
-7.966505,55.037007
-9.050089,51.984397
-7.826973,54.730329
-8.133386,53.368413
-7.97811,53.288734
-6.901831,53.237152
-7.468157,52.654926
-5.919068,54.609805
-8.004376,52.108761
-8.422288,54.741494
-6.998629,52.373217
-8.58049,53.304281
-6.939585,52.896648
-6.845391,52.954145
-8.874879,53.375105
-6.8,53.28654
-9.63974,53.348341
-9.256866,51.541225
-6.49229,52.193485
-8.133996,52.423467
-8.311062,55.017599
-8.294327,55.080518
-8.211685,55.145363
-7.230373,53.22683
-8.425478,51.897665
-9.202065,51.511013
-6.970267,53.473861
-6.664117,52.510105
-6.334027,53.288659
-6.222097,53.329727
-5.811296,54.598918
-9.059734,53.273132
-8.941277,53.059225
-8.65673,51.904723
-7.449177,54.77017
-6.873998,52.998451
-8.503136,55.000789
-8.299164,55.09937
-6.64505,53.127259
-7.863932,53.164546
-6.239819,53.368475
-8.898071,53.613354
-7.319667,53.553995
-9.453556,52.487756
-6.186436,53.052854
-9.222937,51.527585
-9.76794,51.471409
-5.68369,54.596833
-9.217239,51.51442
-6.402454,52.237333
-6.147682,54.021856
-7.165424,54.211567
-8.060919,51.827449
-9.871574,53.326958
-8.259602,53.570463
-8.014706,54.008055
-9.482095,51.52233
-8.563085,54.30607
-6.356654,52.420854
-8.520548,52.521848
-6.952585,52.951544
-9.370869,53.579965
-8.229947,55.04832
-9.020736,51.874268
-6.252023,53.331148
-9.402726,52.479999
-7.99889,55.12572
-9.506368,52.440933
-6.564801,53.296753
-9.652261,52.462981
-6.86273,52.347722
-6.536282,52.920634
-8.104927,54.498741
-6.716575,52.225796
-6.101026,53.013328
-9.031348,51.575781
-6.201801,53.455229
-6.178241,53.302106
-8.947384,53.069494
-9.910047,53.415313
-6.935021,52.526303
-8.338431,55.111842
-8.262736,55.038373
-8.776464,53.687725
-8.147004,55.041262
-7.992517,53.139465
-8.112239,54.652121
-6.924384,52.588246
-6.969757,52.603926
-6.417131,53.736832
-10.084135,51.868777
-7.3312,52.227287
-7.068905,53.04282
-6.52711,53.386451
-6.935874,52.859366
-8.195929,53.09179
-5.93362,54.969027
-7.838955,52.64694
-9.150549,51.89024
-7.918347,55.180549
-5.701759,54.345289
-9.022511,52.995872
-8.284043,54.954788
-8.186401,55.104085
-10.063349,52.254295
-7.901081,55.180536
-9.773481,53.536309
-8.159904,55.138256
-6.302513,55.064994
-8.073248,53.163703
-6.382981,52.467856
-8.796159,52.002051
-9.200546,53.997798
-6.25357,53.299385
-9.16394,54.125988
-22.54895,64.0111
-23.987205,64.881295
-20.431515,66.016866
-23.088336,64.802675
-9.371271,53.840138
-6.076125,54.456467
-17.96854,63.838627
-6.290497,54.55743
-22.872898,66.335462
-21.950075,64.157403
-23.165836,66.06562
-21.165466,63.864679
-7.353458,53.549498
-9.160194,53.981481
-8.973622,51.730495
-20.114952,63.531467
-22.814892,65.993314
-23.920307,64.765674
-8.456348,52.046182
-21.940755,64.146987
-22.730506,66.039633
-9.238699,53.511752
-8.637405,53.504972
-19.949991,64.005665
-6.454383,52.201947
-21.120811,64.255737
-6.482461,54.872221
-9.074164,52.919037
-21.566088,65.940322
-5.8605,54.2375
-9.192616,54.021064
-16.874993,63.984623
-14.974399,64.239824
-6.432723,53.403861
-24.045198,64.884533
-5.953403,54.548731
-8.601654,53.876714
-14.332943,64.673439
-21.507222,64.787414
-8.076457,51.864324
-8.363473,55.091008
-8.393375,52.6889
-20.552147,64.147852
-7.80583,55.005797
-9.173576,53.967876
-21.030905,63.93217
-16.966592,64.016154
-22.644424,64.075831
-22.693783,64.082947
-23.618395,64.767993
-23.644935,64.752106
-24.013163,65.602315
-22.683896,63.936378
-23.800174,64.72858
-7.344483,53.364942
-7.374941,53.374504
-7.215863,53.402775
-7.177101,53.26725
-7.373214,53.322318
-7.234578,53.299908
-7.063914,53.27549
-7.236462,53.245586
-7.258971,53.40952
-7.323802,53.179568
-6.982022,53.258438
-7.015401,53.265224
-7.006622,53.312253
-7.189561,53.441002
-7.041815,53.295065
-7.022787,53.290319
-7.191869,53.181091
-7.9697,54.4722
-9.790139,52.14326
-7.230441,53.317295
-8.403622,54.894266
-10.357595,52.168785
-8.077219,53.269106
-9.716793,52.135363
-8.313141,54.882855
-9.760585,52.134717
-7.742768,53.254117
-7.930333,55.058846
-7.224726,52.248653
-8.078163,53.294048
-7.880644,53.706432
-7.91384,53.312443
-7.72599,52.36197
-7.944611,52.047637
-9.630886,52.402164
-8.173937,52.920992
-8.597708,52.708448
-8.301694,52.906359
-6.306515,52.654713
-7.661439,54.376137
-9.553246,53.735882
-7.893201,54.605639
-6.735862,53.442758
-6.99492,54.25833
-7.86275,53.532929
-7.932199,52.539197
-6.25052,52.835437
-6.86073,53.500622
-7.875215,53.397272
-9.29269,54.133408
-7.002024,53.899915
-7.517618,53.248108
-8.293549,51.913377
-6.263421,53.180714
-8.291954,53.005225
-6.920202,52.578322
-6.539604,53.504317
-7.458994,52.847549
-8.358954,54.953691
-8.93264,54.178061
-8.611668,54.221444
-8.224268,54.307232
-8.45568,54.46514
-6.632104,52.331346
-8.50509,52.051512
-8.951162,52.93933
-6.083607,53.092932
-7.396528,53.638861
-7.024804,53.278789
-8.574712,52.703619
-7.367299,53.957551
-7.381288,55.043819
-9.402011,52.156224
-9.212601,52.28542
-7.749379,52.162864
-9.236697,53.767868
-8.415557,51.985357
-8.422377,51.859062
-8.494732,54.186045
-10.360028,52.131883
-7.794622,54.052575
-8.536485,52.541597
-8.258725,55.022662
-8.007492,53.334443
-7.91727,52.640731
-7.992906,55.175636
-8.458697,54.734624
-7.805651,54.792375
-7.538086,55.147813
-7.348657,52.334327
-7.671159,53.282513
-6.502303,52.763395
-8.69476,53.089368
-7.607138,52.052835
-7.611853,53.922304
-7.871556,54.599329
-6.839581,53.00441
-6.837428,53.415935
-9.297636,53.109934
-9.264832,53.871351
-9.497406,52.712184
-9.082173,53.921653
-6.276095,53.013749
-7.804903,52.663064
-7.17823,52.39826
-9.16675,52.17745
-7.032522,53.830983
-9.543075,53.416126
-7.373592,53.671528
-6.38379,53.717068
-8.400059,55.006561
-7.718757,55.215282
-7.631097,55.011148
-7.731058,55.254832
-8.316959,54.474566
-7.970983,54.03433
-8.553528,54.344801
-8.536931,54.01427
-6.80829,53.22066
-8.997886,51.566048
-9.28734,53.539111
-8.499799,54.415557
-8.780226,52.113821
-7.421293,52.892301
-7.35293,53.884037
-8.069072,53.822739
-9.486662,52.635482
-8.783248,54.689134
-7.871648,54.815369
-6.648688,53.604889
-6.535177,52.245703
-9.503104,52.122102
-6.859371,52.903508
-7.563849,53.927978
-7.267465,52.14288
-6.49309,52.579497
-7.507135,52.115107
-9.249725,53.695853
-9.219974,53.71413
-9.412512,51.540354
-9.714785,51.873392
-6.680862,52.590276
-8.910132,53.639164
-9.908228,53.710087
-9.326939,53.62359
-8.755457,52.289227
-10.017978,53.471051
-8.57543,51.966711
-8.677404,51.975156
-7.948339,55.05122
-9.383579,51.7339
-6.61779,52.202212
-7.853936,53.118583
-8.025496,53.24335
-8.199102,52.408299
-7.057585,53.574127
-8.196567,53.321703
-8.954205,53.178776
-7.840414,53.228797
-7.569489,52.85564
-7.619406,54.842687
-9.06,53.283912
-7.460503,52.124151
-7.856971,53.569598
-6.255213,53.309098
-8.862109,54.247763
-9.808453,51.674244
-9.437798,52.699441
-7.087015,52.501544
-7.505395,52.354858
-8.102655,52.321702
-6.681181,53.215727
-6.640785,52.64554
-9.746229,52.085048
-6.950637,52.601062
-8.95923,53.00084
-6.38649,53.169864
-8.919604,52.183365
-8.414984,54.938243
-8.531158,54.339063
-8.448738,54.323676
-9.52425,52.05712
-6.629015,53.349026
-6.632281,53.387702
-9.447912,53.514811
-7.204296,53.502056
-8.123798,54.034603
-7.442209,53.459377
-8.528854,54.757695
-6.682116,52.273471
-7.504702,53.180943
-6.623816,53.136271
-7.97508,53.568495
-9.257246,51.998256
-7.779326,52.055737
-8.110446,52.21071
-10.261306,52.143705
-9.498771,52.579161
-8.694318,52.127838
-9.08531,51.782016
-8.720753,52.90276
-9.717138,52.144346
-9.151318,53.278573
-7.217798,53.364511
-7.921486,51.936184
-7.508716,52.187719
-9.797514,51.963387
-9.859397,52.052308
-8.008568,55.013954
-8.212413,54.689941
-8.336766,55.10017
-9.998232,52.239237
-7.951296,53.709653
-6.791366,53.183648
-7.648816,55.040394
-6.469249,52.860927
-6.463479,53.358691
-8.06031,52.459223
-9.135586,52.910303999999996
-7.175323,52.50399
-6.388146,52.242438
-7.987939,53.467419
-8.431232,52.930221
-9.008563,52.817095
-9.816419,51.764905
-8.464656,53.825004
-9.389463,51.682643
-9.212001,53.989596
-7.177668,52.850875
-8.442349,52.707331
-8.573082,54.202767
-8.817114,54.066599
-8.546046,52.122776
-8.919716,51.547947
-9.532127,53.278782
-8.259929,54.359265
-7.02141,53.851558
-7.137838,52.763428
-8.350222,54.846823
-8.444537,54.930054
-8.440067,54.447231
-7.932256,53.917971
-8.389699,54.092998
-7.853408,53.365045
-7.080519,53.197464
-7.499723,53.492328
-9.590346,53.579945
-8.900268,52.995439
-8.354275,52.87152
-8.738978,52.168
-9.559995,53.77488
-9.308752,53.695223
-9.273404,51.573423
-9.532475,52.51848
-7.261438,55.210585
-7.025142,52.735147
-9.382042,51.652621
-6.633414,52.952345
-9.461765,51.929386
-7.236839,52.13999
-6.837892,52.315577
-8.726196,51.797364
-8.426802,52.630108
-10.169664,52.136888
-7.012142,52.359851
-8.578674,52.218331
-8.427566,53.312114
-7.635214,54.815787
-6.252752,53.680633
-7.534547,52.722067
-7.225039,52.230681
-8.098578,53.778246
-8.175924,54.498659
-8.229971,51.984517
-6.793747,53.418197
-9.460974,51.455718
-7.496472,53.897617
-8.594685,53.784899
-7.289702,53.711491
-8.531791,54.209245
-6.930262,53.492279
-9.062863,52.121049
-8.627498,51.8923
-9.503689,51.507761
-8.973333,51.898037
-8.448977,54.908479
-8.496753,54.990036
-8.48304,54.168574
-8.643014,54.364122
-8.436636,54.123832
-8.618604,54.377725
-8.384396,54.263258
-9.422066,54.002119
-8.154141,52.99426
-8.796344,53.255862
-9.250749,52.963199
-9.154188,53.658032
-7.669623,53.641715
-7.58415,55.161291
-7.309102,54.051663
-8.789082,51.89486
-8.40605,52.248779
-8.198049,51.93786
-9.252393,53.785675
-8.048002,54.654185
-9.420125,51.692164
-8.507216,53.323483
-9.789779,52.134278
-6.241275,52.953927
-9.917607,53.399466
-7.955178,53.747003
-6.568163,52.198924
-8.452126,52.794458
-8.147382,54.501841
-8.31456,54.463343
-7.749247,54.863236
-7.541496,52.057091
-7.722751,52.214928
-8.034907,53.323198
-8.473771,51.915487
-9.63579,52.415577
-7.291518,52.237839
-8.446874,55.00011
-9.16186,52.446347
-7.121773,52.234901
-8.273886,52.974717
-6.222328,52.65348
-8.630505,52.313775
-7.460943,53.939689
-7.746618,53.028674
-7.056053,53.459196
-8.003061,54.471836
-7.788409,54.521957
-7.482014,53.219205
-8.312054,53.31337
-8.633225,54.227621
-9.623456,53.630719
-8.941553,52.391689
-7.484717,53.616353
-6.425849,53.726613
-7.962735,53.873064
-7.104858,53.257331
-8.781454,52.885025
-8.518354,51.811495
-8.342605,54.634389
-7.610785,53.5917
-9.809789,53.763283
-9.395909,53.005041
-6.997032,53.341169
-8.319527,54.408082
-6.923617,53.06945
-8.871763,53.354174
-9.507916,52.048342
-7.803677,53.099318
-6.251251,53.038549
-6.526096,52.232558
-8.022215,52.768359
-6.754914,52.554682
-6.903793,52.939422
-7.204473,53.492623
-6.419077,53.178389
-6.319132,52.941574
-7.856002,52.652309
-7.635052,54.833752
-9.890874,53.559398
-9.033512,53.861885
-7.519097,52.10643
-8.396662,51.905886
-7.48545,53.86511
-7.607624,53.886353
-8.299171,51.884604
-7.388648,52.730839
-7.438049,55.067898
-6.799624,53.369735
-8.152876,52.425891
-8.607094,52.102706
-9.689279,53.461773
-7.802358,54.830098
-6.656038,53.396958
-6.163166,52.795473
-8.231685,53.985598
-9.327148,54.110571
-8.780505,51.668493
-9.504453,52.14051
-8.485232,51.900162
-9.278758,51.550876
-9.926173,53.870647
-7.092438,53.517881
-7.44576,53.43567
-10.513412,52.10624
-8.435324,54.943561
-9.074288,53.910943
-8.452427,54.938109
-8.30508,54.846944
-8.380144,54.883562
-8.472309,54.234647
-8.62367,54.356588
-7.238426,53.9907
-7.584441,53.847193
-6.979873,53.087917
-8.248175,54.680405
-7.04316,53.797376
-9.17624,52.87683
-6.859575,52.960222
-8.79218,52.272631
-8.484342,53.150513
-7.33572,53.250296
-9.481995,52.235747
-8.977566,52.244982
-8.352308,52.364357
-8.343814,52.120393
-7.647129,52.065094
-6.983566,52.621817
-8.086743,55.022906
-7.631023,55.273882
-8.185902,53.291485
-8.124079,51.851216
-6.982047,53.782946
-7.681098,54.914726
-7.736315,53.314195
-7.892152,54.999983
-7.248583,53.809172
-7.332562,52.331541
-7.711846,52.204567
-7.939254,53.627718
-7.904229,53.303379
-7.951943,52.0063
-7.931586,51.986518
-8.915247,54.083861
-8.20217,54.500415
-9.044594,53.266976
-8.871668,53.533428
-6.059371,53.028382
-9.503755,52.724685
-8.225578,54.265905
-7.650114,52.428166
-8.837378,51.930539
-9.306717,54.044309
-8.835605,52.069854
-8.02576,53.76301
-6.778244,52.749484
-8.791186,53.016432
-8.299219,52.328557000000004
-6.44893,52.3653
-8.594056,53.847793
-6.899821,52.153953
-7.806603,52.612744
-8.477562,54.158264
-9.573803,51.494258
-8.329314,54.955572
-8.78247,54.011127
-8.670246,54.430453
-8.377502,54.348624
-8.008276,53.513691
-9.372681,54.302823
-8.303124,53.149557
-8.557933,54.726124
-9.617715,53.816347
-9.845431,54.299293
-7.282973,53.702879
-9.207574,52.536727
-6.223422,52.877237
-9.000445,54.291813
-8.28915,54.468347
-9.783689,54.334392
-7.821228,53.545004
-7.143739,53.925717
-7.757649,53.84677
-8.15429,54.696766
-7.166688,52.142211
-6.555633,52.539386
-8.519313,52.146712
-7.313198,57.52244
-7.02219,53.06471
-9.165645,53.474317
-8.700068,52.354722
-7.188768,52.253354
-8.104467,52.469078
-9.540015,51.815589
-9.697027,52.095653
-6.491752,53.36624
-8.571046,53.831733
-6.343229,52.426059
-9.606797,52.061865
-7.684577,53.452857
-7.45322,53.87288
-7.867117,53.583248
-9.12048,51.60757
-6.163487,52.928485
-7.930401,52.743179
-8.936448,53.256193
-6.71285,53.207986
-8.475376,51.92986
-8.683944,54.141997
-8.980802,52.107381
-8.384762,52.21328
-9.145682,51.934234
-6.111272,53.03461
-8.02198,52.292987
-8.972353,52.054426
-8.650272,51.759162
-9.033648,52.12041
-9.250651,52.205486
-8.118471,52.203063
-8.664309,52.221026
-8.887776,51.832206
-6.747061,54.132921
-9.848589,52.090678
-9.39322,53.630826
-8.725,52.173937
-8.512838,52.155278
-8.029238,52.185145
-8.206667,52.297302
-8.837248,52.079728
-8.558095,52.152377
-8.020522,52.310062
-7.909607,52.058399
-8.815666,52.176041
-9.812369,53.558816
-8.661832,52.616852
-7.063729,55.211114
-8.494719,53.79883
-9.101795,53.97366
-9.521613,53.800729
-10.197426,51.85458
-8.181181,54.640585
-9.229943,53.783647
-6.729658,52.85224
-6.576592,53.225334
-6.523132,52.410587
-7.461411,52.351071
-10.148328,52.194355
-9.555275,51.499898
-6.041643,53.057748
-7.486204,52.237949
-6.90063,52.261689
-9.863885,53.563416
-6.989024,52.630568
-8.589202,52.405651
-7.353093,52.463727
-9.184061,53.957795
-6.460027,53.786361
-8.5374389999999991,53.816615
-8.624588,53.857521
-9.293754,53.62575
-8.457868,53.759444
-7.197159,52.194098
-9.039101,53.28769
-7.202074,52.246255
-7.48976,52.183145
-8.59633,52.67327
-9.118965,52.204112
-8.069971,52.05392
-8.809261,51.741099
-8.392898,52.14046
-8.81026,52.200343
-8.200694,52.273048
-9.81405,51.452136
-10.111441,52.125811
-8.79026,51.979396
-9.208561,52.10976
-8.789028,52.569839
-8.790018,52.542873
-6.936682,52.836834
-8.001491,53.460232
-7.096662,53.034498
-10.260533,52.12844
-9.194698,53.810973
-7.264153,53.309187
-7.925581,52.096155
-7.920864,53.100802
-6.988695,52.646775
-9.510767,53.819089
-8.89815,54.070513
-9.076806,53.296341
-7.084339,53.830604
-6.463288,52.461383
-8.848851,51.613193
-6.222972,53.650991
-8.775985,53.165693
-8.568015,51.897994
-8.470951,52.201285
-8.761171,52.15214
-8.691553,52.279284
-8.692371,52.049213
-7.771405,51.999796
-8.889219,52.272569
-8.527159,51.937227
-7.018467,52.53784
-9.116602,52.109768
-9.781172,52.009925
-8.706101,51.810069
-8.267813,53.675565
-8.76277,51.645241
-6.413805,53.31369
-7.595812,52.854251
-6.876101,54.339035
-6.642697,53.01221
-8.899225,52.139001
-6.985831,52.993168
-6.49434,52.478409
-9.224517,52.318998
-7.8807,53.048653
-9.286381,54.226015
-9.84482,52.07583
-6.778698,53.155663
-8.565294,53.742814
-8.78222,53.097362
-8.790493,53.870919
-8.220553,53.317168
-7.122,53.034687
-7.135557,53.027598
-9.896823,53.388565
-9.66542,54.13939
-8.053373,52.806988
-6.235834,52.831625
-7.556371,52.100735
-7.982519,52.01889
-8.226069,52.077091
-8.835842,52.160622
-8.594486,52.142313
-9.06673,52.038331
-8.639743,53.854746
-8.007301,52.142911
-9.049186,53.148325
-8.57454,52.06782
-8.93057,52.288427
-9.021578,52.92931
-8.46967,54.272389
-7.821804,53.228285
-9.595264,52.636316
-7.059431,52.20656
-6.212587,53.072123
-7.875703,53.230151
-6.221121,52.537526
-9.126176,51.618951
-8.21339,53.083565
-8.453475,52.35233
-8.464359,54.209524
-8.667509,54.356802
-9.615963,51.911642
-6.550097,53.329223
-6.593065,53.379328
-8.529536,54.152657
-8.774738,53.345408
-8.49139,53.773687
-8.515902,53.917333
-8.490009,53.785372
-8.379204,51.903247
-8.963454,52.923505
-7.373707,53.519682
-8.496775,51.892924
-8.613597,52.151202
-8.005845,52.186946
-8.255051,52.299904
-9.02587,51.780752
-8.235378,52.183117
-8.304169,51.764161
-8.857253,52.058015
-9.039432,52.243483
-8.845332,51.734554
-9.72482,52.271841
-6.354521,52.201529
-6.594485,53.849112
-9.964211,53.382982
-6.122821,54.217797
-7.434582,54.311501
-7.71619,54.469703
-6.135714,54.271908
-7.023656,55.019015
-7.127846,54.575589
-6.482421,54.860744
-7.477109,54.350322
-5.559825,54.391472
-7.424088,54.347835
-7.684888,54.528915
-7.823784,54.376032
-7.488382,54.123531
-6.707829,54.629778
-7.669617,54.411642
-5.941328,54.475407
-6.144593,54.415805
-6.8276,54.260409
-6.626947,54.631717
-7.343706,54.888262
-7.095051,54.659793
-7.107819,54.642819
-7.376324,54.4554
-7.625053,54.23184
-6.687717,54.773301
-7.83636,54.502266
-7.039518,54.451844
-7.29016,54.756315
-7.19205,54.769176
-6.595137,54.754296
-6.316634,54.746706
-7.579143,54.222705
-5.67306,54.308792
-6.272943,54.660292
-7.438149,54.162387
-5.851052,54.72542
-7.495115,54.824265
-6.731127,54.378473
-7.454878,54.403227
-6.407032,54.401584
-7.801051,54.462686
-8.103204,54.426874
-7.955216,54.499674
-6.454811,55.174822
-6.699221,54.41407
-7.5300840000000004,54.49203
-6.376161,54.461818
-5.798741,54.544776
-6.09035,54.9181
-7.172647,54.61588
-5.850724,54.437887
-7.211199,54.583348
-7.453601,54.383457
-7.609039,54.303658
-7.065136,54.579163
-6.490583,54.222967
-6.266621,54.444573
-7.487717,54.177431
-5.708947,54.767742
-6.443592,54.249323
-7.039717,55.001177
-6.196445,54.234646
-7.609549,54.249758
-6.340934,54.13115
-6.589238,54.319847
-6.852638,54.463689
-6.049182,54.153729
-6.675079,54.207169
-5.694716,54.470952
-6.493851,54.133161
-7.88516,54.43899
-7.16333,54.730353
-5.747472,54.633685
-6.847401,54.348195
-6.462409,54.977281
-6.948791,54.892628
-6.571861,54.089188
-5.765225,54.832138
-7.479904,54.797252
-7.51558,54.217525
-7.896545,54.507722
-7.487501,54.13296
-6.519446,54.721503
-7.448721,54.173216
-7.885185,54.430007
-6.666266,54.952738
-7.464022,54.174184
-7.335305,54.131766
-7.368835,54.940451
-7.061153,54.651449
-7.377142,54.401503
-6.629276,55.099204
-6.602343,54.657803
-5.969741,54.835283
-7.376202,54.716365
-6.796015,54.448764
-7.608698,54.339592
-5.732488,54.345868
-6.74569,54.405578
-7.069024,54.408504
-7.205622,54.39286
-7.370238,54.85063
-6.684738,54.216708
-7.263723,54.715284
-7.635948,54.300598
-5.927116,54.222226
-6.791613,54.41503
-7.099229,54.435684
-7.25773,54.14973
-7.047457,54.70704
-7.761554,54.492709
-6.407775,54.778933
-7.357098,54.697849
-6.927394,54.524118
-6.834239,54.541224
-5.893914,54.211765
-6.878114,54.631476
-7.406247,54.518435
-7.510889,54.806364
-6.219391,54.342807
-5.802581,54.760491
-6.743492,54.477427
-7.215879,54.500731
-7.599312,54.277125
-7.816657,54.421388
-7.900941,54.286285
-7.126841,54.766927
-6.285778,54.354999
-7.635256,54.378753
-6.930112,55.009245
-7.406768,54.482504
-6.989219,54.490962
-7.465187,54.734307
-6.694386,54.445013
-6.900823,54.937119
-6.205389,54.434694
-7.611652,54.270877
-6.731411,54.493921
-6.509909,54.959905
-6.567571,54.655151
-6.357454,55.061254
-7.58909,54.378605
-6.463599,54.123793
-7.477679,54.305407
-6.661797,55.063633
-7.216312,54.759903
-6.097878,55.088918
-6.835518,54.496317
-6.628405,54.482015
-6.663654,54.441982
-6.382699,54.491555
-7.409098,54.320811
-7.898064,54.517605
-6.424357,54.752197
-6.811168,54.271478
-6.905697,54.757497
-7.48537,54.366079
-7.978367,54.501477
-5.768082,54.256675
-6.671038,54.332905
-7.221477,54.490436
-7.246401,55.021048
-6.479545,54.106026
-7.242941,54.205339
-7.135892,54.487608
-7.491327,54.319839
-7.416421,54.886792
-6.529145,54.71084
-6.33269,54.715034
-7.795832,54.272228
-6.785913,54.581624
-6.363004,54.347087
-6.773227,54.643484
-7.192035,54.418374
-8.039208,54.367171
-7.592523,54.42039
-7.683003,54.672192
-6.590512,54.439803
-6.728964,54.944426
-6.192756,54.703595
-6.410591,54.707097
-5.929756,54.246083
-6.867353,55.01766
-6.312701,54.822568
-5.996842,54.916594
-7.835114,54.428601
-7.650874,54.351849
-6.638224,54.395429
-6.16291,54.69461
-6.602373,55.01715
-7.809671,54.266861
-7.615419,54.442923
-7.140763,54.549629
-7.290193,54.975948
-6.637629,54.413391
-5.954306,54.215053
-6.235271,54.71954
-7.823938,54.340098
-6.700948,54.845312
-6.827581,54.369117
-6.525712,54.097616
-7.761659,54.474742
-7.25168,54.526561
-6.170178,54.532998
-7.725383,54.478708
-7.258963,54.975762
-7.21282,54.93954
-7.900637,54.412054
-7.456507,54.163369
-7.732276,54.250094
-7.132494,55.046788
-6.068225,54.254223
-6.912908,54.488054
-6.887587,54.482882
-6.084988,54.702388
-6.523831,54.429573
-7.089842,54.857834
-7.234809,54.726334
-6.269888,54.732123
-7.56027,54.555027
-7.156754,54.260916
-5.717621,54.336602
-6.637187,54.889531
-7.622772,54.39758
-7.502491,54.222412
-6.866627,54.487629
-6.848421,54.586278
-5.907898,54.223241
-7.639446,54.339688
-7.869519,54.51084
-6.121103,54.927564
-6.900844,54.506362
-5.446497,54.492918
-7.209339,54.319667
-7.414565,54.530603
-5.761862,54.51265
-6.278694,54.174751
-5.972831,54.5325
-6.247128,54.557947
-6.439477,54.425143
-6.090397,54.537604
-6.697658,54.971494
-6.393386,55.006259
-5.897264,54.397509
-7.028008,55.065311
-8.01761,54.4944
-7.139834,55.069297
-7.0454039999999996,54.926213
-6.254494,54.727275
-5.78021,54.302277
-6.693274,54.81783
-7.00336,54.894929
-7.314409,54.382253
-7.422654,54.175789
-6.225051,54.958325
-6.532707,54.762541
-5.902026,54.545399
-5.773272,54.430643
-6.437075,54.015633
-6.69551,54.530823
-5.941576,54.554884
-5.752923,54.548875
-6.393305,54.378491
-5.931895,54.462082
-6.433367,54.213476
-6.2559380000000004,54.874187
-6.015798,54.530563
-7.287222,54.583056
-5.927967,54.571768
-5.823406,54.73436
-6.659443,54.46471
-7.2583,55.011689
-6.204451,54.895134
-7.253005,55.002225
-6.426536,54.413025
-6.613133,55.101671
-5.791171,54.463185
-6.282456,54.535768
-7.448647,54.10167
-7.960231,52.926135
-7.237846,53.632744
-7.725935,53.763947
-7.985609,53.588075
-7.46439,52.92761
-7.72234,53.851285
-6.957988,54.001677
-8.301105,54.787685
-7.045403,53.357389
-9.549435,53.848095
-8.052072,52.144535
-6.521903,54.867071
-6.50525,54.63269
-6.311073,54.212632
-7.54888,54.28725
-21.026802,64.118996
-21.020409,64.133156
-22.715284,63.81308
-6.357266,54.490762
-7.518866,54.13264
-5.894622,54.483587
-6.570093,54.583309
-10.333594,51.835373
-9.557371,51.751095
-7.723801,53.216867
-6.364671,52.343224
-7.377958,54.347608
-8.976676,53.015503
-9.508466,52.021372
-6.364339,52.352207
-9.798781,51.630798
-7.693798,53.225779
-7.401533,53.781732
-7.671911,54.124174
-7.382663,54.033197
-7.398634,52.919145
-7.506767,53.863071
-7.473999,54.051599
-7.927897,52.017521
-8.762571,52.70256
-7.402681,53.700877
-7.969473,51.92632
-7.246857,53.097994
-7.928042,51.92765
-7.782239,52.017341
-7.89169,51.932116
-7.612243,53.962284
-7.24195,53.37651
-7.459082,54.024581
-7.383594,53.970312
-7.197722,53.331294
-7.382264,54.060147
-7.458882,52.856535
-7.596574,54.007153
-7.581594,53.98015
-7.581503,53.989133
-7.627318,53.9803
-7.879093,53.089984
-7.840942,53.917885
-7.33,54.667
-105.249805,40.065884
-92.507778,44.039982
-92.839675,37.138583
-89.385631,43.058253
-92.83607,41.473233
-86.610866,36.301226
-94.296956,46.373035
-97.939117,49.18022
-89.833948,40.535857
-92.170272,44.110252
-89.611983,39.752022
-93.572346,41.744489
-90.926406,38.458699
-98.485897,38.103505
-90.726965,42.890053
-93.532566,41.779443
-88.20358,40.120093
-93.398044,41.95846
-88.647183,42.106588
-105.041499,40.578014
-85.579343,42.236657
-105.189028,40.663354
-106.815725,40.441113
-85.320855,44.829212
-103.291032,44.061051
-95.739918,44.099477
-89.345496,31.331824
-88.067715,41.842293
-86.771583,41.688658
-84.969558,35.875972
-86.819916,36.105759
-89.717921,39.793828
-89.379701,36.478339
-85.675462,40.125033
-88.483733,46.777728
-96.990533,50.111716
-103.394458,43.771211
-87.562262,41.602792
-91.524866,44.040996
-94.646933,31.622992
-94.049705,47.4286
-100.202084,50.027782
-93.488517,41.641744
-84.820018,34.120444
-97.202062,37.187877
-92.450485,38.8636
-87.385353,44.830958
-93.901977,29.737385
-100.005705,47.317499
-94.81929,45.6794
-85.586944,38.336911
-96.066986,41.134689
-88.943391,48.53518
-88.222582,37.024663
-86.859686,46.424663
-93.731146,41.62007
-85.532331,33.849962
-98.63318,38.465551
-87.148275,45.016042
-94.325389,45.925723
-86.582893,41.763729
-87.955099,43.031744
-92.771092,37.975399
-86.450234,43.982935
-90.051125,41.040364
-86.93389,40.446417
-105.487888,40.485684
-88.050589,42.144944
-88.299729,41.835076
-93.142189,44.47428
-86.641708,36.173995
-84.590771,38.15987
-105.235781,40.019305
-105.444282,40.117774
-94.626694,49.832054
-86.238277,35.895142
-93.251365,45.180009
-104.983177,40.174611
-87.316866,41.415156
-93.444747,45.099331
-99.825416,50.252473
-93.485119,47.24424
-85.638358,37.105356
-85.983233,39.906101
-89.423576,45.919324
-92.561853,31.188378
-90.167925,38.872547
-92.8804,45.095794
-90.279289,36.926806
-100.229529,46.669872
-93.212905,45.441985
-87.119622,38.994597
-95.847047,46.777953
-87.812325,42.581753
-89.338959,48.35553
-98.491192,38.074531
-85.311997,41.221724
-88.170555,41.343167
-89.277827,42.98815
-95.17337,50.457253
-89.680828,45.482385
-86.934211,48.678012
-105.157013,40.20151
-92.937888,43.680385
-105.297331,41.244682
-87.870263,37.881468
-91.142377,48.663128
-90.421789,37.780885
-97.278022000000007,49.692191
-89.604133,44.528652
-105.171272,40.308292
-86.056122,37.546472
-87.785489,42.045972
-86.78002,33.437598
-85.22764,41.040163
-86.075192,42.747075
-91.464812,37.312523
-105.093706,39.980007
-86.860781,35.924598
-86.071364,44.759804
-96.186953,41.312292
-86.486672,46.534482
-88.186462,39.472258
-90.075089,29.176333
-87.699687,37.707034
-92.727065,47.146197
-96.778649,44.272069
-93.918837,44.112512
-88.125044,41.801512
-88.53411,51.54899
-96.172079,41.261364
-87.651283,40.206872
-88.733274,41.832995
-87.384462,44.878987
-100.476387,47.50035
-92.929555,44.804203
-91.26025,47.378483
-86.293103,34.409505
-89.344999,43.034767
-88.351023,41.973839
-85.242692,39.565241
-105.119456,39.947656
-87.043584,41.516032
-84.690507,39.297993
-96.291035,45.236892
-105.082007,39.98404
-91.111539,41.23203
-94.695143,38.655808
-96.95696,51.29004
-89.544062,46.237778
-85.761852,43.555695
-95.897702,36.225812
-92.867326,37.760753
-90.144674,41.90004
-89.59902,39.617551
-92.703897,45.014756
-104.831453,39.621182
-105.052174,40.623395
-88.291313,42.114883
-94.900833,43.864965
-104.927704,40.466151
-87.09893,41.621208
-105.068774,39.659425
-85.334829,37.065548
-86.725723,39.721057
-96.172062,47.738994
-89.794542,39.756212
-93.301931,44.808367
-86.940605,40.043622
-93.178312,44.881263
-96.05724,41.344249
-87.885304,42.095653
-88.731013,43.961192
-93.770473,41.537282
-86.682351,39.827326
-88.224593,42.959453
-89.322811,41.212545
-96.143743,41.341829
-93.534759,41.633801
-86.533455,39.135895
-95.336691,43.775881
-96.077387,41.247602
-105.245877,40.007214
-94.483587,47.451885
-92.970123,45.010476
-95.037459,36.292458
-96.864103,50.02815
-93.330781,44.716231
-87.95188,41.57744
-84.846876,39.834399
-87.903917,40.192756
-87.81597,42.36818
-98.528838,43.435376
-89.664791,39.68084
-94.697686,35.95306
-85.866303,44.281417
-85.597755,37.64928
-88.162697,40.0913
-93.295045,44.8763
-86.912813,38.294143
-92.446625,44.011191
-99.980273,50.653341
-87.024379,41.542228
-89.330037,43.028215
-89.786411,44.632942
-100.817387,46.781528
-92.489439,48.381426
-97.371034,32.773174
-105.113819,39.977432
-88.988204,43.819868
-89.55027,46.835033
-100.884132,48.822514
-88.167879,41.754409
-92.659239,35.029471
-98.64933,38.469719
-89.427414,48.428384
-87.709635,41.992855
-87.912607,43.230366
-93.302527,44.929383
-87.404384,48.831126
-105.103294,39.948086000000004
-93.099712,45.059766
-94.880932,42.62727
-105.25641,39.939357
-92.16475,46.40147
-92.779555,30.594245
-105.144015,40.191504
-97.455945,37.73631
-93.142207,44.788147
-93.172386,44.896692
-94.308403,29.89963
-87.018354,35.629969
-94.639286,47.491012
-98.396494,43.098511
-92.825942,30.279331
-99.143217,44.619684
-105.554467,40.35992
-106.076668,40.25776
-88.575156,47.128139
-94.158706,46.403514
-95.992613,47.035464
-92.362797,30.186675
-92.842453,35.97148
-87.797792,42.683678
-85.456944,43.069229
-88.233221,42.252468
-87.678343,42.069463
-100.97232,47.211533
-99.08944,44.699677
-90.231728,37.934608
-89.048337,42.386416
-84.90951,32.51149
-88.786245,42.10238
-100.804725,41.051767
-91.865058,30.09545
-97.667459,35.501643
-93.232643,30.535042
-94.574869,47.379592
-88.07439,40.025913
-91.549144,41.810721
-89.616846,41.803217
-90.832262,46.312376
-106.417834,39.628415
-93.899988,46.683394
-96.544571,28.945506
-87.549156,41.637446
-89.200525,42.208112
-93.160636,48.584133
-85.397475,42.993008
-93.05749,48.342609
-93.567336,41.612097
-93.576348,44.97145
-88.754079,44.07084
-86.95885,41.742257
-91.622262,42.043786
-91.970667,48.495411
-92.762067,45.171129
-93.617887,44.859989
-105.164172,40.068434
-86.210453,42.672024
-88.952399,37.424059
-86.3928,39.758281
-91.19674,47.399298
-91.325668,41.22504
-86.190727999999993,42.666683
-92.830326,30.110181
-93.120208,37.046202
-92.432349,36.224499
-84.939203,40.993083
-107.048217,38.508012
-89.020971,37.305729
-93.084924,45.18527
-105.262287,40.218848
-85.308638,40.013491
-94.372162,29.635253
-93.418075,44.906163
-96.846427,41.033033
-86.730789,41.206582
-97.217732,32.690046
-105.915992,40.162091
-87.731244,41.975862
-94.96955,35.68279
-84.656614,37.879663
-88.418267,44.208845
-85.373038,41.719405
-90.602128,38.569705
-87.904329,42.542327
-93.478097,36.515142
-91.494705,46.330375
-94.001304,41.369645
-88.099162,41.636284
-105.070128,39.980288
-87.189415,35.745895
-94.211772,46.34031
-92.770667,45.107656
-104.876131,39.765987
-86.65503,46.411563
-85.627097,34.613187
-88.119366,43.072918
-91.582008,41.967294
-93.595511,44.730903
-93.663346,46.931478
-86.227414,44.237297
-93.292299,37.208915
-99.122611,45.105925
-89.165489,43.26658
-85.870782,38.47963
-87.619254,41.862712
-86.796118,36.057105
-87.767742,41.542592
-85.253608,41.688893
-85.422291,42.690836
-96.096195,41.292342
-90.303312,47.863233
-87.429297,41.077028
-88.534797,40.095653
-92.282647,45.672153
-88.091549,41.755556
-93.137515,45.020772
-94.695113,43.32377
-92.971673,44.972932
-105.227272,40.085025
-90.618128,38.374154
-86.8786,37.354528
-92.232037,38.590065
-89.155093,42.306465
-89.225547,37.700625
-87.127325,38.339457
-98.644524,38.446791
-96.364046,43.894615
-87.018936,41.376388
-97.106453,49.887252
-90.547163,41.505295
-87.861178,42.004093
-95.280909,40.098549
-85.062595,35.142965
-87.900948,43.09558
-87.462875,46.119655
-92.714604,45.006056
-85.364585,35.01013
-105.218528,40.02901
-93.054483,44.983055
-89.437999,36.376843
-92.255867,38.832454
-85.485831,42.950971
-90.78554,39.318014
-106.368728,42.837995
-85.02208,35.526313
-98.718855,46.935428
-100.920022,41.080545
-85.709693,35.994725
-105.086531,40.562478
-105.205888,38.438498
-87.821101,42.359919
-85.606831,42.958402
-91.568917,41.798275
-105.532195,50.386877
-85.079037,38.035224
-95.9989,50.1325
-92.93141,45.455854
-101.168819,47.599876
-105.015385,40.553228
-86.134126,39.951697
-84.920738,37.098022
-90.412562,48.029724
-92.649458,40.171895
-95.822288,45.028225
-103.448344,44.460103
-90.210013,48.624562
-89.515682,41.638636
-87.849498,42.919289
-97.199399,37.179065
-93.446193,44.957086
-94.67087,38.928945
-92.617617,46.011982
-93.160644,44.435897
-98.071581,44.009912
-93.002624,46.124583
-104.765183,39.941834
-86.526386,39.165325
-88.908311,37.380142
-93.204255,35.294494
-103.40725,43.78218
-100.805461,46.822193
-100.501826,42.449783
-100.261415,44.338371
-90.686101,36.095944
-93.787356,36.818273
-105.008043,49.98896
-89.103584,42.451726
-87.361125,36.406496
-88.153605,43.09618
-93.342891,44.760946
-87.771274,42.022171
-89.443964,43.082898
-97.104597,49.874442
-98.893697,48.045917
-106.348847,42.844933
-86.445419,34.648286
-96.859224,40.762619
-95.226449,40.069136
-86.514083,39.125306
-90.739986,38.705161
-89.597163,44.421849
-88.666561,41.987804
-88.314728,41.759545
-87.654185,41.567681
-86.065598,46.506839
-86.032329,40.257217
-105.239061,38.438103
-94.603988,39.033367
-89.428699,43.037607
-89.5226,46.223578
-95.167609,43.39022
-92.543121,48.433777
-89.900513,38.106681
-94.216985,34.304008
-93.172521,45.388762
-93.683268,41.57637
-88.648253,43.567147
-88.644069,48.34375
-86.746792,41.797633
-94.396655,29.577178
-93.046922,45.340637
-88.688501,42.011765
-87.885136,41.470721
-92.183621,46.720279
-89.124558,37.270562
-100.509078,49.520687
-89.556553,44.488367
-94.774599,38.925663
-93.976234,44.156653
-92.723984,47.089866
-95.010823,30.670073
-88.052443,41.816584
-87.779505,42.001113
-95.614117,28.908062
-92.92616,30.349402
-105.558189,40.245483
-94.384725,29.603622
-88.432487,43.108713
-99.819507,47.078707
-85.015838,45.213921
-91.50982,41.671706
-90.645361,38.755242
-105.608255,40.320468
-104.75158,39.941447
-90.030072,30.973255
-85.625149,34.39599
-105.238247,55.119461
-84.824703,38.296201
-103.230581,44.085493
-85.649131,44.97571
-97.680053,37.535417
-105.514991,40.378416
-92.848881,44.724693
-108.040051,38.713863
-96.165458,46.94448
-93.344002,44.771081
-89.040437,42.572268
-86.232164,48.558623
-94.538285,29.603433
-90.629753,43.588592
-93.749487,45.062796
-94.513948,49.783215
-85.385385,42.397544
-93.81285,36.464595
-93.35627,44.920013
-92.610878,45.077927
-88.172586,43.157508
-86.44662,36.340141
-92.494839,35.074147
-92.397654,30.366629
-92.984322,48.595342
-93.282061,45.043319
-85.542771,38.097583
-98.667262,38.564037
-91.552412,43.645239
-86.814007,36.151041
-89.286797000000007,43.041497
-92.997042,44.937688
-86.177516,39.769533
-101.853429,54.780776
-89.933166,39.001871
-88.956689,38.036233
-107.209819,38.86295
-99.412369,41.635218
-89.757612,46.800957
-105.028999,39.583112
-100.456933,48.823345
-93.182753,45.404977
-96.416439,32.952601
-90.082192,40.66195
-102.199966,39.607532
-105.014245,39.950888
-92.855872,37.72805
-93.147061,44.433557
-86.978575,45.270249
-89.811975,43.186258
-88.761311,41.933643000000004
-87.909583,43.03452
-86.120874,39.616339
-89.270729,48.415772
-87.428956,46.567912
-99.919395,50.670301
-87.271092,45.164117
-86.390647,48.738208
-87.187872,39.826507
-96.641916,40.602938
-90.625922,38.557438
-86.572215,34.851478
-105.061143,40.087383
-91.103118,46.852575
-88.771378,46.06641
-103.212712,41.816137
-84.940982,42.237963
-97.346222,32.707825
-88.834031,37.249334
-88.286537,40.118903
-91.243053,34.829437
-105.144917,40.049564
-92.297244,30.094324
-103.563272,43.846239
-91.861564,37.829147
-90.34237,41.517178
-88.668678,41.80249
-92.408933,38.840394
-92.841082,45.051756
-89.459494,48.289347
-91.785705,42.02975
-84.792996,34.023827
-90.162527,34.400973
-88.972168,43.002007
-88.77147,41.925808
-90.813576,38.409624
-90.983903,43.720367
-94.952822,35.678538
-91.230475,43.719947
-91.887134,47.835315
-92.136646,45.472671
-89.361124,43.973319
-97.073219,49.816953
-88.97641,42.685969
-89.241725,48.413884
-93.48233,45.029403
-90.16375,38.590226
-88.037218,44.558774
-89.348733,43.089031
-92.322675,38.911372
-95.870667,41.202897
-85.433781,35.149296
-87.561462,41.669783
-90.010925,44.156463
-85.55803,38.172747
-92.303543,38.873727
-105.055197,40.145644
-88.385712,47.018692
-87.472244,34.860334
-87.756622,41.983211
-93.510912,45.048053
-89.745516,41.407136
-93.323214,44.997718
-93.129708,30.264555
-93.184085,44.889394
-89.639779,48.082598
-86.392818,40.398305
-90.611022,50.262155
-93.289431,44.800828
-86.102043,39.763208
-105.888321,40.129421
-101.769132,52.526241
-93.408463,45.198054
-86.457189,36.369237
-86.621528,46.422775
-93.87443,41.991854
-84.941139,43.60942
-93.77236,41.606172
-92.83605,39.257244
-93.624959,41.587047
-90.097075,40.323363
-95.190206,43.868465
-92.594947,30.27575
-87.817203,41.825669
-91.096117,38.206315
-91.968355,34.167231
-87.443752,41.057314
-92.828598,44.879502
-93.16156,44.650147
-88.317342,36.986657
-91.594446,41.7054
-103.143792,44.054289
-90.129955,48.194662
-92.899548,45.060126
-88.003043,42.25386
-105.500548,40.151211000000004
-91.801145,47.924521
-102.909217,43.967644
-88.238832,40.040895
-88.189734,42.347682
-85.030277,41.68427
-89.694192,38.773022
-88.805473,36.579215
-96.859973,40.983498
-95.935692,46.617437
-96.756893,40.77969
-88.630824,43.458199
-91.124498,42.908138
-96.98639,50.047088
-91.29362,45.995638
-86.838042,33.900414
-94.145766,45.54772
-97.495554,37.755862
-87.55896,46.517976
-95.977196,44.261591
-87.714562,41.971894
-96.500625,32.613588
-87.695448,41.962537
-105.141315,40.166793
-92.734254,45.184923
-88.851496,42.391417
-85.20897,37.974725
-92.620487,47.013192
-87.702552,41.970694
-89.328631,36.459886
-85.46786,38.226884
-93.644989,45.17922
-84.63652,38.19081
-86.148172,42.816937
-105.746338,40.110675
-85.938971,43.88725
-93.394805,41.98741
-94.111908,46.66873
-86.310124,34.719812
-85.641382,44.11772
-100.006164,50.7266
-105.273987,40.009664
-86.962468,33.244883
-95.052504,45.130975
-93.438082,41.676241
-89.453622,48.161808
-92.469708,36.205216
-88.115761,41.678688
-89.013004,38.975203
-105.501583,50.389507
-93.4605,36.528963
-95.529295,44.757761
-88.484403,48.819271
-105.232698,40.835443
-93.794497,45.548406
-85.60617,43.142608
-96.844812,44.991617
-104.728026,40.535611
-87.857435,41.64262
-89.643713,48.258336
-85.852641,36.108986
-105.291755,39.371191
-88.221592,37.009476
-86.499651,49.750641
-88.17669,40.011033
-98.030658,43.921102
-95.706978,38.511248
-93.211001,44.91533
-89.427745,43.047497
-105.091577,39.86955
-88.513698,47.105517
-106.977942,44.690586
-88.599313,44.53051
-93.54986,49.092733
-88.667127,43.626864
-92.472428,44.02925
-96.36475,41.315314
-88.005219,41.828625
-85.291818,42.216607
-105.14583,40.040311
-88.067497,43.171286
-87.769847,41.988796
-89.49735,43.103646
-86.211992,39.838138
-90.554092,41.437003
-85.550323,38.406586
-105.066499,39.560501
-96.480362,42.328542
-90.782558,39.265858
-94.246856,33.233538
-85.467675,32.030328
-87.888885,42.261426
-107.845681,37.316576
-86.224098,44.619609
-90.660984,42.535756
-97.374328,46.013581
-92.505844,31.214167
-88.673686,42.4137
-93.10669,44.587386
-90.506996,48.098511
-93.148408,44.46145
-89.552574,40.825191
-87.058422,45.124408
-88.578619,44.284735
-90.259611,38.614279
-105.026387,40.559245
-90.501302,42.729754
-105.102763,40.059105
-91.08173,43.339841
-99.79682,46.9955
-90.67981,47.94208
-97.667708,35.526952
-93.46357,36.808038
-88.513291,42.334141
-92.913982,45.142448
-105.622205,40.351515
-96.136948,43.067779
-92.402472,44.045808
-88.718173,41.862588
-85.332365,46.648301
-89.767054,43.256411
-96.76529,43.512593
-95.945459,41.739439
-84.410105,33.880905
-93.21788,44.620025
-90.690711,42.52808
-87.928008,43.18188
-107.090544,41.002011
-93.386228,44.96921
-85.784277,42.910885
-105.225678,39.967737
-88.327268,41.991195
-84.826695,42.127039
-89.292929,43.004151
-97.112403,49.896717
-93.15393,44.469970000000004
-88.137536,43.131438
-91.325998,37.249358
-93.088833,45.160223
-107.837074,40.002478
-89.523347,44.473533
-103.62569,44.039259
-88.03578,42.924928
-89.270072,37.657228
-97.046399,44.91774
-86.93593,40.456705
-85.908382,38.337466
-85.381438,42.871595
-105.291737,40.206296
-88.217717,41.84412
-88.085854,42.144829
-87.702749,42.047267
-90.396338,41.577015
-85.330658,44.496795
-96.567833,48.877396
-88.216583,40.083614
-88.202528,43.436935
-91.05886,46.429725
-88.190615,43.431953
-87.785958,42.151625
-93.631913,42.030781
-93.23566,44.847819
-85.718791,39.78772
-94.1335,46.584435
-94.642249,33.749009
-105.676575,40.342236
-92.251308,29.991934
-93.180157,44.582999
-85.046675,46.649223
-86.685559,35.58978
-86.831407,33.862972
-93.198792,45.405083
-87.218262,45.144855
-93.204058,30.37692
-85.838829,36.070409
-87.822836,41.835032
-86.722092,36.004825
-90.085798,33.843003
-101.539004,49.991755
-90.937043,48.055831
-94.926306,29.471442
-96.110099,41.228991
-99.761658,46.931067
-86.751405,35.526275
-89.419655,46.209153
-95.177545,43.420587
-87.860375,42.233805
-104.837857,50.554172
-88.002449,46.543897
-89.637682,43.414156
-101.658686,54.67482
-86.389561,39.396475
-94.6283,38.968168
-93.465003,44.758658
-103.242508,44.281038
-96.60365,50.426922
-107.224304,40.516739
-105.281794,40.049797
-92.001237,44.488104
-88.635144,44.367423
-94.821573,44.14582
-93.678847,44.896013
-86.387445,48.729347
-93.46452,41.652904
-96.630408,40.778747
-99.404646,46.648418
-88.263871,41.839223
-106.306228,42.864715
-87.524292,32.691995
-86.888955,35.716963
-92.20662,46.69598
-89.677577,45.839803
-90.536247,40.666805
-92.574854,39.5305
-104.67722,50.458525
-87.892696,42.919428
-106.207343,40.060853
-95.002426,49.912895
-91.580489,35.266444
-87.317025,39.491216
-98.010565,49.500514
-89.415847,44.445338
-104.608694,50.432352
-87.709065,42.03733
-97.788749,35.478549
-106.033964,41.294692
-87.846535,42.94978
-105.382111,40.937136
-86.063201,38.862245
-90.715952,29.372746
-86.417376,43.928111
-93.588263,41.752385
-105.047776,40.185363
-92.524701,44.57169
-86.904999,40.415291
-92.479389,44.010953
-95.400803,50.01794
-93.485,46.146293
-89.34413,34.58886
-87.706891,41.982454
-87.519762,48.833917
-99.631637,49.396664
-104.768867,40.484014
-89.241874,40.672477
-105.165864,39.6511
-91.003323,40.036181
-92.704967,32.378168
-86.340343,43.227071
-97.087386,49.833683
-93.046144,45.331371
-93.535757,45.026757
-105.168227,40.051448
-95.711981,46.733699
-93.085456,44.684016
-93.337302,44.907133
-92.79257,45.072449
-86.841958,33.957186
-85.311124,46.753482
-89.240334,42.348735
-88.233262,42.317611
-100.93418,50.727138
-92.81993,45.35213
-105.149259,39.651687
-85.620008,44.764486
-94.471707,44.295361
-87.819995,42.196187
-90.432731,30.107669
-97.962538,50.429048
-94.996792,43.936848
-105.232366,39.562932000000004
-87.292283,45.0451
-88.30313,41.851247
-107.260598,40.652627
-104.798501,40.442795
-98.627258,38.442642
-96.165454,41.223323
-88.277547,42.486486
-84.997305,45.758612
-85.578793,43.152231
-87.757325,41.498639
-90.212586,42.365816
-87.788092,41.650806
-88.227058,43.014561
-90.145917,38.816958
-93.444128,45.022553
-92.885825,44.995188
-92.965274,44.688009
-86.559817,39.001723
-92.480959,30.124889
-90.6361,38.782197
-88.914938,37.357242
-95.032355,43.848645
-85.756279,39.776059
-90.782031,46.768308
-93.353635,41.984191
-95.248948,40.053745
-104.878553,39.089399
-100.170275,50.686006
-86.878338,40.284684
-86.269522,34.412533
-89.611717,43.186163
-107.869445,38.44188
-86.490162,44.032657
-85.324445,42.578984
-92.805703,44.547058
-88.484196,44.164837
-107.858864,40.139182
-84.996185,32.467536
-93.407364,41.756102
-96.656915,40.878944
-87.935919,42.546979
-93.066072,44.139309
-88.017114,43.384247
-107.649075,39.977093000000004
-93.998134,29.78848
-88.298967,43.154597
-88.027786,42.043808
-93.509628,44.873219
-88.860089,42.096025
-91.957803,47.909847
-89.096114,43.006722
-106.802229,41.450313
-86.146456,39.611988
-97.041752,44.252139
-93.162584,45.398473
-85.569285,38.261377
-93.678011,45.497981
-86.775852,33.493911
-96.627623,50.536842
-92.632745,44.85522
-85.407952,44.900383
-104.732819,40.446208
-89.204574,45.940555
-89.449181,45.886456
-105.419459,41.224724
-93.45653,41.739724
-105.638406,40.302233
-86.346475,41.838187
-86.796494,35.910939
-93.230711,44.83538
-97.225342,49.820125
-97.412631,46.210201
-84.683636,39.288176
-86.866503,35.972441
-89.019097,30.383463
-94.449021,47.450342
-92.281691,47.425359
-94.632499,34.080598
-89.265915,46.047414
-96.413525,43.809508
-97.097879,49.864553
-93.653108,42.032804
-84.45622,33.891388
-84.929383,43.868017
-104.797565,39.760387
-96.850845,40.977603
-87.92023,42.17888
-93.23267,45.442902
-90.567528,48.017033
-96.81722,50.072981
-87.940627,42.273142
-88.644028,44.098792
-103.375953,43.761037
-86.095742,39.915007
-100.230931,50.751661
-88.14976,42.216119
-94.876725,47.47757
-90.577067,38.663108
-93.989892,42.390445
-89.473275,43.01215
-92.578125,41.607109
-90.729924,42.483564
-103.41973,43.804987
-90.782395,46.91058
-87.549033,36.249529
-94.489392,49.767042000000004
-90.087172,29.170363
-85.610562,44.756909
-99.934164,50.108119
-105.07849,39.512478
-92.271443,36.223252
-95.126044,38.943912
-105.241241,39.952514
-104.796408,39.80995
-93.188979,44.850881
-86.657518,41.839282
-85.284069,40.138989
-88.202244,40.082175
-88.345683,40.041183
-84.862821,33.952262
-88.30508,41.728605
-92.097126,46.798157
-89.321959,43.03513
-87.656439,44.062208
-94.234269,50.155996
-96.867569,40.846359
-97.611466,35.556757
-96.858814,50.124034
-97.591144,35.547437
-97.140839,50.193553
-93.333666,44.897815
-91.541617,41.661248
-89.618599,48.102841
-89.02374,37.437764
-89.726891,31.893799
-100.56982000000001,46.811443
-87.814695,42.591348000000004
-89.353168,38.618416
-98.631901,46.875914
-86.170393,39.975351
-90.800028,35.667778
-88.916451,35.980018
-105.156742,39.642987
-91.003685,37.47995
-96.074785,44.151033
-88.861267,42.25485
-88.034013,43.061051
-88.019772,41.969417
-106.15153,38.845644
-88.300278,41.88442
-94.391806,45.955448
-105.235362,40.364917
-85.020252,45.231025
-99.231949,48.768862
-94.540998,47.47127
-104.988934,50.793107
-85.522349,42.866098
-85.034062,46.555529
-96.861819,50.003847
-92.070737,44.437424
-86.806904,33.856476
-87.793037,42.037025
-85.994697,44.65302
-90.811042,30.145614
-86.960309,41.627207
-85.335183,48.848983
-106.930824,39.652833
-105.667411,40.414358
-91.281258,43.822883
-91.864747,44.977149
-86.673766,41.787349
-95.922024,44.085888
-86.112983,46.314742
-94.703453,34.132542
-87.419843,41.414392
-85.380447,44.914621
-101.415534,48.939024
-100.220352,47.197479
-85.474923,38.208175
-103.860496,44.481086
-94.545779,29.610853
-89.128567,42.303979
-84.892407,39.888637
-99.37693,53.185897
-86.227533,44.488748
-93.619326,49.060232
-91.228395,38.057895
-85.575997,43.101356
-95.426301,32.166723
-91.3443,47.646605
-86.255853,39.93367
-97.506741,35.370907
-96.217103,41.270044
-89.4881,43.055829
-92.439237,34.899772
-87.125186,35.637073
-85.720725,37.154883
-85.966454,36.804698
-105.522992,50.379075
-87.810141,42.107146
-93.620522,44.720803
-94.233123,36.067892
-87.577699,41.729804
-84.60727,34.056831
-105.056623,40.613854
-89.240048,42.476764
-95.17235,49.801467
-88.432313,43.395595
-87.81356,42.488978
-93.313658,45.186703
-86.758205,33.976388
-95.20742,30.740683
-91.020344,37.001483
-105.039533,39.904731
-94.201894,58.643623
-88.025244,42.197132
-92.673592,45.076392
-86.149711,39.735222
-92.253606,36.244244
-106.771226,37.630954
-92.39465,36.789409
-104.752218,39.72396
-90.895374,38.522483
-87.56327,44.149811
-89.484441,42.875429
-91.204703,47.384016
-99.868668,50.215315
-88.026549,41.537494
-87.965753,43.02522
-94.520683,39.454017
-106.552339,37.770232
-91.371708,43.670965
-93.495106,44.81321
-88.254395,44.275587
-85.933081,41.644239
-97.050787,49.984648
-93.384351,44.690702
-88.029962,43.191242
-105.337295,39.942825
-104.389822,45.639481
-108.078727,38.75341
-98.753513,46.960538
-86.141022,42.799079
-95.976614,41.803853
-96.574251,43.233609
-88.205664,42.723565
-85.495131,40.459529
-90.408843,43.677377
-85.566517,38.100471
-87.577812,41.463938
-86.872552,40.110619
-88.690319,40.221059
-86.425985,43.375777
-89.408541,43.025806
-88.464219,41.666487
-86.276917,44.263095
-95.882452,41.167901
-91.760557,42.099397
-96.102919,35.571913
-92.937015,30.330937
-91.488194,32.487972
-95.178978,43.91697
-87.197832,45.303002
-100.854759,41.057504
-92.447858,38.906722
-85.873051,44.925471
-88.658745,43.615392
-89.371525,43.126891
-92.313204,30.53577
-94.193237,36.105025
-105.359822,55.094269
-99.764913,50.485528
-86.269889,39.954621
-87.814943,42.734352
-88.622789,44.102864
-93.12812,45.269769
-86.965925,36.085058
-91.621963,43.4497
-92.894887,44.978122
-93.520867,45.085872
-93.107956,44.994759
-86.727097,34.504722
-105.198075,40.001219
-86.646839,40.552304
-104.835755,39.756503
-87.804537,42.46374
-93.236513,44.918406
-88.868703,43.507437
-84.743764,40.100019
-95.943458,41.394208
-85.750411,35.240639
-85.234132,41.031813
-91.265295,43.814842
-93.082358,45.138906
-99.468598,50.531939
-92.584532,34.66117
-105.254265,38.434284
-88.73884,44.040836
-86.25975,43.23363
-87.930934,42.217904
-88.265729,43.595312
-104.848394,50.638807
-106.901631,39.750131
-93.798942,45.179767
-95.516952,50.05526
-105.634694,40.411173
-84.851188,29.821379
-86.784121,33.763706
-103.939914,43.495614
-92.744809,47.819202
-98.341498,43.322758
-98.668913,44.806113
-106.908677,40.545805
-88.121383,41.871297
-93.058647,45.335431
-105.209167,40.195231
-92.767768,44.976551
-95.275432,43.800598
-95.887739,40.82248
-90.733055,40.508541
-105.782067,39.550051
-93.009549,45.096231
-94.231472,46.356706
-84.643852999999993,37.055533
-86.681816,33.515195
-89.133361,40.348258
-106.318783,42.86408
-93.284738,45.034197
-100.053754,50.682569
-88.460426,43.150673
-91.230537,43.830242
-105.030211,40.570932
-87.647252,44.098989
-86.494963,41.534458
-92.682149,45.065491
-86.473615,40.051348
-89.365819,35.9437
-86.100661,44.003808
-93.246051,44.828613
-90.438667,30.428842
-95.529991,50.023374
-87.882835,42.882017
-90.635644,41.491041
-87.473308,37.775336
-104.736636,41.118961
-91.437999,48.051493
-95.47081,32.084183
-95.086747,43.461055
-89.415267,43.013163
-95.834379,48.929203
-96.109417,43.070215
-93.027297,44.894272
-104.964572,40.174966
-88.111236,34.459358
-105.022244,40.022997
-89.111762,42.459365
-89.204287,42.940445
-91.207778,43.766111
-105.607813,41.297463
-107.676885,40.211722
-89.08489,43.041979
-88.508042,46.992297
-94.367738,45.976775
-85.274271,35.074759
-88.018828,42.085677
-93.315475,35.5033
-86.123413,44.294836
-85.323651,37.070342
-92.612903,44.845412
-87.775656,42.073191
-93.184402,45.098613
-90.190428,38.873513
-96.97376,32.694222
-91.507264,41.628016
-87.716163,32.495888
-104.717626,50.565526
-105.554297,50.364372
-89.376858,41.893433
-93.600708,44.792728
-88.220872,36.685038
-99.834485,50.558789
-89.091099,37.721121
-92.863862,45.032783
-86.252179,40.002832
-87.924635,42.362533
-93.405991,45.184263
-86.469146,43.951976
-91.107314,47.845858
-86.58213,41.923878
-98.670959,38.445715
-89.396641,36.355666
-94.190389,43.789955
-96.28932,42.188174
-92.156633,38.616254
-93.19,44.8725
-97.126163,50.16999
-94.925245,39.65934
-93.320184,52.561093
-94.304691,49.661051
-106.415669,37.670793
-88.24276,42.304645
-92.829831,30.290822
-94.3612,36.870756
-85.712229,44.981534
-92.362316,38.920497
-84.75488,37.830216
-88.863939,42.106259
-105.098305,39.089035
-88.024146,43.438391
-88.306979,41.874088
-95.017772,29.556197
-96.923702,32.653522
-93.140152,45.19641
-84.609863,33.939463
-88.439278,42.577203
-87.91173,43.101654
-105.125769,40.162464
-86.606861,40.54762
-87.624842,46.656389
-87.952919,43.303562
-91.888908,41.803345
-97.299902,35.229476
-105.105053,40.608668
-90.379097,38.626355
-93.492025,44.857531
-86.049822,39.476979
-94.037567,29.676936
-88.744362,41.94307
-84.816392,38.249375
-90.496622,41.701606
-89.335262,43.092781
-88.873178,35.616896
-88.693763,44.213353
-87.281046,34.729541
-90.79616,39.269656
-93.9267,29.853984
-107.264212,40.502007
-105.79397,40.237237
-92.983121,44.871887
-94.879458,42.053877
-84.473584,33.990151
-99.915523,49.851079
-86.021268,37.621461
-88.185013,41.846833
-86.522525,39.203273
-96.987196,49.380882
-89.703225,40.395906
-105.196378,40.076602
-87.908968,41.826829
-85.38095,41.333205
-100.185578,46.692159
-102.893123,46.85262
-92.033312,44.385386
-85.230569,41.207093
-88.033191,43.164815
-88.589594,44.273291
-85.388117,35.072304
-91.320178,47.543594
-105.077969,40.670399
-92.940205,44.925365
-89.294355,43.440997
-93.602517,44.718247
-88.962047,42.198795
-106.178276,38.691885
-88.367748,42.067298
-105.383675,40.151435
-104.869845,39.665538
-97.532038,49.827632
-96.669729,40.741635
-95.016415,29.545019
-104.835988,39.631715
-106.697873,37.66522
-84.918035,40.320608
-106.529475,42.772851
-88.924399,40.119544
-88.525116,47.022061
-86.810582,33.450265
-88.728302,44.398937
-89.215649,48.37497
-99.028983,49.253147
-93.143011,44.984106
-101.519905,50.339703
-93.575787,42.093092
-84.952888,45.704095
-86.815007,33.400551
-90.418512,38.79747
-93.200852,44.908464
-88.666105,37.143546
-89.543209,44.51318
-105.231485,40.703431
-96.515346,47.299688
-84.715695,39.333196
-96.985824,32.728718
-93.074603,36.420129
-87.366417,34.960189
-93.669737,50.972586
-93.203462,44.43205
-87.846568,42.891804
-87.772758,42.732588
-85.50205,44.133748
-96.056425,41.379517
-88.963846,42.228438
-93.504816,44.801502
-86.012114,44.163994
-85.363106,40.815755
-95.691324,51.960356
-98.140348,49.175618
-84.936128,45.599714
-95.885998,45.912452
-88.980133,43.045338
-94.665205,29.450978
-90.15202,44.143632
-92.557201,43.402297
-89.344863,36.470668
-87.069658,39.938514
-90.725054,35.665172
-88.951196,42.180094
-85.674981,39.504722
-85.613054,42.923954
-106.275494,42.873548
-92.571695,44.499772
-85.771362,42.173408
-87.870019,42.729956
-95.87924,50.10232
-104.864008,39.761798
-93.037351,44.931199
-92.436096,42.545151
-92.227753,39.112717
-89.590568,44.520967
-85.424814,41.76889
-89.336125,43.216
-85.335164,44.57042
-87.528357,44.432035
-94.879925,47.466056
-89.256273,43.097305
-105.552839,50.376425
-86.907826,41.72769
-88.261985,42.990279
-105.155622,39.77281
-97.269036,37.740215
-105.017298,39.920829
-99.970601,54.791431
-94.846205,42.036172
-92.247077,47.424677
-85.393323,46.640894
-88.2831,42.922237
-87.832958,41.910638
-96.556075,41.045567
-84.436583,33.940495
-104.700214,41.129066
-87.669427,42.040428
-90.635231,42.541956
-96.648742,43.492833
-106.847165,40.492157
-94.886154,34.332657
-93.072293,45.11
-97.376567,32.708838
-89.953908,43.343892
-97.426317,37.7355
-107.70127599999999,39.68671
-90.680433,42.565953
-93.229417,44.82615
-89.404512,43.071339
-107.555236,40.498608
-105.095,40.149956
-104.712272,50.55199
-89.366662,43.092578
-88.363906,39.712281
-85.48728,42.800037
-87.393035,46.576879
-87.123482,39.010265
-89.682838,47.963086
-89.597433,39.699386
-91.491049,45.103327
-98.454236,43.167662
-93.281607,44.018501
-92.433947,38.936442
-87.18232,40.315783
-88.645912,44.232167
-91.850433,35.872495
-85.974239,42.80498
-93.370896,44.885436
-88.13406,39.443184
-90.156032,40.235213
-94.473025,45.00881
-96.022835,41.249624
-96.723082,40.78278
-88.042906,36.897738
-91.498998,41.620559
-103.48276,43.891365
-96.835722,40.291086
-84.865674,38.850028
-93.454492,36.5006
-98.516027,33.837432
-87.985721,40.073609
-96.681248,40.767218
-88.217795,41.37358
-93.658923,41.20833
-86.139717,38.207325
-84.518737,34.471808
-89.286876,42.352726
-96.88446,50.007885
-106.833175,40.483802
-93.753647,45.359253
-92.901801,45.004828
-85.012139,41.700887
-97.180405,32.753655
-92.523278,46.707025
-89.421347,43.077953
-105.038438,39.998094
-94.156861,36.108725
-88.088246,43.137012
-91.569208,41.749161
-97.945678,50.357278
-88.487862,48.840635
-91.991802,38.949357
-93.274239,30.047003
-86.63143,36.276212
-94.171233,48.876705
-92.150123,42.317626
-86.783043,33.485699
-94.126081,46.683772
-105.279534,39.93189
-104.675036,40.324116
-88.4888,41.764313
-95.476089,46.35295
-97.173309,49.722698
-89.341797,43.106147
-92.473145,30.33258
-92.684949,45.261657
-89.405095,43.057329
-88.727147,42.09411
-98.294474,43.413983
-96.897723,50.001891
-88.160622,42.110867
-93.232838,30.410781
-91.215398,47.941562
-92.241463,30.162106
-93.288805,52.500969
-89.430322,42.715842
-91.553996,46.249698
-94.913478,29.49074
-96.32098,44.009662
-85.129379,45.154141
-87.861726,41.834753
-93.479258,44.854166
-84.864154,42.509715
-94.556421,36.18952
-92.435272,44.031708
-87.801385,42.488485
-93.29189,46.731374
-88.468192,43.291366
-86.265493,44.359139
-88.370362,43.167761
-89.633379,44.957681
-86.081631,40.107461
-99.973892,50.633158
-96.908641,41.954453
-85.047807,43.748123
-92.139,43.81522
-93.124593,44.804895
-89.219765,48.450327
-86.106684,39.612993
-85.753001,34.261656
-93.140713,44.90608
-107.437955,39.574461
-105.092129,39.488966
-87.931802,42.010899
-87.74415,41.978507
-93.190598,44.862391
-91.303222,39.759717
-87.797241,42.146301
-97.000645,33.05677
-88.132661,41.322913
-86.452492,43.952203
-84.960517,45.375205
-85.668086,42.96336
-107.992084,40.11197
-105.531403,39.989465
-88.193339,41.226606
-94.6859,46.729553
-97.195422,32.714034
-88.178232,41.620186
-93.099396,44.891201
-92.672103,30.175497
-105.154639,40.174167
-85.691942,38.239494
-85.612103,34.991873
-91.681905,37.452588
-96.731082,40.823048
-97.952955,50.378913
-106.960777,44.809928
-105.217006,39.993789
-100.417038,46.704816
-91.981678,42.326559
-89.423874,36.353061
-85.580192,38.233417
-87.834237,49.747632
-90.751079,40.440531
-94.165036,58.675266
-89.364645,43.166903
-89.694576,48.051649
-85.862245,39.245528
-86.581192,39.113997
-90.29595,43.452686
-101.133427,41.106149
-86.456526,44.014914
-88.984462,42.354923
-87.81562,43.462362
-92.002034,43.568037
-85.049775,45.185933
-95.917756,44.355687
-91.885731,47.931353
-86.415369,43.816137
-87.408387,36.1007
-88.306847,40.136803
-85.948973,46.294905
-106.950438,44.782108
-88.123952,42.632243
-89.935347,40.495505
-91.847675,44.989109
-84.755361,37.820582
-105.581978,38.968114
-85.629075,38.356905
-85.451253,38.250851
-93.242645,44.27428
-93.113613,45.138125
-85.327538,42.560642
-87.877713,42.245679
-86.137497,44.722228
-85.798553,42.833667
-105.196813,40.039233
-88.319543,41.398921
-92.382505,46.977895
-86.244797,35.465705
-87.604513,45.108639
-88.883692,48.320509
-90.49533,29.806525
-85.232904,46.606885
-93.680817,29.761878
-91.157604,47.411378
-105.572164,40.347937
-86.677221,34.80089
-93.308158,44.955564
-91.112322,35.559773
-106.938455,40.525067
-88.142535,40.13426
-105.187721,40.04522
-88.215187,41.690262
-90.427113,38.89688
-88.296838,37.002191
-89.381587,42.330857
-89.565727999999993,44.539216
-92.98842,44.967508
-87.738247,40.141877
-88.963547,45.901553
-87.220635,41.519787
-87.968365,41.906281
-100.282624,44.345959
-87.882636,43.39663
-86.925825,36.001707
-97.23658,49.871933
-107.879907,38.465295
-91.579875,47.850368
-88.078742,41.578325
-84.576564,38.01869
-93.3226,43.62875
-90.277093,38.642259
-85.717061,38.24862
-106.799828,41.477275
-84.692969,39.457394
-86.212892,42.773655
-87.566872,41.692164
-87.723011,41.824764
-93.056953,44.830272
-92.520545,44.078623
-86.573625,32.43277
-93.161291,44.452009
-87.084869,45.078144
-88.004951,43.052665
-87.894165,43.03141
-89.21145,36.184578
-86.258485,44.368107
-105.646702,40.312658
-94.571416,37.458493
-106.81016,37.766701
-105.001501,40.527672
-93.552092,41.625678
-106.690698,37.703064
-93.098557,44.7623
-93.236506,29.862044
-105.122547,39.774737
-103.010767,42.711963
-87.561739,44.54278
-92.964905,45.260883
-86.26616,39.939074
-85.184264,41.252435
-93.204372,35.284767
-105.281227,40.147488
-104.98893,40.166072
-87.812042,42.422313
-85.602364,44.314844
-99.868942,50.6876
-90.485528,41.534305
-93.236231,44.97014
-103.261887,44.074589
-93.30471,46.538228
-90.582847,38.768517
-92.267186,30.079235
-88.626884,37.32449
-89.10146,39.804358
-90.191612,44.187337
-93.729938,44.936093
-107.910916,40.03465
-95.000444,29.59078
-95.170822,49.743453
-92.428779,38.884575
-89.42518,43.140766
-87.942128,42.468794
-85.582712,42.984567
-94.643587,38.938655
-87.605736,42.105265
-96.592612,41.128751
-87.894072,43.059086
-100.051113,50.874164
-93.259558,44.938587
-96.849695,40.76944
-105.826228,40.193271
-91.270098,35.730949
-89.546714,48.020537
-87.246573,45.131139
-93.416322,41.786725
-90.927908,38.472509
-92.602504,47.26762
-105.024705,39.603366
-86.800648,33.45825
-90.286042,42.174255
-96.876151,40.977003
-94.461558,44.286452
-90.550758,30.375763
-92.600178,47.226228
-93.550043,44.909378
-92.138798,50.023493
-105.075119,40.594617
-93.42014,45.289404
-91.90818,47.859695
-86.291619,43.353655
-94.380947,45.594018
-92.31977,38.8751
-87.874846,42.028446
-87.932064,36.849967
-85.61895,44.734297
-93.251338,42.317822
-93.237431,45.392082
-92.672839,45.146572
-88.078484,41.812096
-93.305078,45.132964
-90.864341,46.603146
-88.23503,40.09105
-86.383295,39.614223
-96.895592,50.126220000000004
-88.256107,49.011925
-89.171727,39.852404
-95.228202,38.92118
-93.101607,44.916077
-105.003484,39.748068
-97.066788,49.958988
-93.421438,44.878978
-86.186608,43.264258
-97.540958,49.739018
-87.789199,42.718683
-89.594049,44.581297
-86.617186,48.782242
-93.058114,44.991871
-85.372938,46.728007
-86.810212,36.060131
-87.702541,41.154696
-95.535075,32.21744
-94.95778,49.367754
-102.632905,49.107277
-95.378824,43.962711
-91.1848,43.088303
-92.064211,46.820085
-87.410612,46.608609
-91.374659,44.817738
-92.54343,36.262943
-87.980324,41.687986
-107.950771,40.467491
-88.027397,36.909724
-92.210015,30.232712
-84.470017,34.05002
-85.646662,42.266563
-85.322094,46.629238
-87.234273,38.994552
-96.837863,50.213886
-95.242103,38.920033
-87.283432,36.404255
-90.515097,38.527378
-91.167445,43.80944
-97.576872,35.567892
-88.990274,43.03791
-93.201775,45.083861
-93.706086,45.466227
-91.189453,47.373097
-89.346843,36.449408
-95.469618,32.218277
-106.39647,40.042131
-89.653376,40.61629
-89.600937,42.238987
-91.240425,33.324217
-105.140122,40.621578
-105.606769,41.317638
-90.467054,40.000646
-98.492874,40.772228
-88.482373,37.556518
-104.786898,40.41985
-94.166436,46.368872
-85.474779,38.217391
-93.359162,45.013659
-86.571385,34.869937
-89.736503,40.728448
-87.866095,43.391737
-96.778124,46.872965
-92.116555,35.942197
-105.026322,39.947358
-85.058101,43.581265
-105.360682,39.952639
-85.628328,48.708197
-92.672317,47.123486
-104.778847,39.519192
-89.172883,36.023602
-87.765701,42.106991
-96.877278,40.851951
-87.758155,42.055168
-93.043396,35.460945
-86.990509,45.223748
-84.978082,33.841682
-105.560662,40.083633
-88.944258,38.037942
-91.634475,44.060061
-94.351652,45.47213
-106.005712,41.066555
-93.369169,44.842126
-89.257502,43.742868
-91.753162,47.932299
-93.389492,45.36625
-88.409675,41.798773
-93.495823,44.869501
-84.958291,45.196949
-92.474584,36.257529
-85.152952,42.245709
-87.588641,44.155605
-93.800022,43.673537
-93.025597,45.143342
-87.693362,34.25743
-104.662201,39.611455
-88.042799,42.199506
-106.309041,41.076071
-87.433142,44.608744
-93.408646,36.607776
-96.181466,41.252156
-106.889861,40.7877
-89.359847,38.626729
-86.611063,40.418602
-103.545922,45.578363
-94.508876,49.769126
-96.245628,45.976933
-92.907529,44.974674
-86.975655,40.470121
-87.550378,41.614672
-92.741,30.364
-87.971717,43.123103
-93.323178,44.9789
-88.953015,37.567835
-86.189916,41.91719
-93.448089,44.904208
-88.251194,41.832441
-93.271453,44.308575
-89.17456,48.454807
-105.05848,40.565262
-93.62105,42.06758
-97.137543,50.17683
11.299721,59.942296
11.482822,59.720744
9.242168,59.561186
8.533308,63.266113
9.418035,58.952607
10.988232,59.88577
5.571208,59.665217
10.886732,59.656551
5.537082,58.783104
9.6457,58.972642
7.736498,58.542026
10.119292,60.201248
8.67924,63.797301
11.300687,60.807819
9.522649,58.858825
8.035451,59.444765
7.750061,58.850144
7.47954,59.239392
9.06171,60.882039
7.332155,59.346736
7.667057,58.956936
11.072959000000001,59.122723
12.158529,65.127685
11.389605,60.178148
10.31461,59.398376
10.614337,60.019149
11.476152,60.171735
11.014755,60.181683
11.394925,60.231608
10.859946,59.552292
11.169488,63.18784
11.555535,59.713285
5.800063,60.645389
6.507149,62.803017
11.192339,59.923761
9.162152,58.87415
9.085827,60.084734
9.869362,59.066219
10.572287,59.940696
10.899497,60.184283
10.255477,60.14648
8.816983,58.555294
8.903137,58.471862
5.780481,58.805223
10.255424,59.226519
10.70251,59.925463
10.276101,59.778651
10.270943,59.710412
10.331476,59.334438
9.609901,58.874815
11.476991,62.695064
7.851281,58.049396
5.231021,61.15907
5.624863,62.362375
6.06907,62.35083
9.067432,54.927414
9.639072,56.126964
9.829476,55.868091
10.030686,56.455016
8.494505,55.622984
9.66537,56.2134
9.591542,56.319775
9.287036,55.937881
10.295164,57.490562
8.905731,55.322198
9.493782,56.02794
10.355033,57.48308
11.263379,64.803446
9.7625,63.9244
8.513144,63.880565
9.588135,56.137452
9.697719,56.012753
5.989388,59.171275
9.673603,56.291069
9.388605,58.902381
9.614615,60.827862
5.53172,59.816558
8.386895,63.014723
10.335634,59.105154
5.248669,59.549505
8.862104,54.921742
10.232342,60.761378
10.430988,59.831087
12.136101,65.470762
8.049125,62.773942
10.731335,59.986784
11.476664,58.258203
7.262808,62.282521
11.038249,59.149544
4.810723,61.091457
8.754007,61.155137
11.065589,59.07453
7.55522,60.166271
12.383856,63.802603
12.120656,62.314271
10.037753,56.330028
6.541789,58.360665
11.943033,61.970553
9.404315,55.23
12.302728,59.555755
8.848713,54.886638
6.523703,61.967862
9.639817,56.181029
5.799439,60.811887
5.704167,60.020213
5.261611,60.6194
11.827806,58.124169
11.244953,58.440213
11.086725,59.072335
11.215053,58.332765
9.557292,56.153481
10.850775,59.865738
6.644686,59.055743
9.981403,56.991478
11.07872,59.058875
10.172057,60.797958
9.752444,56.092197
7.996833,58.141298
10.296774,59.120072
10.780716,64.380993
9.448106,56.422958
9.320322,58.964952
5.859564,58.481295
7.136617,60.865487
8.613988,60.850645
7.029533,60.585028
8.235126,56.152119
6.141357,59.589975
6.280233,58.846668
10.363313,60.635181
6.035965,58.99011
11.39403,58.315101
6.159321,58.990081000000004
6.573781,58.206646
8.788891,60.550364
11.409645,58.311202
11.937204,61.94286
9.401665,62.336305
7.729318,62.568817
11.248412,58.398413
8.539703,60.622458
6.871119,60.917067
7.519176,58.254392
10.374827,60.224504
6.085977,58.984961
9.567591,56.52622
9.553271,55.537933
9.744281,57.244
9.894783,56.614139
9.886382,56.254812
10.070428,57.061968
10.057688,56.612861
10.250416,57.509497
10.232305,56.970638
10.406915,57.238328
8.117128,55.985284
8.125224,55.625919
10.576364,57.32616
8.263676,56.70502
8.435042,56.166849
8.450343,55.088647
8.58736,56.976025
8.589335,56.796358
8.598876,55.897941
8.601634,55.628391
8.602542,55.538538
8.759347,55.808508
8.916175,57.066512
8.918332,56.078266
8.918522,55.988418
8.918898,55.808717
9.078269,55.718866
9.077209,55.179724
9.245398,56.976465
9.244809,56.886631
9.240217,56.167907
9.239658,56.07806
9.406003,56.616694
9.396633,55.718251
9.57859,57.244872
9.574405,56.975387
9.742476,57.154176
9.896914,56.703968
10.244308,57.329883
10.241281,57.240073
10.229348,56.880823
10.373686,56.340218
8.261916,56.794851
8.268893,56.43552
8.421466,57.065204
8.429706,56.526207
8.432389,56.346531
8.441544,55.717622
8.442823,55.627772
8.60789,54.999392
8.7599,55.718657
8.760996,55.538949
8.76154,55.449094
8.916376,56.976678
8.917757,56.347803
8.91871,55.898568
8.919269,55.629011
8.919637,55.4493
9.077734,55.449301
9.077558,55.359444
9.237453,55.718662
9.235831,55.449099
9.392144,55.268979
9.570293,56.705891
9.746097,57.333823
9.738898,56.974524
9.714977,55.71681
9.713341,55.626964
9.905562,57.063268
9.890559,56.434479
10.047759,56.253551
10.247353,57.41969
10.410346,57.328131
10.403505,57.148523
8.110934,56.254793
8.277392,55.986327
8.285652,55.5371
8.431051,56.43637
8.585361,57.155688
8.593217,56.437007
8.751267,57.066293
8.752462,56.886625
8.757105,56.167902
8.758233,55.988208
8.76045,55.628804
8.916777,56.797006
8.917172,56.617329
8.92,55.269583
8.92018,55.179723
9.081083,57.066514
9.080501,56.797008
9.24078,56.257752
9.410894,57.065866
9.408921,56.886201
9.393925,55.448692
9.393032,55.358836
9.577187,57.155045
9.575792,57.065217
9.56492,56.346543
9.56228,56.166861
9.557088,55.807482
9.552013,55.448081
9.737125,56.884696
9.918919,57.602177
10.052695,56.433209
10.420761,57.597532
10.386747,56.699479
8.11301,56.164958
8.270613,56.345684
8.272322,56.255847
8.424244,56.885544
10.908329,57.321562
8.594174,56.347166
8.596071,56.16748
8.5998,55.808093
8.603446,55.448683
8.751866,56.97646
8.75481,56.527274
8.76208,55.359237
8.763152,55.179519
9.080888,56.97668
9.080309,56.70717
9.080118,56.617331
9.078812,55.988419
9.07863,55.89857
9.077911,55.539158
9.243641,56.706958
9.241914,56.437438
9.241345,56.347596
9.237999,55.808513
9.236909,55.628809
9.41189,57.155697
9.409904,56.976034
9.40697,56.706531
9.404086,56.437016
9.402191,56.257333
9.571656,56.795724
9.563596,56.256703
9.558375,55.897329
9.555809,55.717634
9.747923,57.423644
9.730133,56.525371
9.72841,56.435536
9.724994,56.255863
9.899057,56.793795
9.892665,56.52431
9.880207,55.985303
10.05022,56.343381
10.253498,57.599302
10.223485,56.701189
10.21769,56.52155
10.211961,56.341905
10.376923,56.430035
8.106745,56.434459
8.108845,56.344627
8.127219,55.536074
10.57253,57.236364
8.279063,55.896484
8.437665,55.987162
11.074272,57.318935
8.597011,56.077635
8.60072,55.718242
8.753643,56.706952
8.754228,56.617114
8.91795,56.257959
9.079552,56.347805
9.243062,56.617119
9.239102,55.988213
9.235297,55.359242
9.403135,56.347175
9.400317,56.077644
9.398465,55.89795
9.394822,55.538546
9.560971,56.077019
9.733609,56.705036
9.721617,56.076184
9.914414,57.422546
9.901213,56.883621
9.888464,56.344646
9.882254,56.075141
9.878172,55.895464
10.080891,57.421228
10.073021,57.151785
10.06274,56.792508
10.040459,55.984055
10.238272,57.150263
10.226408,56.791007
10.400114,57.058717
8.102508,56.61412
8.104632,56.52429
8.274022,56.166009
8.280724,55.80664
8.422859,56.975375
10.903688,57.231782
8.438966,55.897317
8.445358,55.448069
8.58835,56.886192
11.069228,57.229163
8.590314,56.706522
8.597946,55.987789
8.755389,56.437433
8.75767,56.078055
8.758792,55.898358
8.916975,56.707168
9.079739,56.437648
9.07918,56.168115
9.07809,55.629013
9.234765,55.269383
9.407942,56.796367
9.401251,56.167489
9.397546,55.808101
9.573027,56.885557
9.566252,56.436382
9.554537,55.627784
9.740682,57.064351
9.735362,56.794867000000004
9.726697,56.3457
9.912181,57.332729
9.909962,57.24291
10.075629,57.241601
10.06785,56.972149
10.214817,56.431728
10.209121,56.25208
10.413797,57.417933
10.383453,56.609666
8.119169,55.895445
10.595878,57.775121
10.580221,57.415955
8.267164,56.525355
8.284019,55.626948
8.426991,56.705878
8.446615,55.358216
8.586364,57.065857
8.591287,56.616685
8.592255,56.526847
8.595125,56.257324
8.604345,55.358828
8.606127,55.179113
8.753054,56.796789
8.764737,54.909932
9.077035,55.089863
9.24599,57.066299
9.244223,56.796795
9.236368,55.538954
9.399388,55.987798
9.568938,56.616056
9.731866,56.615204
9.719943,55.986343
9.718278,55.8965
9.716623,55.806656
9.91666,57.512362
9.907755,57.153089
9.903381,56.973445
10.083546,57.51104
10.065288,56.882329
10.060207,56.702685
10.23528,57.060451
10.206297,56.162254
10.417269,57.507733
8.115075,56.075122
8.275712,56.076168
8.282376,55.716795
8.425622,56.795712
8.440259,55.80747
8.444094,55.537921
8.755964,56.34759
8.756536,56.257747
8.762618,55.269378
8.916577,56.886843
8.917369,56.527488
8.918142,56.168113
8.919084,55.718864
8.919453,55.539156
8.919819,55.359442
9.079928,56.52749
9.078449,55.808719
9.405042,56.526856
10,56.5
9.6,56.3
8.5,56.4
8.7,55.4
10.1,57.6
10.2,56.4
9.6,57
8.4,56.4
8.4,56.1
8.5,56.3
9,56.3
9.2,57
8.880607,55.676307
10.02102,56.924388
8.948498,55.282039
7.498121,62.629378
8.923088,56.732314
10.186236,57.093743
9.404525,55.546831
9.68814,55.865724
9.52967,56.974827
8.369751,55.564525
9.317124,55.497665
8.602205,55.436973
8.84917,55.03109
10.20295,56.71506
10.43594,56.41402
9.99749,57.45914
9.83234,56.89258
9.91805,57.07143
9.537,55.7063
8.86985,57.01021
8.35603,55.61043
10.13393,56.17613
9.9978,57.24808
9.9941,57.52581
9.37357,55.23955
8.64943,54.89708
8.59394,57.02841
9.05496,57.09383
8.12364,56.368
10.19596,57.47426
10.26511,56.73606
10.24327,57.53782
8.64053,56.72147
9.56342,55.86205
8.87727,54.93796
9.70152,57.0059
9.11853,55.6501
10.18598,57.58205
10.12238,56.14423
8.91514,56.44173
9.99201,56.4845
9.64523,56.04939
9.18822,56.03417
8.22876,55.70574
9.39944,55.2211
9.87592,55.87815
11.09864,57.2875
8.12694,56.00784
10.19868,56.9216
8.6914,54.93399
9.68765,56.04016
9.87257,56.98307
8.07632,55.55865
9.68085,56.788
8.6464,55.38059
9.47354,56.13656
8.41869,56.46627
9.93603,57.43693
8.3243,55.56214
9.05305,54.92125
9.96707,56.12875
8.24454,55.69667
9.82906,56.47331
9.05424,56.57004
9.37194,56.52288
10.34813,57.12643
9.95788,57.53134
8.80662,56.74047
9.93829,57.3936
8.20278,55.6888
10.02463,57.0855
8.23598,56.32175
9.88769,57.52964
10.30568,57.513420000000004
9.66123,56.31562
9.46718,55.52404
8.7434,55.99371
9.87601,56.90542
8.21307,56.16296
10.21995,56.89156
8.88417,56.24696
9.27636,57.14246
8.59374,55.42755
9.87763,55.8302
9.88567,57.03932
9.54593,57.184
8.62518,55.43379
8.51442,55.92582
9.08802,57.04859
8.77979,55.00972
10.59207,57.71743
8.80156,56.9938
9.45868,55.26152
9.97141,56.44621
8.81411,56.12106
8.83318,55.03115
9.68657,56.04929
8.7019,57.07544
9.56365,57.14507
8.67063,55.35683
10.49482,57.4954
8.78941,56.56453
10.12907,57.45582
10.40867,57.65666
9.43691,56.3969
8.35487,55.59584
8.40937,55.90624
10.34307,57.6208
10.16329,57.30454
8.65941,55.41282
10.61645,57.7368
9.6031,56.35404
9.94362,57.27259
8.57978,56.83828
9.55779,55.70453
10.55194,57.44067
8.22652,55.88906
8.67652,55.2687
10.53285,57.33267
10.34419,57.46431
8.70443,55.32775
8.50173,55.91859
9.54807,55.8457
9.81641,57.20598
8.59852,57.12255
9.09658,55.39507
8.65582,54.91167
8.36131,55.52721
9.2755,56.58253
9.66682,55.85539
9.74306,55.73115
9.66949,56.03546
9.93247,56.89783
8.19311,55.61218
9.67765,57.31971
9.12753,57.05194
9.49069,55.61939
9.67688,56.30703
8.89042,56.48725
9.20786,55.92918
9.38816,55.23253
8.60018,55.64765
10.49098,57.33679
8.84092,56.16936
9.48081,55.53891
8.42373,55.46982
9.79681,55.87027
9.62995,57.06592
10.23386,56.21346
9.68647,56.45288
10.0878,56.24
8.2155,56.72249
10.22024,56.97983
8.67148,54.95996
8.43868,55.91472
9.42918,56.46155
8.26395,55.71472
9.69755,55.97596
8.72657,55.64363
8.8487,55.88937
9.36634,55.93335
8.23483,56.73659
8.18416,56.34094
8.14986,56.19777
10.35031,57.59075
9.6401,57.08114
10.06518,56.27316
9.87831,56.45809
8.68504,55.29471
9.79548,56.64213
9.58701,57.18631
10.10651,57.56519
10.58345,57.74399
8.11893,56.05117
9.17391,56.8088
9.33881,56.39058
9.85781,56.86224
10.60705,57.72486
8.48098,55.14271
9.68594,57.15086
9.71405,55.61346
10.1723,56.46577
8.67503,55.340089999999996
10.63559,57.74509
8.24472,55.71425
8.4773,56.3472
8.19907,56.24603
10.19406,56.86844
9.00529,55.29825
8.24652,55.53441
10.60157,57.74312
9.52037,56.15542
8.3171,56.11243
8.44699,56.95156
9.61741,56.86883
9.88695,56.2867
9.86718,55.85699
9.06598,57.07737
9.79756,57.46687
9.3626,56.53693
8.47373,55.9991
8.46775,55.92221
10.2903,57.59023
8.72616,55.16902
8.14765,55.54568
10.32566,57.56037
9.8793,57.17767
9.98329,56.4563
8.90178,56.45825
9.39123,56.53474
8.79566,56.26941
10.21843,56.91362
9.06511,57.03802
9.54184,56.17394
9.28033,55.99262
8.24741,56.70692
8.23366,56.08598
10.45617,57.47589
9.73368,55.79432
8.18004,55.67864
8.22635,55.68842
9.79229,57.10003
8.69915,55.17736
10.01505,56.65764
9.51176,55.70465
9.16333,57.09639
8.90943,57.01447
9.35743,56.38145
9.06687,55.2942
10.31001,57.4852
9.40281,55.68179
10.57201,57.71898
10.0119,56.45437
9.20726,56.0503
9.10935,55.4358
8.82232,55.34833
8.18286,56.66179
10.19922,57.54227
8.80974,56.57042
10.11747,56.30172
8.38128,55.90365
9.78813,57.01841
8.75466,55.70642
9.85544,56.44721
8.70244,54.91044
9.4847,55.70471
10.07385,56.14275
10.1981,57.07049
8.38173,55.95978
8.96233,57.05339
8.83228,57.04534
10.33808,56.46894
8.66122,55.39846
8.37966,56.95082
9.69981,56.46278
9.96807,57.59513
9.03939,57.10956
9.38504,55.67736
8.79929,54.90718
9.27171,55.4773
10.33241,56.9898
9.82266,56.63624
8.53329,55.93438
8.23417,56.19478
9.89724,57.41263
9.92282,57.04811
8.24409,55.6219
8.16974,55.87179
10.18636,56.45349
9.76554,57.24349
8.25411,55.6005
10.52206,57.73015
9.28568,56.68822
9.53474,55.73873
8.761189,55.328106
9.316368,56.534592
5.638124,58.587757
5.097603,59.892113
11.022282,60.084114
9.860732,58.965239
4.740545,60.78081
5.535624,59.789949
5.316503,59.350722
5.652299,59.014658
10.823616,59.168593
6.287545,62.544309
6.411205,62.688106
6.377376,62.462946
5.341071,60.270228
6.664154,58.273175
10.372153,59.449427
7.724824,62.58635
10.281874,59.067289
8.370664,58.239972
8.420847,58.243802
5.211975,59.285695
5.829394,59.512495
6.815855,58.260583
10.270422,64.28601
6.568796,62.530176
6.431137,62.796243
5.472451,59.196394
8.768861,58.425435
5.768447,58.98193
9.454655,58.895455
5.864073,62.269975
10.38715,59.104378
10.171354,59.048575
5.237736,60.437044
7.062233,58.119015
5.943572,59.735372
5.17493,60.398848
10.519234,59.700176
10.484017,59.385782
5.469627,61.013183
6.594229,61.097215
6.311721,62.059759
8.394661,58.231106
10.618804,59.572346
8.888465,58.503284
10.226184,59.095221
5.374652,60.171203
11.017014,63.615567
6.629526,62.606708
10.346797,59.219588
6.800904,58.075241
5.709388,59.790821
9.989721,58.975993
5.367677,62.221022
8.825134,58.47133
7.238512,62.265481
9.423974,58.799014
8.71698,58.383118
7.41581,58.013403
5.249694,60.412213
5.385995,59.425478
5.294016,60.453903
10.131923,59.015694
5.280585,60.344448
8.142487,63.2919
8.427052,58.281554
8.911683,58.482196
5.382112,61.463368
10.033574,58.988224
10.661549,59.931969
10.263336,59.061183
9.759563,59.030087
9.198588,58.725464
5.11809,60.44889
5.745962,58.982445
5.681877,58.797914
5.976883,58.411991
6.139629,62.504531
7.511299,62.651124
5.547312,58.810111
9.747087,59.017137
10.203869,59.081059
10.417861,59.445795
5.554582,58.850304
5.458291,60.173467
5.749355,59.001853
7.731841,63.10572
5.898565,62.122069
6.81714,61.857633
7.778593,63.124981
5.070094,60.168354
5.043106,60.242615
8.241084,58.126542
6.861215,62.464469
7.438998,62.541707
11.310778000000001,60.209759
10.536056,59.368564
9.080944,58.631739
5.206623,60.087391
5.74762,62.098386
4.873593,61.834114
6.594925,62.471357
5.690776,59.12366
6.05617,62.503695
5.161697,60.426333
6.580161,61.837051
5.61315,58.978586
10.467953,59.360366
6.015101,62.399518
6.767485,62.811188
8.768786,58.45
11.058819,59.943065
4.831386,60.931081
9.962325,59.500782
5.131347,60.593014
5.910456,58.647347
7.885294,62.991195
5.589814,58.986217
9.563925,59.530187
5.650197,59.90862
5.077386,61.498839
10.00162,59.964363
6.250519,62.474213
5.529515,62.180611
5.357428,59.332192
8.471215,58.931996
8.526245,63.691552
6.437279,60.360537
6.610838,61.849487
5.384461,60.573414
10.598283,60.247459
7.597416,63.077039
12.243215,61.361253
5.204929,60.489645
11.211032,59.589415
11.435241,59.680924
11.140412,59.874741
4.924304,61.767312
10.863165,62.802872
5.182893,59.724185
5.404202,60.266978
10.156928,59.75775
11.663789,65.124798
10.526827,59.535184
9.551643,59.103754
5.224512,60.477553
10.435756,63.34913
9.295443,59.416453
8.143587,63.353663
4.79085,60.663298
5.668702,58.941502
9.839607,61.286601
11.56554,59.869971
11.186514,64.504119
10.176897,60.282203
7.388742,59.429477
10.728292,59.722536
10.160584,61.249031
11.090753,60.787156
5.28478,60.75818
10.64677,61.344805
9.097203,62.545898
5.325447,60.312217
9.966494,62.831135
10.922921,61.152748
4.811754,60.652804
11.49575,58.945006
5.874695,59.344033
5.18672,60.35171
8.715221,61.827532
12.397488,64.497351
6.358249,59.660338
10.02033,61.105796
10.306946,63.527253
5.05553,60.468911
7.904384,63.259748
11.520768,65.077894
5.811866,58.64571
10.220861,59.295244
10.192914,63.318111
11.125644,59.91084
5.23893,59.340812
4.864746,60.582924
9.294383,59.58275
9.011153,61.651367
4.901011,60.747028
7.967742,58.119183
10.746761,59.447098
10.452554,59.073491
10.696878,60.906947
6.964764,58.034237
9.478529,63.565205
5.583335,58.702455
5.926195,58.894833
6.585343,61.076644
5.605263,60.166947
5.121574,59.432026
10.782137,60.025
10.811224,60.730628
7.835348,62.590345
5.412089,60.458624
9.578601,59.664784
8.205571,62.913462
7.717175,62.988893
8.497973,63.796319
10.649644,59.571237000000004
8.564565,60.662726
8.401655,60.617652
11.80848,62.427891
10.114904,60.083304
9.538779,58.892889
5.141579,60.461157
5.87014,59.156018
6.201825,60.369502
5.393215,59.16386
5.213319,59.302381
4.904846,61.840172
10.040524,63.491467
7.644133,62.577047
11.622897,62.52132
10.668347,59.303165
5.999839,58.568004
7.002413,58.00114
9.407104,60.034101
5.178267,60.143128
7.90097,63.349481
5.82782,60.353567
7.332858,62.805331
10.520952,59.933665
10.79271,63.390821
10.971673,60.659399
8.122576,62.632942
10.708897,63.523024
9.288149,62.186588
10.286779,63.078625
6.558708,60.279165
8.141234,58.098562
8.743249,58.415508
10.535127,59.651125
11.711516,61.351934
9.264182,59.403383
11.443531,62.704185
6.217546,58.551913
7.167613,58.109005
5.18795,59.271228
10.137784,59.165969
6.285027,58.331278
8.645234,63.013386
10.523665,59.066048
11.981738,64.48941
9.31756,63.097674
6.556974,60.008242
9.676194,63.74428
5.497896,58.982401
11.656809,62.478471
5.083351,59.445541
8.19039,63.363451
5.31853,59.204012
10.434363,59.271439
5.588348,59.102412
10.265085,60.113939
8.558555,63.780471
10.922786,59.056132
8.961279,62.544995
4.98388,60.182343
10.978428,64.507061
9.45608,60.57018
10.340741,64.244993
5.267299,60.507662
10.242636,59.78885
8.888587,58.465115
11.119571,61.034651
11.825413,62.607192
5.801419,60.622508
7.148101,62.623451
9.086244,58.685175
9.878818,59.742033
9.711516,59.113587
5.785177,58.554622
5.389559,59.255586
5.567695,58.924179
11.713025,63.507528
6.591622,59.830609
10.757658,59.873303
6.453434,62.443832
10.617871,63.575101
11.846272,63.401662
11.046358,59.746912
11.382778,59.47173
9.832483,61.017297
8.327679,62.185259
10.893088,60.041566
5.012222,60.511164
11.23531,59.136244
5.573418,59.879745
10.204565,63.261923
10.219648,61.463289
11.506431,61.243595
5.770319,59.094048
10.297119,60.09337
5.471063,61.962199
11.092774,59.172705
8.641901,63.872118
11.687091,59.440463
8.178837,62.917806
4.914548,60.514994
10.491541,61.03419
7.352881,62.44645
10.559022,60.741466
5.541914,61.334973
9.512368,62.241898
5.744295,59.59851
10.386357,59.287969
11.567381,62.505946
10.641299,63.563498
10.360504,60.384435
11.042621,59.804676
10.49853,63.345846
5.079048,62.041475
11.690693,59.008402
5.177728,59.707206
8.766506,62.723754
9.208639,58.748302
10.652034,59.653245
10.434965,63.322847
10.367106,60.235005
11.718918,65.662541
10.282826,62.988893
10.72769,60.811585
8.135332,63.430221
8.82884,60.68173
9.278294,61.109355
5.34529,59.80187
8.227822,58.503254
11.941395,63.772469
5.655802,58.7376
8.72327,60.9298
7.097877,62.950493
5.643091,58.898917
5.727856,58.939778
10.341019,63.419756
6.278972,62.43675
4.762041,60.594046
9.968317,62.724491
10.861413,60.716755
10.429162,61.129734
7.43505,57.992913
11.496199,60.996767
7.497609,58.028215
10.486403,59.911065
9.134438,61.873239
6.572003,60.099747
8.694506,63.891863
11.200509,59.144161
5.896434,58.429639
8.558959,60.626708
10.755565,59.687906
10.558115,61.332405
10.541829,60.382455
9.896443,63.261143
5.237969,59.169583
11.326157,59.982425
10.931805,64.605136
4.875471,60.736952
12.057619,65.816343
6.701486,60.820648
8.780089,59.752167
6.272855,61.531277
11.344626,61.44857
9.187502,59.566346
5.062869,59.775762
9.237726,59.284541
10.531543,59.886804
5.249162,59.140143
9.643361,59.119448
10.150505,60.127826
7.528906,62.807515
6.896977,60.644222
9.316446,62.137155
10.934114,59.046125
11.675763,59.188114
8.103558,63.261143
11.394536,64.500878
11.53939,62.68529
4.825354,60.588991
5.73012,59.009891
4.766784,60.821283
10.9391,60.751461
4.832056,61.045312
8.702088,63.173903
10.392385,63.406134
5.524738,58.704242
4.956634,60.582033
10.768186,60.000054
11.216437,61.095963
7.713222,63.078625
6.866695,58.308161
5.115187,60.244748
9.094652,61.738023
11.545076,62.511101
5.701329,60.468265
6.3532,62.790305
8.313387,62.813528
5.315556,60.070699
9.66059,63.354356
11.078132,63.069224
8.542646,60.659958
10.088988,60.088823
11.557608,60.160726
5.552415,58.859736
8.969723,58.531623
8.335054,63.016113
5.203276,59.372249
11.983427,62.360426
11.594016,64.407705000000007
5.375114,59.699778
8.699294,63.443148
8.559462,62.889978
9.091544,63.298432
10.379153,59.165988
8.901909,62.81517
8.901307,62.994678
9.618046,59.491989
11.774111,64.135008
10.80853,63.417601
6.26141,62.682087
8.21645,63.32181
5.194149,59.296983
10.957291,59.443902
7.609225,59.734781
5.465117,60.573252
10.150765,59.578193
10.0789,62.81107
4.952179,61.124021
10.819803,64.583728
12.03473,65.674633
5.338382,60.361671
6.852852,58.466858
5.264729,60.518699
8.483636,58.323165
5.562207,59.094274
10.874583,62.982283
5.070514,60.52723
8.464313,63.602145
10.129143,63.269027
11.418135,62.548602
5.88852,59.349941
6.392358,60.096326
8.703004,63.084152
10.571006,59.682206
10.808745,60.666577
9.645678,60.928538
10.433995,59.787169
9.620463,62.334302
10.657065,62.625892
9.676338,62.364768
9.074071,60.652188
6.965582,62.441339
12.158051,62.270017
10.132709,59.03949
12.422802,64.228418
10.708403,59.323791
11.284565,59.987359
9.631135,59.216819
11.122904,62.515172
11.354094,60.788743
9.63365,59.133701
5.027978,60.961333
5.51739,58.716382
10.843204,59.833227
5.590468,58.876409
11.088436,59.958886
10.900221,59.73378
6.765302,62.528067
11.683516,62.999743
6.584408,58.095273
11.029317,59.956741
11.440458,59.130908
10.965546,64.327695
8.913533,58.774982
6.194046,59.341729
11.810421,64.493526
7.982268,58.639109
11.016094,60.748775
9.706036,63.621222
9.281322,63.093947
10.835192,59.724524
8.209245,58.125042
5.078886,59.435347
8.172432,58.132589
11.257031,62.624091
10.091135,63.537718
5.099628,59.440403
5.053293,61.595075
8.597003,63.878660000000004
8.625623,63.901333
12.008409,64.399796
11.458443,62.88353
7.311891,63.011584
7.555236,62.269139
10.857515,62.713164
10.682532,63.074476
8.857137,59.435566
10.401871,61.147958
10.876757,59.941288
9.264882,59.493179
9.258729,58.684941
10.074956,60.206094
5.001101,60.815891
6.366989,59.870336
6.201079,62.692289
9.559117,58.967316
5.629553,62.384783
8.700237,63.353397
6.654432,58.089214
10.014212,59.717178
11.070254,62.534428
5.941906,62.146184
6.713532,58.035963
8.125217,62.543197
12.405986,64.407705000000007
11.193709,64.593785
6.476656,62.212434
7.934064,62.452101
5.282965,60.608417
6.72972,58.064466
7.992599,63.484192
12.171022,64.672775
5.335445,59.891482
9.752057,59.005432
5.158863,60.294536
5.515314,60.51277
8.153954,58.109845
10.539448,59.919062
10.67999,59.932774
5.493225,60.454243
7.921102,62.81107
7.697143,63.437529
6.908601,60.464771
9.099925,63.353679
5.393629,59.353778
10.151466,59.007634
6.193048,58.552761
11.933741,62.420817
11.241446,62.617758
8.511034,62.724598
9.507526,63.80155
10.775364,60.974777
4.856993,60.780711
10.697974,63.318644
4.931401,60.473901
9.864256,62.765379
10.982264,59.847151
10.011912,62.803467
10.875607,59.895132
11.869826,61.344189
10.692961,63.253899
6.939665,58.91027
6.816524,58.060712
5.312951,60.401083
11.242829,63.638199
8.058319,63.310704
10.523782,63.398951
9.656512,59.144142
5.523184,59.806696
11.3468,64.920131
5.613204,62.400435
8.039931,58.073788
10.500596,59.322539
8.593922,61.132813
8.494083,63.71181
7.890631,63.447698
12.605457,64.500878
8.100765,63.350883
11.418629,59.126561
6.81179,62.473855
10.0061,60.65696
10.399176,61.281987
9.775503,59.051203
11.436155,62.614507
6.199903,62.338235
9.638501,60.569429
12.049238,63.862096
12.174256,60.541065
9.636453,62.576257
11.001694,59.867829
8.202445,60.528379
10.576665,61.100452
8.813299,58.437248
6.150558,60.810086
5.452549,59.170688
5.196826,60.411468
10.475928,59.241829
11.298318,59.277566
8.433123,62.855858
4.642745,61.292798
10.592575,60.717361
5.525672,58.73077
8.187452,63.303211
5.65803,60.264318
5.273901,59.139415
9.211612,58.705945
11.381179,63.732884
8.160763,58.122912
8.035107,58.144889
8.643823,63.86018
5.466114,59.241879
6.884464,62.902559
10.719704,63.702435
11.630811,62.610982
5.109626,62.164801
9.436326,60.024403
10.771025,59.821023
11.865739,62.483767
10.728193,59.85316
10.342079,59.935605
11.421755,61.873391
11.003536,59.028951
10.57221,61.010707
11.295093,60.006275
10.494613,63.242419
9.441285,60.152706
2.593409,63.77963
11.665864,59.382627
11.741107,63.412532
5.091615,59.429111
10.449078,62.358872
10.947418,61.095615
11.062986,60.016121
5.533092,59.778981
5.207588,59.319918
7.57649,61.049709
7.170173,62.264599
8.117231,62.812437
12.189581,64.493526
7.736516,62.540223
10.252185,62.271008
5.278384,60.462792
8.603785,58.428091
9.559368,59.271976
9.944934,62.836364
7.681171,62.528042
5.607598,58.615978
4.88679,60.780526
8.182808,60.525581
9.896775,62.660201
10.305832,60.062626
11.540037,61.198055
5.632428,62.40324
7.304821,62.781781
10.946771,59.202283
9.710519,63.800693
6.739377,60.282363
10.900337,61.167684
9.654931,59.194536
11.483407,59.168902
8.63829,63.850752
10.790375,59.849452
9.922324,61.204667
7.747466,60.677494
11.964437,65.747773
10.31133,63.418088
6.177274,60.286424
10.07369,61.539553
10.469182,59.971745
9.082093,59.54365
4.984796,60.574624
10.72151,60.001514
10.868851,62.892578
11.324612,61.179469
9.092208,60.599206
10.867369,64.571341
10.728193,64.491785
5.627272,58.903984
9.373695,62.571407
7.318341,59.572452
10.592053,59.734772
9.801006,59.760401
9.413428,63.149967
10.910012,64.500128
10.87531,64.548562
5.716375,58.966835
9.088292,59.493421
4.799699,60.628713
8.56903,63.860168
10.230275,61.732539
5.95256,59.008596
9.499603,63.352841
9.633632,62.393538
8.742764,58.403009
10.417592,59.380546
10.415373,61.64097
8.215776,59.042064
5.074215,59.99474
8.043344,63.300143
8.79174,60.931498
8.427509,60.580405
7.095595,60.377762
5.692229,59.90093
7.327405,57.998469
9.603377,59.16427
6.321031,59.016588
5.442281,61.488273
10.762051,61.09816
7.835079,63.177677
11.276704,59.435224
9.827803,60.837754
10.059496,60.043912
5.31066,60.385003
11.635599,64.082543
10.400739,63.382877
10.611277,62.583041
5.316706,60.523239
11.401256,59.722667
6.027714,59.101784
6.985192,57.998641
6.264968,61.620943
11.013705,61.117096
8.714395,61.917297
11.114792,60.823665
8.356138,60.838761
10.557217,62.114845
5.801293,59.228228
9.994566,59.976618
6.528246,58.228835
6.986324,58.011054
10.335477,60.426989
10.560235,61.391092
8.34596,63.685882
9.277513,61.019578
11.450933,65.12843
4.898594,61.213216
10.506264,59.94608
6.460064,59.653644
10.244414,59.15365
9.544573,59.301175
10.43722,59.992
5.608622,59.085995
11.042118,63.214929
10.770297,64.50971
10.698818,64.433525
8.537921,58.318914
10.60348,63.263438
8.032331,58.154773
8.519757,62.186056
9.16437,58.699804
10.435468,59.441299
10.899178,60.288023
5.694609,58.896783
11.194796,59.295359
8.874052,63.443156
10.519577,59.051304
5.803135,59.349231
7.136836,62.802872
11.876581,65.120865
11.922854,63.593217
11.524738,61.35553
7.142487,62.713164
5.983885,60.626748
10.484669,63.076689
5.573885,59.118355
10.406057,59.834076
7.282903,60.409969
10.755241,59.320729
10.327176,60.91621
5.545651,58.682994
7.937244,62.362356
11.510374,61.176152
5.909109,58.441747
9.874282,58.975137
7.63524,60.663171
7.754716,62.919474
8.62592,60.657074
8.534858,61.198622
7.372366,62.087549
4.940617,60.501558
10.495422,59.095704
9.904007,62.646492
5.429004,59.278388
5.757617,62.179692
5.60608,58.948592
11.226426,60.709588
6.36919,62.610982
11.052898,62.710441
5.982744,59.102439
11.512297,63.51119
10.45003,59.250993
11.096961,60.726034
10.694345,59.349611
10.286132,60.078685
10.362723,59.502107
6.386788,59.873524
10.847678,64.595157
10.81418,59.406844
7.537799,62.628061
6.652249,58.0663
8.724052,60.840022
10.511385,63.435616
10.345717,60.025373
10.912581,59.212087
10.541927,64.153252
11.561372,58.90571
6.049237,59.909412
9.69726,63.262258
10.496751,59.395065
10.606975,59.620447
10.711296,61.437899
5.57746,58.824891
9.387943,58.805578
12.037434,65.820774
11.34883,63.708742
10.242869,59.234041
5.450205,62.141387
4.721078,60.778285
9.753764,62.75301
12.239285,62.300731999999996
8.651055,62.953251
6.54155,62.88353
5.306887,59.341064
4.778822,60.6281
11.849434,60.810086
7.829986,58.107481
6.942872,60.571151
10.950993,59.049456
8.380931,63.754336
10.909815,63.520488
5.446989,59.252706
10.244414,59.686804
11.894206,62.41266
10.202005,63.450926
11.35652,60.215011
10.354458,60.124389
8.005238,58.152403
11.654877,62.879968
6.769857,59.833746
9.480245,62.186056
7.366976,58.013172
5.807932,58.489167
8.117779,58.217836
7.519267,60.34011
7.44963,60.561964
5.531987,61.424582
8.122908,63.339317
10.464169,59.516542
5.782006,59.005154
11.816915,62.517539
10.438154,59.355742
10.683044,59.527801
8.539125,63.715713
10.17502,60.243312
9.096915,62.456139
11.442695,65.038785
7.389524,58.011701
11.184277,59.962722
8.980117,60.272173
7.340116,57.992099
11.120604,62.440503
10.68166,59.572452
7.090564,60.479704
9.685537,59.02608
5.674595,59.044587
8.740608,58.774754
9.643504,60.350146
10.479836,61.254229
5.779132,58.905598
7.094301,62.627813
11.872261,60.170357
5.947458,62.155601
10.772013,59.83153
10.400928,61.157303
9.46915,61.467937
11.22135,62.348685
9.562396,58.930869
7.392704,59.590899
8.503488,63.173348
8.690769,58.368945
10.134524,64.246742
8.217357,60.469394
9.130279,58.629781
9.016301,59.289377
10.767063,61.187895
12.003343,61.691824
8.697399,63.622635
5.820319,59.262937
9.098389,62.904924
10.217833,59.596896
7.005503,62.859432
4.872759,60.512911
11.343755,61.199349
6.995558,61.992801
7.927623,62.631588
9.925288,64.158468
10.897903,63.341095
8.002255,58.892406
8.114536,62.902179
10.462049,59.182145
6.648611,61.538269
9.09961,63.263931
11.418351,64.769841
11.482266,58.97247
10.951407,60.689704
8.781813,63.778566
10.104888,63.287475
5.360678,60.132689
6.885973,58.051852
10.14083,60.108894
11.920195,60.678294
6.599994,62.166101
5.993901,59.954604
11.47004,60.126899
8.700749,62.974769
7.952857,61.913613
6.205158,60.182348
11.813726,65.687085
10.111006,63.184349
5.136405,59.420534
8.211275,58.113342
8.184658,63.401063
10.026151,61.285319
6.843474,62.795784
5.70441,59.545795
5.779042,58.680244
11.234376,60.396423
6.591335,58.127542
10.971969,64.417381
10.437166,59.858267
7.991053,58.110191
5.646154,61.376886
5.810124,58.990237
10.819067,62.097194
11.636614,60.809666
5.810276,60.532865
10.537607,60.292702
9.041004,63.654095
10.423862,59.301794
8.309174,62.993026
5.611569,62.41499
5.631709,62.235777
11.106177,60.703056
6.355266,58.298603
11.648284,59.87406
5.050203,60.782201
9.020325,58.611103
10.032349,59.71793
5.490278,58.752874
7.110471,62.958029
7.164711,62.354312
12.118237,61.168754
10.536969,64.063545
11.062277,59.04959
6.738038,62.886818
10.017545,61.882415
11.747556,63.866096
10.943753,60.884623
9.314757,60.653183
10.632747,59.95339
5.268089,59.515503
8.684688,63.41346
10.317241,59.307191
11.333523,63.783583
10.043425,59.044961
11.747152,60.832072
10.710092,59.706327
5.65158,62.056558
7.554751,62.496879
11.076757,59.678878
10.807299,64.514542
8.543922,60.57018
10.72221,59.736044
11.168008,59.923848
9.825494,60.747985
7.696846,58.132209
6.166036,62.696838
9.640279,60.659209
9.631512,60.210303
10.419487,61.73071
11.249054,62.672323
5.089648,59.711093
5.175105,60.235143
9.91935,63.979014
7.09034,60.467499
10.886126,59.313491
7.378879,58.034607
11.149332,59.760727
11.209708,59.990558
10.10593,63.528942
5.69867,59.288482
5.381969,59.283679
12.315382,64.230074
5.39618,60.492954
11.037815,63.550745
11.551373,61.108018
10.834383,59.465688
11.46977,62.525585
11.224153,59.74402
11.6712,63.059279
8.698351,63.53289
11.096404,61.034303
7.516851,62.461755
7.221314,58.044075
11.458299,60.148302
7.024565,58.025699
4.735568,60.701276
9.324288,58.751536
11.348444,63.962919
8.14136,63.334536
9.803162,59.850187
8.901002,63.084429
10.475587,62.897239
5.287645,59.572283
12.311546,61.082904
11.932097,63.682844
11.997953,65.78221
8.183356,60.625567
8.157412,60.524538
5.152916,60.504619
5.587719,59.035104
5.044561,60.528397
8.393759,63.434548
5.959927,59.353778
10.441873,59.405367
8.470646,62.972059
5.627002,58.934647
12.023959,64.961763
11.282436,59.282417
10.946412,62.97521
9.353546,61.706424
12.10187,65.73686
7.331277,58.015955
11.889975,61.258415
5.229192,60.391222
11.04219,59.949634
9.773724,62.339607
11.615872,61.214579
7.057291,62.967895
6.032034,59.190336
4.988497,60.440211
6.995442,58.066129
5.20898,59.143225
10.103873,62.95564
11.343638,59.196947
8.34428,58.238941
10.407225,61.461478
6.033606,62.065295
12.005589,66.045938
5.40351,59.281435
5.514425,59.327512
8.451862,60.589344
9.84364,59.700725
6.620754,58.080309
8.314411,63.670798
5.218942,59.350101
5.636003,58.926729
9.888179,62.991924
10.294765,63.258079
10.141,61.262307
10.06627,60.83026
6.785263,62.258989
7.816681,58.054709
6.893384,58.074111
5.550313,58.7338
12.122603,59.981566
10.063054,59.033347
10.086589,61.337925
4.896321,60.70005
11.882358,61.619555
11.409323,62.675346
8.909284,60.391351
11.293368,64.908507
9.631629,63.13651
11.43497,62.595332
7.974677,63.523869
8.20178,63.375736
6.385243,60.186024
10.594748,59.176134
7.787396,58.078752
5.936346,59.673599
10.423152,59.948226
8.495673,63.622068
4.897777,60.485551
10.748342,59.675281
8.528533,58.569779
9.095766,62.097093
5.989122,62.513493
10.223169,61.55304
10.023231,61.195557
12.09542,63.413955
10.929047,60.11423
10.982003,59.139148
11.034321,62.140077
6.726908,60.461795
11.494456,62.52452
11.428942,62.671136
6.077058,62.297329
6.062218,62.144531
5.235157,60.571415
4.690454,60.794214
9.10491,63.522591
5.952974,59.662225
10.820684,64.562992
6.824537,62.894293
6.259919,60.828705
5.474531,61.381486
11.188517,60.981232
10.424859,59.121854
7.424495,58.038959
5.369365,60.509055
5.508469,59.271343
7.400016,58.902058
9.27595,60.840022
9.100554,63.533175
7.612692,61.012735
6.216503,62.158924
8.296184,63.531481
7.444105,61.417586
11.022805,63.823734
11.085947,60.746128
9.056599,59.431546
6.724923,58.663789
9.513491,58.916555
9.627209,59.229574
10.654091,63.340941
5.244338,59.130428
5.717804,58.82171
9.088058,59.403621
10.97108,63.211629
10.085511,62.990545
11.078509,60.758505
10.493877,63.256126
8.99139,58.626825
7.982852,63.470674
5.639417,58.976109
4.830538,60.78852
5.84514,60.174262
5.355459,60.352292
10.655789,60.92578
10.508573,60.419602
10.607199,59.794364
9.02929,58.561913
5.280225,60.486755
10.192303,60.745224
8.105041,58.101406
10.828948,64.601642
9.502738,63.532326
10.373341,63.432266
9.976034,63.443814
6.073043,62.192372
10.220555,63.959618
11.195488,60.245394
11.326588,63.108972
10.736206,63.971537
9.990712,59.936654
8.228047,58.120697
6.565373,60.189458
6.361222,62.700646
5.546118,58.694082
6.158508,60.720415
11.037447,59.006251
7.004955,62.308252
5.2998,60.800723
6.184443,60.350368
10.290759,63.168349
8.574258,58.235423
11.008791,63.220681
9.943272,60.099653000000004
9.995455,59.765911
7.221179,62.740538
4.935659,60.652804
10.319109,59.484171
8.164608,62.269541
4.992729,60.592639
8.682397,62.989991
11.495292,64.094798
10.22599,59.815491
5.126407,59.786251
8.086104,63.330895
5.507769,59.208501
10.975454,61.544228
11.153105,59.884438
5.267739,60.333641
6.792279,58.059053
11.463347,59.139742
4.856256,60.534531
6.02103,58.460421
9.107659,58.750641
10.734688,61.280243
7.794277,58.193783
7.841295,58.071873
10.764512,64.420019
10.930655,60.87592
10.300496,59.732535
10.359309,59.65565
7.36429,58.024667
9.474621,61.827006
11.738834,63.776459
9.740801,59.035002
5.746442,58.919959
10.209748,59.22871
11.714471,65.680408
5.068124,60.60295
10.371346,59.326962
4.819839,60.568917
9.632743,62.359139
9.599262,62.529484
10.591757,59.438741
10.730448,64.819187
10.323942,63.395105
6.99581,58.055218000000004
9.627245,60.172837
11.544286,63.869819
8.477922,58.258408
9.559413,59.239982
12.298125,64.237837
4.871627,60.540522
7.04148,61.275067
10.838147,60.121749
4.715419,60.765477
10.431507,59.239826
11.568882,64.13877
10.5457,63.396308
6.139338,62.623352
7.04705,61.185341
8.130445,62.363697
10.391747,63.437239
8.822579,63.432137
10.011733,60.836498
5.842562,62.061057
11.479472,64.012401
11.264398,59.651121
9.175635,63.460721
10.657693,59.870467
8.900077,63.353679
9.669502,63.684827
8.727771,58.394447
11.223677,59.089581
7.518576,60.592445
9.988987,59.957537
7.001433,61.903089
8.298385,63.441742
12.198753,64.403898
5.403618,59.739
5.79629,60.382056
5.682069,58.933637
5.998599,59.988684
6.499652,62.205335
10.109416,63.618671
11.297114,63.335221
7.575098,58.005272
10.627052,60.607584
11.084968,60.831766
5.167469,59.796805
10.595503,59.81671
10.249607,59.617702
11.851258,62.87613
10.590212,60.165186
5.267811,59.814348
9.636462,62.382822
10.474734,60.428496
10.79598,61.247985
4.98874,60.562918
9.503942,59.598288
10.990896,62.407726
9.739157,58.997854
9.812055,63.523256
9.301651,63.53289
11.210382,59.114016
11.331241,61.269173
10.444218,59.394342
11.45635,62.674558
7.115187,60.822596
6.581651,62.813487
9.897602,61.565968
4.849663,60.546662
5.258154,59.402583
8.792566,62.110799
11.826366,65.868551
11.200599,59.385093
10.286483,59.749845
6.454413,59.288973
8.397865,58.593979
9.092765,61.109611
9.086693,58.864795
11.09529,60.762577
10.888408,59.076616
10.9701,59.177662
8.727852,60.391107
11.119392,61.018037
8.19684,59.850187
12.018264,64.48941
8.23367,58.16943
9.164244,59.289221
5.914831,59.138009
9.834837,61.107067
10.742342,60.739209
9.598391,62.284384
6.008337,63.135515
10.060583,59.226329
11.059887,58.99561
6.80985,62.887235
9.325654,59.210257
8.911665,60.256903
9.994557,62.783996
6.121255,62.529447
5.270757,60.587103
9.496504,63.173348
11.35599,64.052581
5.905381,58.450637
7.912163,63.435054
7.48276,58.016645
10.873559,59.839307
10.907892,60.018002
9.101182,63.712661
9.947638,63.580478
9.719816,62.593533
10.829604,60.516961
10.99078,59.172074
10.4616,59.72519
8.906437,61.378939
11.825737,60.541065
10.888839,60.108541
7.15368,62.53374
9.690828,62.993026
5.79346,58.998071
11.688456,61.082904
6.087371,58.70063
10.928005,59.13159
10.635487,59.914348
10.897301,59.196331
5.730587,60.549617
11.1338,59.884902
9.675215,58.995697
5.281106,59.404302
5.425672,59.255131
7.592776,61.461478
10.291073,61.19406
11.700898,59.130129
5.138471,59.584683
5.683281,59.990571
10.327841,63.975849
8.150001,60.577223
9.932987,63.91748
8.348816,61.197856
5.754123,58.53876
5.401175,60.605273
7.548948,57.966031
10.956895,62.436339
9.264317,59.565768
7.086962,62.815667
6.06114,58.785114
8.704828,62.90465
8.497263,63.532326
11.669834,60.287533
11.1998,59.09468
9.576113,58.847507
7.732698,62.629961
9.093565,61.378939
4.878553,60.687131
5.528933,59.254933
6.999448,58.022488
10.133032,64.063046
11.29229,60.284683
4.714457,60.753164
11.268898,62.976504
8.490849,63.89129
11.200357,61.688518
10.007592,62.814013
8.913983,58.59536
6.934572,62.889835
6.370879,60.365412
5.014297,60.501908
10.707029,64.542045
9.917679,62.143427
5.475789,60.369138
10.16318,59.937302
9.582805,63.728129
8.633726,62.989277
5.851365,59.756239
11.234699,62.528067
8.373673,60.458602
10.497236,59.926023
8.731086,61.151257
10.595575,60.63096
7.125518,61.312713
11.607644,60.096326
12.269837,63.686818
6.385261,58.358994
12.335324,60.356558
11.510365,63.970477
8.898496,63.802407
6.079295,61.864031
10.492152,60.005112
7.829869,58.09079
7.894071,63.528942
5.622519,58.820641
10.274239,61.209656
10.95358,63.399188
11.439111,63.815372000000004
9.505918,63.71181
5.504373,59.985952
11.068394,59.2049
11.416878,60.154557
10.653768,62.939404
10.465068,59.981144
8.906167,61.468713
6.042554,62.366889
11.057857,59.712262
5.828791,59.10892
10.144405,59.351782
9.823194,60.65821
5.164585,60.358486
9.945374,59.930159
5.656179,58.874496
5.369751,59.322292
6.008786,60.357762
4.707909,60.591849
7.296746,58.026931
8.146714,58.129843
5.3051,59.164579
8.872067,58.528415
6.283823,62.473701
10.915833,63.610184
9.580721,58.859025
10.349383,60.115139
8.293965,63.621222
5.591896,60.206317
12.233428,62.327958
4.950202,60.774132
6.033831,62.546022
9.820985,58.976702
10.075621,62.721329
5.551948,58.65801
9.691187,59.702819
11.623607,60.377922
11.103015,60.644222
9.471863,61.647472
11.585572,64.318062
10.441047,63.300991
9.820005,63.312859
10.122369,60.330449
10.865968,64.603923
10.90597,64.605429
9.618594,63.814638
4.978903,59.88107
8.340588,58.201959
5.662476,61.147759
8.120034,58.146198
4.880798,60.504836
10.677366,62.984764
10.886171,62.196088
7.051586,57.982323
10.253083,60.073979
10.201592,60.108482
10.32034,61.164777
9.890918,63.081663
8.777421,58.460877
8.286985,58.192131
8.62397,63.878732
7.328573,58.026665
10.239689,60.123136
5.322536,59.218267
5.134375,60.702379
11.729222,65.12119
9.69602,59.094472
8.497829,60.601437
6.191521,62.427891
5.67119,61.87733
9.229327,58.687495
7.72499,62.809428
6.604504,59.651171
8.111823,62.991924
10.199732,59.256334
8.706615,62.725141
10.130858,64.157019
10.286312,60.173762
5.37613,61.150906
11.074242,60.195585
11.791772,62.248582999999996
8.213746,63.336354
11.386775,62.567087
11.213355,59.926644
6.552428,60.06705
10.340606,59.469471
8.559696,59.402908
8.277859,62.982532
9.288337,63.453564
9.030952,58.57931
5.358963,59.259976
7.810223,63.432129
8.486447,62.879013
7.388455,63.043882
7.701203,63.347805
8.125289,58.830429
5.475717,60.254822
5.597618,60.148629
11.155028,64.946232
5.870706,59.905291
11.127836,59.937266
9.621621,59.188762
5.699424,60.527579
11.057408,59.926383
12.350236,63.800574
5.229578,62.103667
4.930772,60.806213
8.12784,62.453447
11.877794,65.700001
9.089064,58.600472
9.289002,62.276353
10.488882,59.215522
8.48607,63.427729
7.197958,58.003315
9.65794,62.592702
9.877426,62.632942
8.888614,58.456131
6.984635,62.877093
10.095618,63.259748
5.157138,59.886394
6.224714,62.069268
6.928311,58.060959
11.110714,60.801454
10.34923,59.20582
9.259394,58.774754
10.785101,63.412966
10.964127,61.364787
9.882771,62.812437
11.028033,59.844691
11.160849,59.894343
9.285607,61.917297
7.227899,61.277627
6.002722,58.452662
5.639794,58.630132
8.593742,60.233631
5.980049,62.603129
8.079861,60.625703
6.757783,60.013199
10.098798,59.513566
5.418422,59.767847
8.139159,62.283732
11.346387,59.73311
10.991319,60.189646
6.46071,61.5349
10.298673,59.211724
5.109402,60.053066
10.950841,59.743002
10.254682,59.135148
5.445776,60.195786
6.301008,61.511689
5.187932,59.617607
11.248237,62.707447
11.936104,65.658513
8.119908,62.722692
5.887487,59.725969
7.762513,61.912035
10.538478,59.170094
10.236401,63.34024
6.59941,58.100903
5.231537,59.404394
6.585684,62.34547
6.182062,60.45139
10.599375,61.54915
6.67539,61.179469
8.210521,63.312383
12.197558,62.328346
12.088898,62.362114
9.831153,59.714577
11.49389,64.005933
10.943708,59.033939
7.368467,62.693525
8.052992,63.418558
10.621078,59.976474
11.261792,62.151959
12.069046,62.424498
10.188979,60.655463
8.899762,63.443429
6.232871,61.979603
6.212766,60.092666
6.719273,59.90693
11.019346,59.298198
7.534485,58.191359
10.397703,59.058626
8.707505,62.635387
7.175599,62.174879
8.498835,63.442586
9.206744,59.371142
5.247868,59.472898
10.229305,63.388519
8.859634,63.76531
7.800242,63.407775
5.803251,59.109054
10.666093,63.393496
10.813344,61.244295
10.911476,59.778466
10.118776,59.203534
9.01684,58.568318
9.541087,62.296631
9.841825,63.296466
11.397761,62.581709
11.509602,63.931948
9.3695,58.770544
6.85561,58.883202
8.499168,63.849865
8.450173,63.848253
10.364259,60.474193
11.337907,61.358871
8.997643,58.55704
10.350479,59.385802
6.227822,59.913289
5.582724,58.641615
9.639031,58.896885
9.864813,59.730846
8.603354,58.308836
11.273983,61.894326
10.393149,61.135203
10.68608,59.85192
10.663146,61.544806
7.198111,60.901416
9.100239,63.443429
6.089841,60.780597
11.844745,62.482531
5.1453430000000004,59.798527
11.191877,63.560402
5.328474,59.265806
5.47684,60.887936
5.386918,59.008207
9.619196,62.317839
11.309753,59.557476
10.681822,64.414309
6.531606,60.637981
6.751684,60.102922
11.562962,64.852709
5.369805,59.963104
10.4131,63.373478
8.700821,63.860944
9.365305,62.544473000000004
10.815006,59.270218
7.82473,63.457494
7.493746,60.593896
5.071897,62.005808
7.344536,58.009117
8.595593,59.877892
9.737666,59.673218
10.758772,64.330326
10.679612,64.489862
11.618954,58.94919
10.444029,59.981553
10.859248,59.96658
11.485446,59.768571
7.697044,58.029618
10.489259,63.166407
4.944085,60.601887
6.571994,59.967169
8.119045,63.29488
5.181779,59.198911
10.828957,59.897461
10.395197,61.192238
9.438904,61.792412
4.988489,61.250219
10.80013,59.987233
10.734347,63.421114
5.100455,59.651447
5.804338,59.209554
8.727106,60.480891
11.863313,59.655827
9.652568,60.329204
5.116319,60.001245
8.169719,62.899286
5.337664,59.313051
10.372388,59.215458
11.378951,64.321565
7.550924,62.358872
7.974578,58.095035
8.095402,59.7753
10.445817,63.274724
6.423475,61.9833
9.098694,62.994678
8.296022,63.667024
10.258545,60.160686
7.529634,58.18141
10.98371,59.338783
5.012878,60.411712
5.045316,60.746857
5.169733,59.255595
9.129776,59.411173
10.930952,60.007159
11.413895,59.061397
5.446513,60.523667
7.180989,62.08516
6.285207,58.321434000000004
8.136949,58.108744
10.246885,59.844849
8.695387,60.952188
11.737864,65.841778
8.83591,58.734495
6.928239,62.979533000000004
11.14441,63.966077
6.89766,58.377306
5.268493,60.320896
7.76917,58.409927
11.164855,60.141581
10.916633,62.449629
9.247338,58.712104
11.219383,59.10362
8.876298,60.06679
11.151309,64.055756
10.099031,63.349481
6.012271,58.520986
5.33867,59.70861
5.842193,58.773129
10.456093,59.433072
9.600044,62.301546
10.871726,60.098529
9.893946,58.96771
11.954223,61.918603
10.234578,59.415868
10.882766,62.119475
5.665962,58.753698
8.966902,58.602713
8.332701,62.960786
5.665207,60.169852
11.939526,64.488175
11.614103,60.368063
8.908691,60.877091
8.94687,62.993731
9.493459,62.99385
5.448462,59.337913
10.587113,59.675055
11.352657,63.731731
10.383581,59.125823
10.209227,61.194025
10.471095,62.807515
10.648773,61.217287
10.51425,60.195277
8.63511,62.85192
7.77402,63.397314
7.826967,63.445786
5.374584,59.482338
10.511744,59.523682
9.061216,60.623465
7.737333,58.06371
10.703543,63.433318
10.173915,59.17212
11.10695,60.862713
11.731432,61.247778
9.099,63.084429
12.180338,64.583149
10.438298,59.158159
7.322635,62.984764
7.993901,60.65696
9.280684,61.37868
5.460661,62.051792
10.274131,60.130009
10.776558,60.149013
8.984626,60.9403
10.554684,60.651712
8.097953,63.440617
10.759661,63.612631
6.348987,60.634484
8.216836,60.078832
11.183172,59.186084
10.489475,59.175987
10.749241,64.404209
5.226973,61.30985
5.154946,59.384668
10.953913,59.216635
6.608052,59.913997
10.642341,63.254521
8.991363,58.734597
11.646801,62.790305
8.574348,58.298074
10.444936,63.418272
10.267762,61.381628
8.848415,58.439476
10.01458,60.926264
10.121767,63.135718
10.941911,61.005891
7.776832,61.55304
10.3313,59.666295
11.340952,63.873249
5.581125,59.092663
10.193767,61.355805
5.188894,59.38007
9.743936,61.217499
10.563927,59.702516
10.708161,64.821939
10.192249,62.966691
7.666106,58.021284
10.627977,59.659476
6.35612,59.648402
6.025126,60.178426
11.505793,64.019218
10.187398,59.212166
7.346431,58.020071
8.300577,63.352003
8.106325,63.171406
11.450969,62.793858
11.822799,62.477002
11.749928,61.894618
9.907735,63.620088
8.907236,61.109611
7.930857,62.541847
10.388028,60.238006
8.11353,58.116137
8.289312,62.852407
12.007098,62.334219
10.017446,61.016031
9.39495,60.914541
9.224485,63.093747
10.879335,59.848234
11.146539,60.757786
11.629536,63.8261
9.940407,62.695726
8.873181,58.601979
7.558021,59.037761
9.893667,63.171406
11.200959,64.683452
6.654387,58.076396
7.905282,58.070367
11.873599,61.07909
10.092222,63.170015
5.228087,59.259195
10.590203,61.369673
11.215619,64.862781
8.742593,58.505319
9.092244,60.930053
6.578578,60.010033
12.192429,61.577802
8.850508,61.501567
4.896411,60.544052
10.11636,62.826569
4.981194,60.544493
10.65684,59.502389
5.681242,58.971336
7.217676,58.05632
5.378744,59.312404
10.634149,59.64911
8.902206,62.725413
7.505981,61.038832
8.109083,63.081663
5.674271,60.080212
11.876025,60.748257
5.073918,60.479443
11.84258,62.786485
11.064531,63.62311
8.726351,58.423741
5.923482,59.047096
7.550951,58.169354
9.672421,59.17659
7.886148,63.024496
10.564556,59.542653
8.354485,63.669981
11.574433,63.944155
8.410037,63.752449
6.538163,58.122547
9.660599,61.646691
6.707783,58.125711
12.371616,64.766264
8.899448,63.533175
9.86184,62.094441
5.853719,60.084608
10.69447,60.043966
10.373835,61.156726
11.103545,60.713073
10.721725,59.685063
6.971663,62.351632
8.422541,63.797715
11.048182,59.723551
10.602734,59.658949
8.638838,58.379982
5.485176,62.030949
10.500192,59.276749
6.095267,62.117933
8.008571,59.440737
10.280958,59.799299
10.195645,60.834988
10.628579,59.507541
7.933795,58.097395
10.356776,60.294669
5.687935,59.097536
10.394505,59.076773
9.850701,63.64271
4.894588,60.770167
5.201497,59.736121
5.93269,60.137989
5.725898,59.926545
8.409561,60.575701
9.728063,59.0474
7.11225,58.08001
6.640706,61.171236
5.098433,60.523623
6.377104,62.52132
6.111383,59.191955
8.388342,63.240494
11.051865,59.836649
5.992239,60.537089
10.212336,61.221914
5.43231,60.595942
7.503196,58.767852
5.672196,58.571789
9.549505,62.534225
6.712382,60.522425
9.508308,62.601331
9.188355,60.344039
7.695032,63.061656
11.841978,65.708413
7.630371,61.560668
11.525673,59.019825
8.893914,61.417586
10.557019,64.422366
6.959464,62.531038
8.607954,63.849196
5.338706,59.324716
5.022382,60.67235
5.846478,58.861994
10.553857,63.371368
8.883323,63.73719
8.23562,58.144026
9.351094,63.652002
10.436843,59.418085
8.364196,63.56203
6.588262,60.189503
6.617952,58.155664
8.69606,63.804679
10.327751,59.576519
11.428825,62.52483
5.448183,60.452954
11.248578,59.52298
9.170667,59.402414
9.734423,63.859432
5.214684,59.39077
7.474055,59.309016
5.305738,59.296538
11.710366,59.406492
11.80124,64.403898
7.892409,63.466525
10.177625,63.345383
5.685985,60.284175
8.230634,63.346181
6.675192,58.082817
5.364972,59.376437
6.45109,62.513456
5.836507,60.263917
8.28385,58.180301
10.516586,59.892315
10.969723,59.331741
5.38257,59.296909
5.882681,58.765765
8.434516,63.308017
5.284636,59.371407
10.36972,59.280155
7.203348,58.569362
11.947459,65.672598
7.78092,63.105432
9.749694,58.989455
9.822898,63.743028
10.302859,63.437529
5.447456,58.951266
5.474154,59.362157
10.480114,62.986963
7.096295,62.733213
10.611376,59.807857
5.276623,59.489033
11.857438,60.899755999999996
7.190035,60.913882
6.02483,62.154938
8.913758,58.685175
7.710141,60.024255
5.396683,59.268744
6.585127,59.920323
5.475339,60.181463
9.005027,63.381794
5.225958,60.407134
10.897651,60.88308
8.429512,62.718776
6.991139,62.652266
6.016979,60.268096
10.93645,60.916162
11.361245,59.190897
6.174588,62.607192
9.916413,63.889286
10.766129,59.95822
5.279983,60.256734
10.224202,60.115036
8.429916,59.319216
11.179264,62.48922
8.113206,58.166071
8.783664,62.975316
10.205796,61.104268
11.119742,59.901227
9.300878,60.964158
9.754896,62.819976
4.831176,60.747419
5.298147,59.385972
9.200186,58.667223
11.32807,62.58556
9.095128,58.779466
9.09264,60.997512
6.065488,58.573063
10.461798,63.283016
7.805713,58.046405
6.607082,62.076416
7.987496,58.12313
8.6602,63.866896
10.123609,63.977575
7.705236,63.258079
6.953302,62.620741
9.762783,59.751646
7.011566,58.015365
4.982066,60.639937
7.022535,58.219043
9.027521,59.422499
9.303555,63.712379
6.592871,62.255785
6.902816,60.554497
8.223861,58.682864
10.662086,62.715614
11.071763,62.979533000000004
11.18354,59.117728
10.198843,61.427723
7.931441,63.162704
7.848131,63.431518
11.130405,60.802778000000004
8.340354,58.192704
10.615194,60.753981
8.395834,58.212248
11.611075,64.586989
9.112007,61.077995
10.230841,60.147256
11.540827,59.133719
9.489955,58.876019
4.875337,60.817459
4.88361,60.493277
10.37184,60.653711
6.042329,61.975649
5.273416,59.851753
4.915339,60.52426
5.681952,58.547681
10.3047,63.386217
9.168439,61.048048
10.395367,63.423252
9.274773,60.199286
10.764674,64.850629
9.442641,59.5825
6.556471,62.704185
8.696447,63.712379
9.605299,58.995161
5.225617,59.369563
10.698234,63.34361
11.1422,63.801986
7.911139,63.080281
10.216144,61.373533
8.402455,58.324557
11.536201,63.780162
11.699254,59.03233
5.240619,59.415895
8.552258,60.862368
11.104156,63.252181
5.113642,59.419483
5.135677,59.735297
11.181708,59.884298
12.065883,62.342906
10.482576,61.121348
5.421656,60.562772
8.071974,58.198551
5.862244,59.994952
5.274009,59.435817
6.930377,58.080751
9.299764,63.353397
5.077179,60.436932
10.463657,59.87007
10.964711,59.931703
5.136297,60.065575
9.899237,63.350883
11.128078,59.121315
10.606705,59.89692
9.922638,62.670344
10.795216,64.566515
4.895612,60.515741
8.568796,58.684479
11.614758,60.186024
8.516891,62.365577
8.317537,62.634028
7.423336,61.100452
10.724061,59.881769
10.269046,59.747709
5.981271,60.218893
4.836745,60.797514
10.531247,59.681109
4.912644,60.418467
12.070627,63.625293
5.529472,59.274432
6.28385,58.827881
4.683951,60.770908
6.942594,59.926383
10.221759,61.563496
7.821137,63.466597
9.660932,63.054411
5.428376,59.64857
8.133032,62.273946
8.059271,58.11049
8.838326,63.738779
5.714902,59.057836
8.724824,60.750241
11.137124,63.198541
7.17011,58.09617
7.640764,58.13698
7.408379,62.239095
10.774187,61.575933
10.829424,59.031526
10.574509,59.868293
10.912986,59.122564
10.468167,59.818164
11.059142,62.800137
10.047144,61.913613
12.078649,62.332726
8.97682,61.180366
11.39,62.283415
10.865411,63.445826
11.636911,61.187207
9.721263,61.622557
9.457347,60.659958
8.509552,62.814349
12.380303,64.676629
6.300972,59.014729
8.356317,58.187022
10.512687,63.614995
7.362691,62.266999
5.701122,59.811285
9.114496,59.302693
7.494573,57.962976
5.754617,58.858101
6.556255,58.119103
9.309349,60.448945
5.75945,58.718877
7.138867,58.043889
5.68162,59.058861
5.153779,59.374913
6.66532,60.356233
9.920985,59.900308
5.458801,62.2345
11.010291,59.951316
11.616636,64.02344
6.744928,62.797135
11.866916,65.031251
10.082197,62.900808
10.177984,60.137945
4.944812,60.640598
12.180203,62.359205
8.5192,60.611432
9.437269,59.107988
5.211046,61.975889
6.190407,59.05851
9.508703,63.581865
9.279085,61.199132
8.994552,58.53702
9.093026,61.199388
9.830138,60.92753
7.631961,60.563955
7.975153,63.503989
9.032659,59.69452
8.811188,58.427668
5.958561,58.57243
8.323664,62.364768
7.030224,61.454508
9.281492,61.468451
11.85327,60.8686
12.034694,62.348284
11.408029,59.66159
6.336644,58.314149
8.119782,59.713264
8.435468,63.548044
5.861058,61.881796
10.577573,63.385054
11.602514,64.497351
11.721568,63.597172
5.584485,58.898142
11.07603,59.862769
10.626639,64.844741
9.185471,60.856978
10.196193,62.259708
8.899133,63.622918
6.085062,61.527393000000004
11.722368,61.830942
9.69054,62.603918
5.352189,60.323885
6.864997,59.034581
11.102243,59.582436
10.43095,60.398917
10.774142,59.664748
8.208446,58.220206
6.733161,60.372083
8.839261,58.486181
11.194104,63.913897
9.448633,60.031462
12.589646,64.680186
7.758875,62.001781
8.289474,63.800693
5.654149,58.935254
10.383411,60.922981
10.7807,59.989363
10.750489,61.300085
9.107417,63.498546
8.668536,63.005979
10.640985,59.637715
10.945594,61.21688
5.458828,58.726363
10.296445,59.50719
7.960322,63.495051
10.447362,59.929255
8.996421,59.321902
5.564138,58.768983
5.258271,60.485184
5.00932,60.215635
10.311806,59.72245
6.420367,59.73752
10.991498,64.686421
10.350973,59.532711
8.94325,63.442947
7.097868,58.054528
11.596639,63.727163
11.137582,63.788805
8.000126,62.41803
5.075266,60.647292
6.549033,62.793858
9.582437,62.275914
11.001452,59.349648
8.901604,62.904924
8.173941,62.84962
9.395093,62.452944
11.913691,63.503589
11.46598,62.973198
10.008903,60.74673
5.237448,59.425223
8.311285,62.903275
6.884365,58.083392
12.241504,60.211409
7.452217,58.026907
9.551724,62.218443
10.614691,63.063076
8.257512,62.932104
11.464515,62.3761
5.54698,58.887797
10.667144,62.805331
8.241962,62.919237
5.561668,59.246441
9.56845,62.03081
9.298839,63.263652
7.159213,62.444028
11.833965,62.696838
5.090555,61.951923
5.637665,60.438758
6.419136,60.6199
7.773589,62.909711
7.633793,62.6072
6.862796,62.889028
8.870504,58.514343
7.522861,58.11459
7.940415,62.272609
5.533182,62.224129
10.508223,59.661472
9.635141,62.589109
8.303577,58.181883
10.592224,59.891036
8.733628,62.112631
6.378083,60.275718
9.299881,59.387408
9.131267,58.730541
10.404836,59.265963
9.927516,58.980216
5.42851,59.721263
5.660752,62.407094
5.990308,62.299939
9.595867,59.197734
11.783498,62.158924
6.015999,62.24458
8.532091,62.620791
9.837208,61.196834
8.053837,58.59191
5.426732,60.702889
10.292384,61.316973
7.047122,58.131365
11.359484,59.119212
5.767193,59.01896
11.384134,59.648111
6.683035,61.202058
12.059595,61.796352
5.000212,60.641668
9.23787,63.511154
8.51699,58.336409
10.879128,59.560757
10.185683,60.565699
8.58466,63.771143
7.121853,62.610771
5.602262,59.030001
10.926739,63.558442
7.684647,58.325368
10.45427,64.299408
10.759859,59.978996
9.724506,59.20409
8.714296,58.466933
5.155485,59.39388
9.470507,61.557708
8.720917,61.199132
11.728117,59.375123
9.092505,61.019835
12.207862,64.31427
12.078595,60.489591
10.444784,59.05469
10.839018,59.211044
5.819071,60.443216
6.524724,60.727681
7.80132,63.106936
5.803656,58.735385
4.962752,60.539961
5.360472,60.335411
5.709961,59.721635
11.517534,61.265844
9.701616,63.441742
10.754505,59.89578
5.72119,58.536218
5.190951,62.197945
5.628367,60.528388
10.22723,59.040613
4.908853,60.436058
10.897067,63.486939
5.035228,60.816811
4.963399,60.462535
10.833323,59.883288
10.212677,61.283778
10.894166,64.848708
7.694385,58.365911
8.046614,58.163322
10.131972,59.519782
10.903841,63.430791
11.904582,63.413955
5.373677,59.265637
6.053414,58.497641
8.172666,63.325044
5.142684,61.765952
10.698297,62.676657
6.656579,58.324807
11.06172,60.076175
8.211662,59.221655
5.513805,59.896326
9.274656,59.282486
8.610118,63.170234
9.483829,60.084424
7.758174,63.126714
10.088862,63.080281
10.822606,60.020853
7.513446,58.003225
6.574159,58.217585
8.718509,61.468451
10.368041,60.563955
10.729181,59.97771
11.077045,60.428629
12.019279,63.997648
10.641964,59.432661
5.14696,61.504104
9.076946,63.483386
11.128752,63.681402
10.725166,63.792137
7.532778,62.669544
5.543324,59.702824
8.190506,58.297248
6.634957,61.717658
10.925634,60.736702
6.197504,60.27203
10.173969,60.180347
4.992953,62.032832
10.859069,59.449368
10.881607,59.918328
6.1766,62.493606
8.026133,58.193461
10.652079,62.536172
11.37392,62.455782
10.609337,61.177005
9.677299,59.258194
9.70397,59.00218
12.086311,63.503589
11.663016,62.969622
5.461452,60.429214
12.388927,64.586989
9.902049,63.440617
8.832119,63.729072
10.721797,59.315054
7.958301,63.510116
4.734193,60.662933
10.611062,59.880629
9.674326,62.275016
5.6226,58.801758
5.540854,58.669932
6.156622,60.428669
6.771995,62.438379
9.458631,60.749741
8.043776,62.960063
11.54089,62.002375
9.090717,60.391351
9.741573,59.06118
10.888489,59.049193
10.622686,59.986707
9.100868,63.622918
9.642067,60.748986
5.279147,60.720947
9.30183,60.952423
9.187277,59.36927
6.663838,62.682937
10.621887,59.675295
5.055772,60.068484
10.696366,59.221926
5.621675,62.325383
8.89881,63.712661
10.345107,64.334707
10.184164,60.096025
10.794839,60.03232
8.574949,63.445826
5.565324,58.981415
10.774897,60.783214
5.350159,60.379725
11.386721,64.411225
11.279687,62.609209
8.895028,60.895186
8.01061,58.182414
10.848738,59.390555
7.529751,57.977826
5.522088,59.035584
10.463199,61.093301
11.709189,60.040337
5.982735,58.703071
4.913335,60.902854
6.563846,62.614507
10.718411,60.290485
5.033557,60.492228
10.723136,60.380231
4.980979,61.837302
9.276722,60.9298
11.810726,60.230978
5.041094,60.403297
5.412403,62.266029
8.095114,63.530352
6.103783,59.281641
10.336411,64.155281
11.585258,61.777279
7.793262,63.449151
6.576018,61.091573
5.623651,59.867333
10.234398,60.083322
10.375676,60.743468
11.144122,59.917441
6.775839,59.74402
8.013161,58.07822
11.143646,59.9626
8.87151,58.447135
8.084748,58.133983
5.121843,60.515086
10.152849,59.711537
11.018286,59.277061
4.734607,60.757083
7.605434,58.01251
10.877161,64.562371
5.564821,58.869393
5.504238,58.956746
4.958763,60.562141
11.366464,59.558882
11.695652,64.913219
11.546639,61.624585
5.187447,59.596569
11.077656,59.189457
5.254399,59.428289
10.562903,60.359383
10.528219,59.21372
7.780354,61.463289
5.793945,58.503949
10.047719,59.004414
8.65861,59.880953
7.377154,61.997816
6.772839,61.182457
11.336667,59.218703
5.88975,58.443228
6.605887,58.138886
5.810546,59.117603
7.546576,62.448603
11.560626,64.049121
8.304907,63.172517
5.585985,58.961411
5.125769,60.155161
6.517798,60.817376
7.186343,61.995442
8.977044,58.551683
5.256636,60.270547
9.062501,59.409528
8.27263,63.669033
9.334879,58.923293
9.610159,59.209121
10.771995,59.79704
10.367403,63.245646
9.570597,62.460687
10.229044,59.077682
10.937132,59.75023
12.190983,62.340812
4.955781,60.572382
6.806715,61.838247
10.334866,59.756067
11.076748,59.933809
9.341805,63.129056
8.325074,60.610105
5.618342,59.077812
6.189806,60.361711
6.314339,58.836896
9.08071,59.421928
10.433052,61.118177
9.828414,63.504659
8.980054,59.615063
5.355082,59.712258
12.117016,65.415018
10.679109,60.412093
10.214608,60.0706
10.448646,59.915501
11.805659,64.224641
8.100935,58.150341
6.546958,62.408508
5.894844,59.650009
10.751774,60.042378
5.039127,60.87177
8.705726,62.814895
11.260625,60.282363
9.658695,61.556929
10.910345,59.888773
11.994485,60.540951
10.63855,63.35079
5.230252,60.664984
12.154565,62.315949
6.3464,59.609705
11.60467,60.376812
10.413208,59.290804
9.91317,62.321833
10.946142,60.76227
7.524415,62.897239
9.869556,62.363697
6.578453,62.43515
10.610146,63.380486
10.920271,60.64697
5.7954,58.825054
10.088018,62.841322
11.80212,65.61223
12.376269,63.780269
6.627069,58.202854
8.567359,63.740787
10.594443,63.570068
11.609162,64.053198
10.355464,59.100959
5.201569,59.342608
10.08923,59.260178
7.839615,63.473394
11.068592,60.105854
5.555577,61.372191
6.9777,62.261928
10.315211,63.706697
5.661416,61.966944
8.770351,62.796589
9.131537,58.658734
4.697354,60.783754
5.29838,59.305903
6.05381,62.568498
5.472357,59.513078
11.742445,59.315233
7.835825,63.125345
7.430801,58.00549
7.473723,58.819524
10.585657,61.279937
7.13115,62.892578
6.893474,62.77699
8.689323,63.868846
10.515301,59.293653
7.970787,58.077759
12.026097,62.413908
10.290561,59.142825
11.294132,63.738807
11.164882,60.486622
10.625767,63.042115
10.357791,59.356393
11.390243,59.665052
7.982573,63.494858
8.256461,60.612627
6.120249,58.838671
10.978661,59.920674
10.719228,61.289358
5.156015,59.59786
12.123735,60.106275
8.512516,62.634842
7.90778,63.170015
11.236164,59.923474
6.033211,60.088756
11.060749,63.391847
10.281093,59.526215
6.85331,61.179565
7.404238,58.046989
7.085049,60.557235
10.298789,63.347805
6.348547,58.388326
4.976173,61.173298
10.08676,59.192609
10.145366,63.318821
11.135777,60.78919
6.773576,58.069222
11.704545,63.417883
9.0095,61.850269
5.712306,59.122246
12.449096,63.800451
5.355702,59.307141
6.905925,58.92077
11.402235,62.556722
8.233688,58.233834
10.714278,63.612731
11.179363,64.414449
12.098043,62.324011
10.913731,64.586449
8.703921,62.9944
5.920545,58.49904
5.902929,59.792538
9.737118,62.607911
10.542071,63.413163
6.574464,58.106053
10.529225,60.113183
8.506543,62.99385
11.06984,62.550963
5.57022,59.006056
4.790248,60.586675
11.955139,62.621803
11.402424,64.590535
11.172275,64.324776
8.243714,60.069426
10.15187,62.923653
7.559521,62.179403
6.220312,60.002978
5.325536,59.98109
9.53002,58.885054
10.609714,60.965815
5.799398,59.285064
8.01008,63.305103
10.656274,59.377379
8.62168,58.359116
11.756845,62.470372
10.111509,59.1945
5.100553,60.654724
8.620054,63.865859
5.122005,60.415349
10.157269,62.676051
10.059586,62.272609
10.102463,63.439216
10.442771,63.338499
10.521644,61.364361
7.861714,62.552954
5.568827,59.016828
6.869174,62.086153
6.574671,58.121565
7.56606,62.556275
10.751819,64.386467
5.5393,58.818264
8.324472,58.182092
6.804819,61.989899
5.077772,60.060173
9.818056,63.763444
11.654841,65.035168
5.639866,58.64133
8.307045,63.082769
8.354323,60.928538
10.36222,59.807455
8.035933,62.990741
10.906464,64.965979
5.250958,59.5216
10.562912,59.913204
8.645746,58.38883
5.731404,59.166927
5.744708,59.052408
6.758556,62.617758
9.856441,58.995586
11.326139,63.693913
7.977947,58.061291
10.671662,59.360348
5.09546,60.064872
10.365121,59.370762
9.096053,62.186856
6.947103,62.710441
7.917805,62.900808
10.120025,63.88785
11.024682,59.387943
9.807618,62.903791
10.651594,60.156627
10.445754,59.107541
11.187619,60.401602
10.323313,59.292088
6.8284,60.486281
7.925503,62.113022
4.829316,60.814213
7.703161,58.101653
8.741272,58.684941
8.0963,58.159214
9.087268,59.293345
10.164878,61.208358
5.026865,60.722164
9.441473,59.492705
9.501166,63.442586
4.970432,60.372851
8.843582,61.49205
10.256128,63.293519
10.990277,60.653443
10.585963,59.764694
9.476759,58.925463
10.411286,61.551225
10.751954,59.906074
7.282822,58.271822
11.124036,63.697038
5.320847,59.613136
9.105773,58.699748
4.966058,60.244667
5.304246,60.479147
5.851841,61.971428
11.059923,60.793574
12.076627,61.617049
11.72093,59.285427
8.94731,62.110131
6.279071,59.285427
6.078118,62.549223
10.55162,59.90316
5.566968,58.651856
10.52698,59.178044
10.822804,63.338604
9.320686,62.426173
11.49036,63.981587
10.30347,59.054192
5.857707,62.339716
5.541752,59.627433
8.322163,58.196174
12.117932,65.456157
6.714278,60.641223
8.9964480000000009,58.572042
10.853912,60.667673
10.8292,60.742423
10.701953,61.323087
5.869592,58.432611
10.123789,59.747388
7.079731,60.64697
12.069351,62.392036
10.784239,61.265753
9.61969,59.581781
9.922306,64.068742
7.570211,60.330275
11.923375,61.617049
9.096197,59.790572
8.505007,58.734621
10.785066,59.968198
7.016507,58.036786
10.995918,59.620219
8.535549,58.292725
7.975989,58.138701
9.914113,59.763283
10.195609,61.553408
7.962703,63.040571
11.19997,59.873695
10.754163,59.920854
5.161827,60.673222
6.818447,62.527748
11.511713,62.594009
9.996821,59.823556
5.501292,58.763762
10.532037,63.973839
11.616079,63.813671
9.49195,62.904102
11.692544,61.240025
11.104084,63.427982
5.820319,59.250901
9.695095,63.172517
10.429297,59.432318
5.941906,58.78442
5.13053,59.75861
5.019382,60.539515
5.833228,62.150683
10.517475,63.704707
10.931168,60.022729
11.386577,61.137973
11.261963,62.886818
5.879123,59.815631
7.17939,58.059405
8.465157,62.907764
7.667148,62.955146
11.396782,62.638838
11.138795,61.182535
10.687733,63.164189
10.70163,60.79527
6.145707,60.37318
8.903086,62.456139
7.533371,62.717788
5.828135,58.466365
10.353066,60.204906
5.850665,59.147317
5.663617,58.915697
5.331429,60.261992
7.631763,62.950579
9.922512,62.835696
5.847179,59.724035
5.131869,59.833886
9.643864,60.838761
7.347923,62.536172
11.230145,59.833746
9.449594,60.016301
7.052027,58.041598
7.453124,59.740716
10.546087,60.47221
7.740307,62.450489
8.974646,58.570782
11.255073,62.797135
8.22979,58.413452
11.288724,64.923679
7.756396,58.135823
10.164312,60.304136
5.513904,58.916559
6.200244,62.627916
11.013049,59.041042
11.026227,59.351402
11.363329,61.07551
12.067905,63.682844
11.096988,60.097656
6.717709,58.076234
10.488451,59.423144
5.664677,59.065881
10.760793,61.31129
11.399855,59.584351
8.313046,58.224857
10.737491,60.649467
7.322806,59.482693
11.061495,63.253527
8.302751,63.262258
10.055607,61.56297
9.733956,63.194591
5.473606,59.270677
9.557931,58.840219
5.521773,58.757454
9.608847,59.231256
6.948127,59.836649
5.551768,61.245362
11.055369,60.900927
10.349499,64.424417
8.914414,58.415734
8.500398,63.352841
6.016709,59.992373
11.084052,63.109569
8.970244,60.33213
10.877287,59.874795
8.472874,63.840124
10.911054,59.088843
4.876154,60.526134
5.515674,58.771173
9.432319,58.774288
5.778117,59.171959
5.395641,59.290717
9.227018,58.710149
8.645207,58.504512
6.408222,62.162645
5.334906,59.625089
10.592422,60.147529
9.647502,61.018311
10.056442,62.182861
6.166413,60.630744
11.145964,59.906633
11.85999,62.965772
11.821119,63.369379
11.137573,63.876398
10.465831,59.376048
8.599276,63.865867
5.26084,59.417408
10.014068,59.765246
10.57804,59.171899
10.753032,59.994192
9.164092,58.734495
6.20823,62.248582999999996
10.702519,59.416965
6.057178,59.819736
11.821084,62.772819
10.410468,61.182016
5.240152,59.434223
8.460917,58.307547
10.998568,61.903089
7.914481,62.990545
8.831984,58.652314
8.5806,58.347267
4.889988,60.597578
10.391244,61.102488
5.239954,59.358343
5.21296,60.63873
5.225581,59.520014
7.187124,62.284418
10.306946,59.496503
9.382086,62.55772
10.014113,63.257084
5.598274,58.814975
10.664817,64.533857
8.153729,60.985567
8.321633,62.454523
11.36359,64.142245
9.494977,63.083599
10.37953,60.833228
8.291729,63.710959
9.737271,61.774063
10.858332,61.209604
11.506431,63.914601
6.971798,62.778141
7.542201,62.538334
10.686152,59.662212
11.06543,62.889835
9.083953,61.130696
6.798342,62.079596
8.701163,63.263652
8.560109,63.709518
10.592997,59.420662
5.171296,60.454301
10.76559,59.94163
5.721154,58.83147
9.864391,62.184194
5.186971,59.245095
4.806508,60.80237
8.804235,63.695529
5.772799,59.154701
10.997382,59.941504
10.802843,64.428202
11.552424,63.959472
10.403192,61.371734
9.907277,62.720102
10.431632,59.065544
10.088063,63.557846
11.615037,62.431653
11.15722,61.45167
7.327764,62.895046
7.899488,63.306601
5.587512,59.017859
9.710582,63.697468
5.005341,60.573737
11.125626,59.766698
4.807891,60.558498
10.602824,63.667746
5.271377,60.56622
8.528938,58.271123
8.342178,63.57798
7.152162,62.974594
9.731827,60.855592
10.038862,58.979202
9.429121,59.120577
4.899385,60.32863
11.163562,60.23653
6.731885,58.096915
10.603794,59.638523
10.819067,59.850823
8.905898,61.558482
7.357795,62.356725
7.728862,62.719695
9.099305,63.174179
11.692068,62.602484
9.648373,59.205406
9.935098,59.195714
11.116086,59.886218
9.121134,63.069749
8.931778,61.579409
9.708273,63.710959
10.559238,59.200213
9.990937,62.823106
5.095711,60.041553
11.48594,64.468173
10.233509,59.759745
10.038754,59.748605
8.468652,60.411614
6.595386,58.087424
9.562027,61.410253
4.991965,60.454332
10.393032,59.067313
5.331609,60.381296
8.538792,60.929298
11.008773,59.118701
5.439667,62.230977
8.49155,60.477956
5.275024,60.429103
11.181339,59.195319
8.419999,63.84111
8.556175,63.798203
6.098707,59.19904
5.574612,60.155979
5.107677,59.780758
10.413729,59.611468
9.296988,63.084152
9.692957,63.082769
10.311069,63.616975
10.478192,60.120205
6.542008,60.050654
4.808349,61.224392
6.653974,60.337687
12.362857,64.8559
7.588716,61.551225
8.505025,63.083599
10.215282,63.345411
8.029645,63.107025
7.996452,58.062313
10.805439,64.599554
10.882856,60.654037
10.798388,60.0171
12.139851,63.594975
10.777322,59.80792
5.187169,59.309566
10.772103,61.277627
5.154434,59.73369
9.913502,63.799551
10.71356,60.201429
9.04829,61.032433
11.120496,60.772571
10.708107,59.4296
10.022755,59.984757
7.367542,62.177273
11.809154,61.136595
8.52538,61.827006
7.606844,60.702432
9.819314,63.666841
5.180791,59.232957
7.878575,62.432813
6.384965,62.431653
6.041251,59.999084
10.789413,60.004362
5.466922,59.285688
10.761593,64.56332
11.057956,59.265458
12.261168,63.776459
12.613281,64.411225
8.315471,62.723779
6.961252,62.930628
5.2581,60.391732
9.216499,59.363173
8.456507,63.613701
5.607958,58.959345
10.527519,59.379063
7.908552,58.108763
11.702578,59.181215
5.923356,60.259666
6.183086,62.517539
7.276866,60.380231
6.989648,62.082511
9.394653,63.144055
10.979551,63.348465
10.97019,59.188137
6.166494,62.685513
10.003118,62.795078
5.288777,59.342516
6.132331,59.770072
8.117752,62.466851
11.662773,59.175729
7.875773,63.459272
10.507935,63.525278
12.213117,62.358218
7.945599,63.519363
8.777636,63.65376
10.139851,59.030837
8.854999,58.630417
11.07992,60.285315
10.984941,64.596741
5.407553,59.259227
5.744654,58.833437000000004
10.921888,63.69988
8.229511,60.615223
7.219778,63.001269
9.655174,59.005335
10.678552,59.467796
8.191315,63.351737
10.207287000000001,60.120353
10.368813,59.816132
7.203842,62.09938
5.59866,58.892021
10.522299,63.794418
5.735959,58.82298
10.751522,59.952297
7.749065,58.125953
6.901208,58.085467
10.272487,59.449089
7.142388,58.056762
6.392771,62.341988
8.815357,60.759418
6.983773,58.030641
9.739552,63.613438
5.784243,59.10892
9.84815,63.316195
10.402563,61.166597
9.450977,63.164452
11.017657,59.801197
7.722403,63.056552
10.777232,64.539987
5.079757,60.513588
10.939109,61.189649
7.550241,59.73512
5.641681,62.146168
8.540086,60.839518
6.751765,62.707447
11.100626,63.037916
9.405478,60.170781
10.116458,63.798127
9.910609,63.709821
11.489174,60.907073
6.415876,62.072974
12.058607,63.772469
10.286132,60.107851
10.184757,59.511388
7.207965,62.834756
5.678889,58.77195
9.545022,61.749314
10.551953,64.332661
11.950764,63.862096
11.47357,63.062868
4.965761,60.443189
10.741901,59.34619
5.206716,60.397519
10.939261,59.096032
7.238553,58.031407
5.810303,59.082834
10.533402,60.202942
7.924372,62.721329
11.819664,64.583149
10.896636,64.542628
5.267667,61.32097
10.690671,59.751967
10.405878,59.408357
10.499329,59.256532
6.601135,60.458686
6.696958,58.100756
6.749905,58.117978
4.658169,60.82532
5.279965,59.284491
5.03291,61.003209
11.980867,65.733172
5.902003,59.734174
10.853643,59.480308
6.400523,62.252318
11.73233,65.614511
10.909662,60.467499
5.415619,59.561499
9.451534,59.121333
12.597578,64.590535
8.911934,59.403621
5.13998,60.491326
7.106024,58.063591
5.21084,60.621235
7.545426,62.597705
10.055813,63.625532
10.438693,62.39127
12.195699,65.471947
11.673338,60.90354
8.501952,63.263095
11.504445,63.421528
10.246121,63.356012
5.844125,59.099427
11.401211,59.123477
8.689107,63.814258
11.53349,57.95756
11.98063,58.54895
11.36648,58.11269
12.34593,61.00246
11.66046,57.85034
12.10809,58.45656
11.90849,59.39829
11.57438,58.3317
12.48359,61.65704
11.93833,58.50553
12.13725,63.2278
11.89226,58.22438
11.54465,57.98029
12.2678,59.32963
11.37218,58.23416
11.66698,57.88597
12.15416,59.79238
11.31533,58.46897
11.75537,58.06375
12.3002,59.48085
11.96424,59.2778
11.26502,58.41579
11.43101,58.06952
12.02075,59.8616
11.68455,57.88947
12.23935,59.39221
12.47322,63.15157
12.19281,59.83158
11.53319,58.32208
12.31685,58.91549
11.51661,58.23898
11.82036,58.28792
12.11853,58.50094
11.57374,58.07451
12.44068,63.51379
11.30291,58.50439
12.47021,61.02926
12.24207,59.40442
11.5878,57.88709
11.55616,57.88964
11.5291,57.98553
12.13805,59.49594
12.30736,59.77478
11.70119,57.97788
11.90619,58.33928
12.20671,62.58204
12.12412,59.55766
11.78702,57.99881
11.99385,59.42427
11.90496,59.26967
12.19386,58.45684
11.44236,58.01473
12.44949,60.86876
12.46327,60.89314
12.33859,59.55515
12.27669,60.97118
12.06771,59.74616
11.18298,58.85428
11.96119,58.27636
11.94696,59.70178
11.45471,58.34736
12.48447,62.61302
11.72606,57.99161
11.60797,57.79723
12.38997,62.7043
12.0257,59.48534
11.81551,58.06897
11.63247,58.38133
12.12299,59.64306
12.33896,59.56752
11.58771,58.45248
12.14306,59.34611
12.14058,58.73527
12.12259,59.38357
12.19429,59.80906
11.44906,58.30306
11.68609,58.1892
12.12436,58.42609
11.61201,58.3698
11.24249,58.61528
10.96807,58.88491
11.21701,58.74912
11.14845,58.84606
11.29717,58.61575
12.27827,60.98728
11.95915,58.34837
11.68839,57.98513
12.18723,59.87742
12.32001,61.01052
11.50357,58.55228
11.33646,58.29798
11.45741,58.25005
12.3762,59.50584
12.38305,59.99723
11.93166,59.4144
12.35838,59.75738
12.27276,59.918
12.46932,60.9427
12.12831,62.62708
12.29528,59.76811
12.2732,59.68285
11.37889,58.15805
11.97685,59.87345
11.22765,58.62663
12.49857,61.58963
11.04407,58.89756
11.55938,58.32127
11.45803,58.27699
11.85676,59.12945
12.2922,59.38241
11.54375,57.94674
12.40854,60.76171
12.04725,59.77384
12.34362,59.92764
12.09841,63.2285
11.64259,57.93174
11.71773,58.01997
11.06754,58.5771
12.11288,58.43324
11.59164,57.90056
11.00394,58.90238
11.59368,58.39377
11.92345,59.43967
11.27899,58.60405
12.43732,60.85583
11.57458,58.27083
11.58797,57.87157
12.30593,59.29775
11.60035,58.36178
12.12119,59.68144
11.26161,58.55805
12.04593,59.52341
11.88957,58.74838
11.26796,58.50699
12.0324,58.35352
12.23835,59.8012
11.36875,58.2125
11.76098,58.09116
11.79741,58.02472
11.29081,58.65603
11.18082,58.9355
11.46567,58.47111
11.57541,58.0233
11.66367,57.95733
11.60019,57.77212
11.88424,58.19941
11.14547,58.83304
11.71901,59.02008
12.27233,59.83661
12.22845,59.37736
12.12317,59.6315
12.08628,59.69801
11.6735,58.11428
11.18845,58.9445
11.8482,59.4487
12.29299,62.106
11.86189,59.16291
11.84369,58.13443
12.15774,58.4581
11.86517,59.01792
11.24627,58.38382
11.29516,58.44208
12.47298,60.96077
12.27486,59.61752
11.70297,57.89158
11.8975,59.45503
11.51714,57.96376
12.29511,59.70987
11.83798,59.28367
11.72543,58.33789
12.0906,59.16242
11.76464,58.17475
11.86207,59.64556
11.02854,58.87163
11.77343,58.22728
11.43586,58.26795
12.00075,59.53156
12.30863,59.41418
11.54915,58.07209
12.35568,60.97847
11.6843,58.46498
11.95544,58.53431
11.87198,58.20934
11.38836,58.37593
11.84903,58.17018
11.62716,58.08094
11.36365,58.35811
11.54396,57.85305
11.5647,57.9498
11.25338,58.53589
11.01141,58.8933
11.96744,59.54057
12.18097,59.72864
11.06731,58.83099
12.33025,59.5801
11.4494,58.99557
11.97696,59.83736
11.41619,58.21843
11.7539,58.24125
11.33845,58.69299
12.24591,58.96934
11.93071,58.24279
11.23525,58.41564
11.91145,58.49534
11.76321,58.10762
11.96251,58.58264
11.63233,57.95117
11.61311,57.78203
11.75793,58.67193
11.42262,58.13146
12.22395,58.48283
-5.597613,56.297575
-5.37211,55.755508
-5.462825,56.058674
-5.547042,55.750577
-5.734384,55.709051
-5.508893,56.396773
-5.474136,56.184226
-6.401636,56.320583
-5.437217,55.951501
-5.529188,56.493296
-4.959543,55.990878
-5.60455,56.027637
-5.547652,56.238329
-5.034268,55.86995
-6.069133,56.624686
-5.550799,56.502794
-5.427415,56.563126
-5.679624,55.320901
-5.454801,55.968991
-5.471461,56.55516
-5.608154,55.721821
-5.629014,56.287666
-5.678309,55.620827
-6.183975,56.74621
-3.714793,54.988745
-6.16688,56.289158
-6.418099,56.309779
-6.148489,57.586234
-6.349281,56.386573
-5.221342,56.308131
-4.650183,55.593578
-4.038771,56.163588
-3.600777,54.886196
-3.664832,54.932791
-6.237313,56.329888
-3.707151,54.890796
-6.242828,56.607972
-6.118719,56.695983
-3.692253,54.800248
-6.097481,56.450275
-6.383306,56.349651
-3.660907,57.259513
-1.747783,55.607519
-4.807373,57.043221
-4.241179,55.915716
-5.116713,55.481322
-5.354166,55.525947
-3.743928,54.863321
-4.277994,55.876259
-5.205958,55.995636
-3.424944,57.712727
-5.727926,55.725979
-3.624349,54.91734
-2.265103,55.594979
-3.728856,54.949467
-3.625239,54.834389
-3.996198,55.700592
-3.800714,55.675719
-3.663775,54.946505
-5.655437,56.457203
-2.133947,55.829087
-3.764803,57.604501
-4.318454,55.894537
-6.392161,56.330478
-5.741652,55.6702
-4.774944,55.108098
-6.403806,56.345886
-5.761122,55.651488
-3.742222,54.819432
-2.683625,56.061734
-5.513458,57.273543
-4.266067,54.958485
-3.809973,55.235759
-2.494588,57.552636
-3.409115,57.217831
-4.258437,57.564849
-2.231644,55.594908
-4.618991,55.459277
-3.02621,55.334731
-3.436202,55.119409
-3.82648,55.594999
-3.035606,55.694089
-4.796427,55.05981
-4.795204,55.266599
-4.752493,55.218129
-1.752014,57.40515
-1.918037,57.585017
-3.375854,56.319741
-2.866631,55.246107
-2.900169,54.989752
-5.174486,56.556364
-4.076088,57.298427
-2.39839,55.607957999999996
-4.312735,55.766545
-3.590118,57.575034
-1.613594,55.513651
-2.709357,55.247122
-4.883551,54.855499
-2.410687,56.7759
-3.202943,55.962133
-6.503688,58.134231
-4.271137,55.048276
-4.323431,55.946095
-2.923705,57.671494
-6.854323,58.211296
-3.258912,57.668602
-3.170605,54.884101
-3.865016,56.403201
-6.481173,57.955148
-3.679402,55.866697
-2.789423,56.303754
-3.967128,55.233326
-4.562288,55.316658
-2.754215,57.582791
-3.847645,56.044015
-3.338378,55.241844
-3.0193,55.065198
-3.06496,57.055024
-4.012744,56.131298
-4.556382,55.46959
-3.34751,55.511338
-3.720232,55.160666
-3.656532,55.32781
-6.649584,57.949088
-2.872546,55.515643
-3.533561,55.612493
-3.869422,56.492993
-2.141979,57.11337
-2.860814,54.976558
-2.722454,55.965887
-2.720784,55.876046
-3.078022,57.22111
-2.418728,57.494524
-3.519675,55.868773
-2.084861,57.405365
-3.085951,57.490543
-3.065111,56.772028
-3.971575,55.32313
-4.178592,56.218353
-6.515047,58.223768
-2.582689,57.314216
-3.96078,56.532021
-2.24132,55.87792
-5.569186,55.556618
-6.672938,58.128128
-1.629597,55.49573
-4.003413,55.951716
-3.326438,54.882499
-3.908984,55.822909
-2.579862,57.134567
-2.746866,57.223516
-2.247654,56.866166
-5.329015,56.462419
-4.790325,55.756623
-3.703065,56.405531
-4.110014,54.961295
-3.793831,54.876494
-4.30216,55.586988
-4.876862,56.923138
-4.649461,56.029395
-2.248849,57.04583
-2.238029,55.33881
-3.848369,55.55423
-3.691132,56.136121
-2.824988,55.134068
-2.743256,57.043871
-4.896438,55.034995
-3.989614,55.682332
-2.873306,55.906506
-3.555782,56.766871
-4.066028,57.118886
-5.426595,55.740513
-6.68472,58.217644
-3.183815,55.333305
-3.66029,55.417628
-6.704826,58.176426
-4.637227,55.849891
-3.062574,56.682207
-3.225759,56.680708
-3.023893,55.244888
-4.740162,55.038616
-4.471965,55.763444
-2.084241,57.13588
-3.638053,54.878695
-3.878309,56.672574
-7.023852,58.204723
-5.045869,54.941439
-6.998674,58.025778
-4.188842,56.397907
-4.356261,56.484707
-3.832366,55.329343
-3.256254,56.37043
-4.119484,55.140894
-2.059438,57.12242
-3.372633,56.229924
-2.251283,57.405142
-3.219957,56.501072
-3.502379,55.419670000000004
-3.379094,56.409557
-4.941097,55.110339
-2.748687,57.313337
-3.391059,56.53746
-4.124258,55.230691
-2.91245,57.222422
-3.178486,55.153628
-4.524445,56.571274
-2.253146,57.674613
-3.621438,56.581839
-3.77479,55.24032
-2.756079,57.672607
-2.419759,57.584346
-4.48916,56.032736
-4.842812,56.474515
-2.851611,55.646082
-4.465669,57.538507
-2.250059,57.225489
-2.41466,57.135222
-2.327224,55.639617
-4.143627,55.589863
-3.81818,55.415382
-2.862742,55.066409
-2.420797,57.674166
-3.544731,56.497457
-3.033237,55.604251
-3.516177,55.778956
-4.601345,55.311337
-4.105319,54.871493
-4.829465,56.295053
-2.908041,57.042785
-6.537971,58.402834
-2.52944,57.651302
-3.012036,56.318756
-4.619134,55.580622
-3.363077,55.960465
-2.247061,56.776332
-3.586212,57.485244
-3.498978,55.329845
-5.032365,54.761964
-4.896081,55.138388
-2.026543,57.311072
-3.240564,57.129771
-4.45506,55.494136
-2.712576,55.426821
-4.163436,55.94901
-4.803224,55.936107
-2.24021,55.698222
-2.559677,55.787033
-3.757238,57.572819
-4.674352,56.388382
-4.12906,55.320486
-2.707761,55.157271
-3.715205,56.674927
-4.350711,56.394943
-4.443947,55.31459
-2.2519,57.494967
-5.040906,56.919252
-3.344449,55.421508
-2.411672,56.865733
-3.552077,56.677068
-2.109036,57.140352
-3.801857,55.05613
-6.19671,58.414486
-3.02159,55.155044
-5.182025,56.646064
-4.572351,54.862494
-3.664069,55.507445
-4.512548,56.391768
-4.345192,56.305177
-1.629175,55.540656
-3.088626,57.580352
-3.017022,54.975351
-3.1974,55.782475
-3.249657,57.399193
-5.336893,56.552107
-5.039098,54.851702
-4.680664,56.478124
-3.117179,54.925045
-4.734048,54.948857
-5.252664,55.565436
-6.817926,57.942806
-3.66787,55.59726
-2.400223,55.787656
-2.838362,56.508727
-4.046259,56.759785
-2.23966,55.608371
-3.038713,54.907767
-5.577348,55.646295
-2.901522,56.773318
-3.048802,56.480174
-5.245264,55.475727
-3.54109,56.40765
-3.080649,57.310923
-5.458428,56.099255
-2.575684,56.865084
-4.416703,54.865693
-2.752361,57.492975
-3.05257,56.322911
-3.252724,57.488997
-5.10142,55.65926
-4.836119,56.384785
-2.413658,57.045394
-2.080927,55.608579
-4.506651,56.302012
-3.19192,55.602811
-3.194653,55.692644
-3.771451,54.899292
-3.999813,56.037149
-3.074674,56.246349
-2.868591,55.335953
-2.88059,55.875006
-3.526732,56.048405
-3.711135,56.58513
-2.562269,55.966722
-2.425242,57.337304
-3.675536,55.776886
-3.641708,54.968521
-1.918237,57.495193
-5.052678,55.031173
-3.419478,57.487231
-1.922895,55.249161
-4.567188,57.19949
-6.186072,58.324914
-3.181143,55.243467
-4.822848,56.205319
-2.250669,57.315316
-5.403188,55.471434
-4.655631,56.119144
-1.765597,55.24896
-4.438437,55.224814
-3.072812,57.041481
-2.741467,56.954046
-4.153475,55.76944
-2.558392,55.697187
-3.805903,55.145945
-2.009951,57.338023
-4.75871,55.307882
-2.899374,56.683493
-2.417702,57.4047
-2.717473,55.69636
-4.625131,55.67038
-4.01745,56.221087
-1.918437,57.405367
-2.401147,55.877503
-4.149946,58.555037
-4.494957,56.122496
-3.42649,57.666823
-4.328825,56.035868
-3.834874,55.77461
-3.55441,55.73804
-6.526474,58.313302
-4.411345,54.775909
-4.286518,55.317639
-2.710962,55.336972
-2.085491,57.674838
-3.830665,55.684806
-6.842118,58.121802
-3.359929,55.870643
-3.945262,54.784281
-3.447055,56.278496
-3.028539,55.424573
-1.725995,55.289314
-2.415668,57.22505
-3.037988,55.783924
-5.410947,55.561129
-2.395679,55.338401
-5.267589,55.744849
-3.341405,55.331677
-1.750795,57.584798
-3.774979,55.279862
-4.74631,55.128373
-3.495596,55.240018
-1.943449,57.373942
-3.85195,56.133814
-4.566649,54.77272
-4.883792,57.012857
-2.55458,55.42764
-4.307432,55.676767
-3.472102,55.667164
-3.789851,54.786674
-3.860636,56.313407
-4.318068,55.856321
-3.707088,56.495331
-3.530291,56.138218
-3.512698,55.689136
-2.745056,57.133694
-2.084037,57.046049
-3.80467,55.274933
-4.594356,55.324969
-5.194608,54.847707
-4.183702,56.30813
-3.756534,55.290014
-4.291702,55.407424
-6.207413,58.504056
-3.079707,55.850957
-4.483395,55.942973
-2.184463,55.684841
-3.23459,56.95015
-3.186501,55.423142
-4.296916,55.497206
-2.24825,56.955999
-4.199209,56.577454
-3.797833,54.966313
-4.16846,56.038792
-5.087298,55.479816
-3.270908,54.851638
-3.350588,55.601166
-3.509239,55.599316
-6.829986,58.032305
-3.175844,55.063787
-2.252521,57.584791
-4.486957,58.459103
-2.273208,56.996371
-2.239113,55.518519
-1.92237,55.518728
-2.574307,56.775254
-5.16699,56.466663
-2.081301,55.788281
-2.750519,57.403156
-4.607242,55.401101
-2.870563,55.425799
-4.449488,55.404364
-3.843364,55.954215
-2.73792,56.774393
-4.339705,56.215409
-4.97687,56.111814
-3.255809,57.5788
-3.6872,56.046314
-3.671692,55.687074
-4.056086,56.939339
-3.412549,57.307633
-4.869973,56.833417
-2.910239,57.132604
-2.714199,55.516669
-4.022183,56.310874
-4.361844,56.57447
-3.173217,54.973945
-2.397481,55.518107
-3.822318,55.505192
-4.668076,56.298638
-4.466298,55.673676
-3.091063,56.255191
-5.189608,56.735762
-4.173511,56.128573
-2.240763,55.788072
-2.555844,55.51749
-2.588443,57.673497
-2.87454,55.605486
-3.756648,56.33739
-4.252894,57.475094
-7.011225,58.115252
-4.889977,54.945248
-4.631162,55.760137
-4.764962,55.397634
-4.081162,57.388195
-4.33425,56.125639
-4.91604,55.304225
-2.108322,57.178531
-1.751406,57.494975
-1.786416,55.619652
-3.246608,57.309387
-3.356797,55.780819
-4.138744,55.500072
-3.53747,56.317841
-2.396577,55.428254
-2.772647,56.473216
-2.557114,55.607339
-2.586991,57.583679
-4.90947,55.214483
-3.398933,56.948419
-2.084653,57.315538
-2.736161,56.684564
-4.19401,56.487681
-3.814065,55.325571
-2.914675,57.312239
-3.030881,55.514413
-3.652795,55.23799
-2.585549,57.493859
-3.542295,56.537471
-3.189203,55.512977
-5.338582,55.549637
-5.20888,55.027151
-2.878562,55.785167
-3.803749,55.289326
-4.026943,56.400659
-3.07023,56.951665
-3.040384,55.873759
-1.918635,57.31554
-2.917641,55.0705
-4.261025,54.868693
-3.416004,57.397432
-2.416682,57.314876
-4.997848,56.380977
-2.085069,57.49519
-2.469227,55.558287
-3.762938,55.061193
-2.719124,55.786204
-3.237569,57.039961
-1.993346,57.302092
-3.958309,55.053713
-2.249452,57.13566
-2.084446,57.22571
-2.715832,55.606515
-3.856281,56.223611
-3.200164,55.872304
-2.412662,56.955564
-4.556963,55.478567
-4.425441,57.561751
-3.356955,57.375623
-3.699064,56.315729
-3.574633,57.215865
-2.581271,57.224392
-6.175497,58.235339
-4.10065,54.781689
-2.572939,56.685422
-3.21708,56.411253
-4.59553,55.342922
-3.353684,55.690993
-2.174959,57.104345
-3.976047,55.412933
-3.649078,55.148168
-2.864681,55.156258
-2.081114,55.69843
-4.643327,55.939644
-3.22285,56.590891
-4.613171,55.490862
-2.56097,55.876878
-3.608084,55.881129
-4.281362,55.227853
-3.083292,57.400734
-4.276155,54.998745
-2.897238,56.593666
-3.808144,56.741003
-4.902936,55.12474
-2.553324,55.337788
-4.276235,55.138066
-4.623166,55.522109
-3.095662,57.410688
-4.1507,55.7558
-2.130286,55.899513
-4.329,56.341
-3.3119,55.0456
-3.8771,55.3379
-2.134095,55.606286
-3.174728,56.0882
-3.079834,56.142977
-3.20855,56.141785
-3.398343,56.049927
-2.826625,56.342594
-3.049123,56.197152
-2.860594,56.414238
-3.561732,56.119853
-2.892584,56.396043
-3.277676,56.284853
-3.397694,56.031963
-2.794274,56.342805
-2.952889,56.2159
-3.494636,56.048798
-2.828573,56.432425
-2.989301,56.37734
-3.720891,56.081793
-2.72718,56.217434
-3.366244,56.050286
-2.631033,56.2539
-2.696565,56.307455
-3.051582,56.28698
-3.658192,56.118595
-2.631329,56.271867
-3.182447,56.339709
-2.861,56.432205
-3.048143,56.16122
-3.149022,56.304084
-3.214791,56.339396
-2.957824,56.413526
-3.302044,56.050981
-3.596119,56.173328
-2.599318,56.289995
-3.147945,56.268154
-2.890906,56.324179
-3.047654,56.143254
-2.924543,56.37784
-3.021198,56.359112
-3.144727,56.160363
-3.397045,56.013999
-3.017849,56.233353
-3.115138,56.250484
-2.956022,56.341663
-3.338504,56.176387
-2.598756,56.25406
-2.696893,56.325422
-2.955573,56.323697
-3.243048,56.213324
-2.729229,56.325236
-2.792041,56.235005
-2.85656,56.234575
-3.401603,56.139745
-2.985592,56.233614
-2.891744,56.360111
-3.269943,56.051315
-2.823145,56.180893
-3.272904,56.141138
-2.827403,56.378526
-2.957373,56.39556
-3.245379,56.285182
-2.662999,56.235763
-3.68877,56.082237
-2.759426,56.21724
-3.213081,56.285502
-3.019759,56.305215
-3.021679,56.377077
-3.211377,56.231609
-2.599036,56.272028
-2.823915,56.216827
-2.98467,56.197682
-3.497422,56.12065
-3.593886,56.119442
-3.117757,56.340309
-2.986979,56.287512
-3.083883,56.286701
-3.018325,56.251318
-3.21081,56.213644
-2.987906,56.323443
-3.055049,56.412737
-3.301439,56.033016
-3.527442,56.066367
-2.855359,56.180674
-2.954676,56.287765
-3.40095,56.121782
-2.826236,56.324627
-3.274688,56.195032
-3.369429,56.140106
-3.178021,56.195991
-2.694935,56.217619
-1.951059,55.691934
-2.969171,55.031908
-3.007749,54.917015
-2.662011,55.000718
-2.977201,54.976127
-2.944652,54.920667
-3.054072,54.898648
-3.261966,54.939355
-3.364331,54.850624
-2.96117,54.926379
-2.914365,54.92674
-3.250179,54.911617
-2.932006,54.913576
-3.328103,54.814627
-3.210065,54.926402
-3.140685,54.901011
-2.946624,54.971426
-4.422091,54.955476
-3.488888,55.06036
-3.949587,54.874093
-3.492232,55.15019
-3.329398,54.972337
-3.645383,55.058346
-3.953936,54.963904
-3.335368,55.15201
-4.114736,55.051095
-3.332374,55.062174
-4.460663,55.583907
-4.417602,55.95372
-4.181902,55.835894
-4.541493,55.851907
-4.697437,55.831057
-4.177654,55.931234
-4.458297,55.913368
-4.662541,55.881255
-4.275459,55.741042
-4.982683,56.038278
-3.991775,55.771718
-4.336968,55.838437
-4.610471,56.081908
-4.264003,55.792168
-3.921418,55.735093
-4.024566,55.973388
-4.46658,55.842197
-4.020253,56.381448
-4.265602,55.804587
-4.665449,55.795351
-4.722534,56.041286
-4.257859,55.906422
-4.687158,55.774654
-4.388513,55.832504
-5.327009,55.809019
-3.849658,56.002199
-4.044537,55.667948
-4.550354,55.865206
-4.258965,55.813966
-4.451122,55.875762
-4.540321,55.833955
-4.282677,55.920345
-4.144279,55.747132
-4.277655,55.862019
-6.382227,56.29249
-4.315694,55.829852
-4.714652,55.699892
-4.38258,55.885602
-4.132246,55.83317
-4.313023,55.905847
-4.871007,55.910724
-4.435143,56.18166
-3.760439,56.015187
-4.29545,55.879214
-3.956255,55.985276
-4.292746,55.928246
-4.254941,55.856146
-2.583725,56.644046
-2.167655,57.335926
-1.847877,57.569233
-2.34604,56.863237
-2.982646,57.402008
-2.539904,56.643516
-3.431934,57.402238
-2.673852,57.013648
-2.424811,57.371889
-3.095439,57.667877
-2.828007,57.33395
-3.340818,56.611238
-2.388923,57.110269
-2.978229,57.423602
-3.075099,57.015094
-2.215591,57.099979
-3.763122,57.29193
-2.642395,57.130804
-1.955065,57.39281
-3.305822,57.317321
-2.546951,57.311232
-2.813902,57.462877
-3.790209,56.778497
-2.574681,56.977113
-2.625556,56.779212
-2.673308,57.480621
-2.935502,57.31523
-3.684424,56.672041
-2.74641,57.241935
-4.075381,57.067856
-2.191981,57.222761
-3.56678,56.755951
-3.072181,57.028146
-3.828614,57.17368
-2.384871,57.311483
-2.077008,57.327355
-3.895105,57.159333
-2.627901,57.044503
-3.970253,57.104803
-2.72032,57.517864
-3.638237,56.612618
-2.813075,57.610901
-3.868267,57.160625
-2.622309,56.610619
-2.112507,57.41181
-2.634304,56.936669
-2.551488,57.347027
-3.026722,57.311824
-4.035841,56.998256
-2.165013,57.039186
-3.653132,56.63466
-1.858529,57.512162
-2.530722,56.707215
-2.059792,57.696724
-2.950393,57.441782
-2.138583,57.154561
-3.572408,57.585093
-1.976665,57.43683
-3.261572,56.582552
-3.257644,57.653747
-2.582877,57.087786
-2.110352,57.055326
-3.429772,56.375783
-3.051258,57.534271
-2.21896,57.161723
-3.250722,56.411592
-3.643091,57.509267
-3.625287,57.65306
-3.36423,57.421496
-2.062539,57.237355
-2.578461,57.044741
-2.902411,57.091965
-2.387917,57.499562
-1.906632,57.525644
-2.970446,57.532115
-2.612595,56.71488
-2.421715,57.069873
-2.914153,57.10037
-2.367386,57.289374
-2.569057,57.062427
-3.531877,57.025072
-2.80862,57.410136
-3.308551,57.003438
-2.190011,57.30661
-2.889317,57.396414
-2.862006,57.047602
-2.388506,57.30203
-2.644767,57.239578
-2.324961,57.15525
-2.198479,57.273316
-2.181243,57.234752
-3.330098,57.345814
-2.70816,57.10491
-2.193607,57.670676
-3.083357,57.072519
-3.226075,57.388671
-2.128041,57.22243
-1.876709,57.54106
-3.395736,56.997016
-2.094589,57.306018
-2.823471,57.539241
-2.061449,57.308877
-2.159318,57.113799
-3.924792,57.129212
-2.520356,57.601936
-3.098258,57.622489
-3.942151,56.766537
-2.64472,56.664705
-2.234871,57.233118
-2.34951,57.234234
-3.582469,56.555161
-2.9919,56.635847
-3.737322,57.242021
-3.504888,56.629533
-2.679484,56.632824
-3.012852,56.505045
-3.115718,57.599474
-2.426778,57.061205
-2.380947,57.399023
-3.001058,57.588712
-2.698361,56.710431
-2.52072,56.798892
-2.803918,57.067303
-2.800678,56.751681
-2.120787,57.525028
-2.591615,56.788514
-2.41708,57.276697
-3.504461,56.594227
-2.503987,57.198181
-2.603465,56.588476
-2.5724,56.709097
-2.667534,57.03509
-3.243464,57.464429
-2.579371,56.843641
-3.998563,57.039336
-2.512737,57.208566
-4.044116,56.709814
-2.579922,56.999961
-2.605037,57.206197
-2.042106,57.33268
-2.177316,57.117439
-4.109584,57.055792
-3.833528,56.758603
-2.781134,57.506786
-2.043436,57.655475
-2.450057,57.056946
-2.649905,57.06348
-1.990851,57.324998
-2.707715,57.06597
-2.390688,57.446556
-2.113632,57.323905
-2.123954,57.351526
-2.584838,56.715912
-2.772074,57.494239
-3.147001,57.575344
-2.871468,57.131326
-2.005446,57.639036
-1.834129,57.51533
-3.195997,57.514252
-3.855204,57.123316
-3.295579,57.309341
-3.586177,56.984863
-3.659517,57.299881
-2.690206,57.514439
-3.12502,57.087712
-3.760671,57.226017
-2.803741,57.515564
-2.74297,57.070823
-3.652359,57.656887
-3.666119,57.5014
-3.47085,56.589714
-2.648992,57.121661
-2.693834,57.52969
-2.529907,57.164882
-2.744155,57.088783
-2.875334,57.078143
-3.76004,57.440262
-2.396245,57.344136
-2.906716,57.067562
-2.915564,57.581276
-2.640934,56.724198
-2.56359,57.259507
-2.176216,57.010991
-2.805586,56.657021
-3.181495,57.496826
-3.450326,57.40059
-2.320441,56.813671
-2.234995,56.978977
-2.610289,57.141295
-3.23113,57.657601
-2.271899,57.233932
-3.653829,57.227874
-2.265635,57.030749
-2.293565,56.853714
-3.552846,57.325878
-3.166249,57.646449
-2.491908,56.83674
-2.511847,57.054463
-2.326356,57.677724
-2.105079,57.52073
-3.597295,57.496469
-2.623293,57.09901
-3.461324,56.813881
-2.447231,56.883533
-2.964315,57.435882
-2.211423,56.970934
-2.296496,57.078739
-2.501611,57.321842
-2.645163,57.018273
-2.593956,57.265502
-3.323921,57.018999
-2.168127,57.199305
-2.118515,57.468207
-3.791276,56.748004
-1.980877,57.376872
-2.441577,57.138328
-2.80429,56.705687
-3.768417,56.713269
-2.889024,57.453009
-2.52341,57.523326
-3.998527,57.091731
-3.965558,57.526442
-1.892094,57.506824
-2.48288,57.226803
-2.296145,57.12167
-3.874091,56.768333
-3.713209,57.298415
-2.737111,57.211043
-3.172052,56.678979
-2.205489,57.400285
-2.755501,57.520596
-2.606706,57.512174
-3.378191,57.078966
-2.969836,57.010878
-3.410785,57.261987
-2.894006,56.900278
-3.195766,57.485238
-2.501437,57.068582
-3.137592,57.223334
-2.359102,57.162711
-2.909386,57.568295
-1.820085,57.540273
-3.179546,57.088424
-3.877721,57.11519
-3.731866,57.258196
-2.921989,57.554316
-1.891985,57.628562
-3.436303,56.422385
-2.200384,57.379633
-2.601708,57.017753
-3.825368,57.184662
-2.619642,57.015689
-3.011882,57.375905
-2.972828,56.644182
-3.385716,57.570453
-2.339966,57.54641
-2.562702,57.163167
-3.600042,57.22902
-3.485198,56.410263
-2.153761,57.147537
-2.590299,56.798492
-1.792987,57.517506
-3.265211,57.596718
-2.497803,57.033634
-2.712236,56.528246
-2.660245,56.641912
-3.664078,57.607187
-3.036444,56.684718
-3.658949,56.451281
-2.916333,57.448816
-3.626357,57.243505999999996
-3.41952,56.457126
-4.201873,57.083775
-2.005794,57.314219
-3.38046,57.339477
-2.564777,56.788908
-1.93308,57.360507
-3.602196,57.623439
-2.035025,57.518218
-2.465568,57.172557
-2.633837,57.054354
-2.282309,57.213195
-2.127917,57.363199
-2.78171,57.533731
-2.576606,57.190727
-2.166664,57.311548
-3.086136,57.356242
-3.246852,57.683544
-2.83217,57.554455
-1.825348,57.557527
-2.707079,57.085395
-2.350621,57.417292
-2.380365,57.16608
-4.079153,56.807316
-1.938615,57.520553
-2.25339,56.984079
-2.11247,57.437905
-3.151884,56.586627
-2.228212,57.066818
-2.381667,57.322667
-2.70079,56.97674
-2.559887,57.052407
-2.343725,57.105631
-2.01828,57.382935
-3.037305,57.362789
-3.969306,57.090693
-2.2199430000000002,57.02101
-2.235524,57.091337
-2.359464,57.15061
-2.047307,57.398576
-2.672726,57.244597
-2.944814,56.607689
-3.141021,56.597338
-2.429798,57.154099
-2.73898,57.201851
-2.555103,57.521394
-2.187759,57.414927
-2.77908,56.707662
-3.746027,57.250885
-4.057812,57.066339
-2.549907,57.175576
-2.009761,57.555536
-2.642781,57.213986
-3.808256,57.557949
-3.264031,56.56109
-3.279984,57.683797
-3.099657,57.638332
-3.186472,56.50827
-3.108467,56.446637
-2.919939,57.526044
-2.635125,56.786683
-2.360392,57.067612
-2.256529,57.083993
-2.36191,57.138754
-2.548858,56.718816
-2.774598,56.652483
-2.689473,57.063089
-2.480388,56.820255
-1.783883,57.504466
-3.422335,56.532388
-3.089614,56.524701
-2.406173,57.332921
-2.530874,56.717995
-2.371873,56.987134
-2.336868,57.073966
-1.700301,57.02151
-2.714773,56.636939
-2.164316,57.395342
-2.569187,57.568041
-3.282089,56.573025
-2.502376,57.14658
-2.514995,57.027069
-2.971838,57.503449
-2.71779,56.709899
-3.502457,56.475962
-3.025002,57.195682
-2.565763,57.01607
-2.558,57.077129
-2.239931,56.940743
-2.491958,57.046458
-2.44863,57.243145
-4.124939,56.704552
-3.75361,57.237796
-2.460653,57.229366
-2.622738,56.63667
-3.316173,56.533684
-2.814331,57.121046
-2.455936,57.327576
-3.064271,57.545777
-2.304893,57.565722
-2.403789,57.425855
-4.096955,57.459859
-2.974215,56.718157
-2.183636,57.189672
-2.869111,57.245637
-3.207919,57.387499
-2.177705,57.370433
-2.699419,57.009789
-2.618698,57.257891
-3.901993,56.187466
-2.405745,57.114617
-3.105039,57.183144
-2.090121,57.17585
-2.288882,57.109336
-2.574616,57.357524
-2.404625,57.030053
-3.029609,57.229206
-3.116595,57.67443
-2.121056,57.399901
-2.816849,56.698085
-1.997192,57.353752
-2.105265,57.16796
-3.272284,57.307782
-2.924965,57.060628
-2.778704,57.515721
-2.136889,57.344254
-2.478567,57.541469
-1.812853,57.520645
-2.484034,57.070744
-3.698033,56.679611
-2.503136,57.669509
-3.105007,57.051757
-2.631998,57.251501
-3.248662,56.432817
-3.030937,56.81162
-2.647823,56.811143
-2.498341,57.18446
-3.466939,57.549619
-2.547288,57.205366
-2.971601,57.062745
-3.560106,56.573145
-2.54521,57.154261
-2.090714,57.584427
-2.967131,57.668519
-2.248245,57.534003
-3.120792,57.622965
-3.004354,56.583009
-4.02211,57.085907
-3.4423,56.548601
-1.949098,57.497455
-3.819811,56.405085
-3.662616,56.648236
-2.701116,57.186401
-2.867322,57.21958
-2.7694549999999998,57.234609
-2.775054,57.003019
-2.3314,57.041659
-2.060126,57.544608
-2.121884,57.298601
-2.817676,57.578803
-2.83903,57.636162
-2.990549,57.509744
-3.769309,57.218223
-3.765368,56.525966
-3.880423,57.253437
-2.527179,57.018448
-2.524168,56.646971
-2.535999,57.335417
-3.947418,57.105438
-2.537011,57.256784
-3.041348,57.482511
-2.947946,57.218117
-1.862986,57.610336
-4.106232,56.808209
-2.615421,57.111032
-2.511506,57.228451
-3.44267,56.808437
-2.794688,57.493838
-3.204499,57.620174
-2.507702,56.774627
-3.177931,57.153509
-2.130644,57.386767
-2.432807,57.485942
-2.832981,57.619952
-1.960802,57.490138
-2.65691,57.340979
-3.279625,57.072016
-3.529087,56.424771
-3.130749,57.567298
-3.627589,56.603746
-3.624237,57.303405
-3.193236,57.523756
-2.835989,57.469479
-1.914638,57.42174
-3.014835,57.569863
-3.037503,57.664324
-2.951694,57.552757
-1.991926,57.345074
-2.300248,57.460413
-3.064013,56.463828
-3.129247,56.611048
-2.241294,57.278056
-3.088455,56.450229
-2.376919,57.054897
-3.620521,57.223816
-2.534011,56.82399
-3.83372,56.794407
-2.523111,56.782531
-2.707981,56.718193
-3.170016,57.484851
-2.27231,56.986043
-3.163587,57.58422
-2.966111,56.372806
-2.688097,57.451167
-2.823491,56.650821
-2.862021,57.34293
-3.675501,57.280191
-2.469702,57.495107
-3.63616,57.202949
-3.140558,56.53224
-3.16261,56.59924
-2.587579,57.368872
-2.497284,57.566548
-2.11074,57.449548
-2.174699,57.224269
-4.695681,57.620972
-3.524233,56.996514
-3.331674,56.998567
-2.889749,57.688355
-2.643861,57.141001
-1.810805,57.461393
-2.216893,57.415141
-3.947489,57.121889
-2.161008,57.179857
-3.359264,57.432618
-3.777063,57.103549
-2.417641,57.016966
-3.190168,57.394154
-3.047947,56.672763
-2.391852,57.037451
-2.444885,57.084921
-2.019202,57.365509
-3.088176,57.252133
-3.468199,57.398506
-2.719444,57.164109
-2.696288,57.307799
-2.726433,57.069411
-2.109157,57.460589
-2.663147,57.080174
-2.801179,57.246089
-3.876068,56.248923
-3.619493,57.313673
-2.314371,57.095539
-2.085547,57.293125
-2.653219,57.538908
-2.0515,57.351487
-2.103163,57.698627
-2.951832,57.42985
-1.905894,57.565733
-2.851408,57.550311
-2.118027,57.425486
-3.464366,57.504236
-3.480709,57.371982
-2.36895,57.273254
-2.18992,57.044092
-2.471644,57.671337
-3.799561,56.72392
-3.143913,57.436895
-3.539586,56.34832
-2.545533,56.782525
-3.313481,57.654707
-3.386161,57.71924
-2.127484,57.697258
-2.844181,56.481779
-3.961667,57.56033
-2.940279,57.108711
-2.712498,57.587525
-2.475414,56.841475
-2.537535,57.637839
-2.375352,56.91593
-3.507373,56.417723
-2.391313,56.871682
-2.521753,57.588502
-2.453006,56.750465
-2.534908,57.058904
-4.657724,55.646757
-3.282606,57.4815
-2.942191,55.5605
-4.4738,56.03931
-4.357154,55.8421
-2.488655,55.845739
-2.469334,55.567272
-5.95657,56.484444
-5.161373,58.044294
-4.047323,58.120995
-2.54724,55.468108
-2.883004,57.029488
-5.672391,57.239426
-5.858673,56.640391
-6.608957,58.224904
-3.646327,58.261553
-3.236579,56.262807
-2.505091,55.881613
-2.504858,55.863644
-2.676076,55.602248
-2.780044,55.242198
-5.170495,56.605907
-4.243591,56.913648
-6.020411,56.473398
-6.188471,56.081113
-2.469012,55.540317
-2.230853,55.460129
-3.615695,56.447134
-5.405484,55.772568
-3.327243,56.549389
-3.468714,56.422006
-5.222563,56.451747
-3.435964,56.413404
-5.176692,58.025936
-5.104046,56.391846
-4.354789,57.891057000000004
-2.959522,55.5105
-5.633473,56.67415
-3.522815,57.364742
-6.539929,58.218387
-4.14836,56.108353
-5.543886,56.057719
-5.53423,56.040014
-5.553288,56.037667
-3.080205,55.868923
-2.336842,55.926663
-3.314473,55.873383
-3.462247,55.829032
-3.19605,55.920417
-5.158619,56.404805
-4.648975,55.603351
-3.639053,56.54644
-4.294095,55.869802
-3.691873,55.914603
-2.776927,55.605694
-2.900594,55.530267
-3.04002,55.410547
-4.849513,55.901336
-3.125759,56.584171
-2.217024,55.67715
-2.398486,55.695564
-2.967687,55.423721
-2.90317,55.642569
-2.921361,56.480736
-2.844788,55.513591
-4.602724,55.799842
-5.969421,57.033007
-2.942985,55.38168
-2.314557,55.545753
-3.015284,55.431423
-6.153734,56.466754
-2.967891,56.586398
-2.589414,55.379403
-2.81869,55.476927
-5.517965,57.263178
-3.458826,56.354284
-3.907788,56.237655
-2.855657,55.503632
-3.103108,56.533162
-2.962195,56.490309
-5.691224,57.071197
-2.435762,56.75111
-3.261823,55.580096
-4.503042,55.837865
-3.125395,55.63534
-3.108214,55.814312
-3.445423,56.384991
-2.742011,55.60591
-2.64637,56.540869
-5.890048,57.062476
-2.282816,55.539541
-5.81264,57.192535
-2.680156,55.974663
-4.357875,55.998917
-2.697011,56.730158
-3.671129,57.134206
-3.110772,55.511467
-5.552824,57.125547
-2.780123,55.766513
-3.339542,56.598224
-3.180064,55.973586
-3.213151,55.699202
-2.419367,55.862617
-4.045098,55.967657
-2.950418,55.42835
-2.901059,55.133978
-2.393993,55.723432
-3.323049,55.608206
-4.060964,55.964697
-3.223571,55.879712
-3.043451,55.839139
-2.12868,55.890219
-5.942049,57.039268
-3.150941,55.856151
-3.394107,55.597534
-6.204641,57.637732
-2.901924,56.482676
-4.42202,55.844881
-2.532241,55.352708
-3.066983,55.882067
-6.107296,57.146357
-4.609857,57.08852
-2.641031,55.448334
-5.713878,57.280911
-3.342705,55.857802
-4.471063,56.163871
-3.63719,55.945895
-3.242343,55.616239
-2.764192,55.440438
-2.621851,55.735968
-3.875342,56.002709
-3.310244,55.795252
-4.240297,56.239268
-3.220903,55.641615
-2.831694,55.568494
-5.484267,57.099604
-3.455524,57.701079
-5.535179,57.286968
-3.280329,55.904294
-3.915676,56.717382
-3.421339,56.39066
-5.860621,57.23962
-3.276506,56.660881
-3.851345,56.271761
-2.141549,55.911769
-5.471482,57.315713
-4.36226,56.070733
-4.003849,56.346668
-2.783733,55.549041
-4.583334,57.110639
-2.192792,55.922481
-4.368212,56.167683
-3.925344,56.233788
-5.341603,57.56823
-4.2234680000000004,55.920529
-2.759556,55.610296
-3.150243,55.940622
-2.827917,55.464285
-6.371156,57.586208
-5.72246,56.888654
-5.755812,57.268874
-4.497951,55.808308
-2.753654,55.71636
-6.287257,56.483792
-3.226975,55.632569
-4.022735,56.793866
-6.204232,57.140442
-4.469086,55.856528
-2.840954,56.735559
-3.440625,56.343714
-4.732683,57.120053
-2.75073,55.729856
-5.797399,57.157033
-2.107532,55.759059
-3.910023,55.990494
-2.86585,55.463124
-5.925894,57.042474
-3.021187,55.415199
-4.499467,56.956133
-6.35316,56.3428
-5.7046,55.96377
-5.7331,55.67786
-4.14808,57.4928
-3.61794,55.0437
-5.11325,55.54262
-4.36428,54.86915
-3.88042,56.25809
-3.82765,55.22794
-4.23045,55.99208
-4.18107,56.23471
-5.16447,55.68065
-3.61894,56.75525
-4.031418,56.027646
-4.015812,57.878475
-4.499834,57.456178
-4.60425,57.209016
-5.670259,56.63261
-5.98581,57.108918
-3.364133,57.345001
-5.990477,57.519698
-5.631446,57.773238
-5.333364,57.916311
-5.578113,57.837316
-2.527099,57.547564
-4.461433,57.475687
-4.586048,57.468699
-4.111471,56.390711
-4.536271,57.472407
-4.779127,57.189249
-5.1839,57.824866
-5.216499,57.840941
-2.320028,56.985929
-5.593813,57.258333
-4.129793,57.723872
-3.914911,57.390834
-4.931859,57.152401
-3.419584,57.296324
-3.235262,56.397146
-6.082207,57.36034
-5.669394,57.832422
-4.454303,57.282175
-1.932348,57.533377
-5.609877,57.405311
-5.596171,57.435371
-5.471999,57.249517
-6.278812,57.463022
-4.431429,57.651494
-5.956774,57.239321
-3.649428,57.573824
-4.791935,56.632719
-5.038731,57.880171
-4.096565,57.65749
-4.70153,57.134658
-4.101761,57.747252
-5.919235,57.244996
-4.359835,57.877935
-5.961829,57.579047
-5.592389,57.141501
-4.264014,57.654603
-5.183837,57.913067
-4.182675,57.867062
-5.065684,57.817454
-4.603803,57.5892
-3.346923,57.348762
-5.507562,56.637307
-4.849544,56.564243
-5.204907,56.915151
-4.02695,57.866617
-6.061679,57.461223
-5.671292,57.702011
-5.645428,57.344051
-5.68791,57.865148
-5.054708,57.804184
-6.678103,57.472649
-5.462273,57.851734
-3.57847,57.305659
-6.167934,56.706846
-6.18981,56.734439
-4.112245,57.926771
-4.856314,56.65397
-4.3227969999999996,57.421475
-4.73915,57.285725
-3.748633,57.393253
-4.437452,57.741235
-5.842032,56.717336
-4.174786,57.567944
-4.890761,57.102574
-3.247564,56.574922
-4.086266,57.477962
-2.601515,57.09449
-5.374343,57.234759
-5.46307,57.406327
-3.58233,57.395452
-5.641687,57.865126
-4.395474,57.737867
-5.791256,57.14553
-5.344817,56.641792
-5.996836,57.18891
-3.919608,57.480609
-4.411499,57.439361
-3.507308,56.492274
-5.220144,57.943951
-4.454336,57.332498
-6.416336,57.337304
-6.005011,56.712197
-3.36566,57.720945
-4.997586,57.814131
-4.384499,56.933505
-5.814591,57.115151
-4.499566,57.337897
-5.061956,56.865256
-3.924333,57.570383
-4.355649,57.480917
-6.066282,57.149493
-4.194308,57.471635
-6.101735,57.170819
-5.355872,58.048749
-5.832906,56.627701
-5.745644,57.177786
-4.480688,57.470592
-6.156146,57.5656
-3.435088,56.583681
-3.752923,57.483037
-4.511285,57.472907
-4.113625,57.830109
-6.082044,57.127399
-5.161065,57.342834
-3.898779,57.256737
-3.786712,58.561053
-4.280943,57.923853
-6.301327,57.278341
-6.018436,57.028744
-4.546403,57.558021
-4.307919,57.427212
-5.094903,57.869448
-5.515917,56.726975
-5.823833,56.538063
-6.299221,57.210513
-2.285926,57.259098
-6.087274,57.294487
-6.014576,56.801813
-4.370439,57.551564
-4.148306,57.857586
-4.061043,57.029113
-5.467859,57.883493
-2.433526,57.264963
-4.305624,57.479433
-5.681769,57.167226
-4.220375,57.459264
-5.594919,57.388658
-4.115429,57.851696
-5.571063,57.400126
-5.197236,56.825457
-6.294382,57.453498
-5.724783,57.306661
-3.290733,56.552019
-5.661569,56.542956
-6.067798,57.343677
-5.732277,57.282936
-4.051158,56.849563
-5.684312,57.688857
-4.7443,57.092837
-4.736547,56.622508
-5.924472,56.68464
-5.827031,57.107578
-4.440062,57.517888
-4.572361,57.392595
-4.845745,57.076993
-5.334724,57.868699
-4.844085,56.891982
-4.572945,57.412802
-5.052825,57.794846
-5.352786,56.731475
-6.456627,57.340378
-2.432679,57.051169
-4.582287,57.427214
-3.389157,56.574319
-4.560975,57.10975
-6.029762,57.209122
-2.470168,56.756375
-4.419488,57.472007
-6.011798,57.462822
-3.723416,56.854518
-4.511888,57.463459
-4.266231,57.850628
-3.302017,57.678496
-4.553933,57.546187
-4.496107,57.428898
-6.366195,57.495995
-5.687791,56.811912
-5.926389,57.265453
-4.463503,57.463067
-4.480564,57.459659
-4.558782,57.567655
-5.937815,57.240367
-4.22566,57.026294
-1.997482,57.512735
-4.113683,57.23041
-3.921906,57.251318
-5.033625,56.829544
-6.054018,57.188558
-5.657143,56.412715
-4.062128,57.478808
-5.452611,58.07247
-3.425498,56.545156
-5.442123,57.870261
-5.795847,57.174163
-5.720563,57.182714
-3.542533,56.583293
-4.269623,57.744354
-5.000405,58.44811
-5.940497,57.149017
-4.423741,57.573914
-5.679,56.722262
-5.507538,57.822209
-3.713676,56.695165
-5.437732,57.88611
-4.098935,57.029858
-5.861654,57.249478
-4.155426,56.394448
-3.783205,57.171557
-3.148645,57.54793
-6.049147,57.174327
-5.803972,57.138087
-4.588893,57.552708
-3.893796,55.72384
-5.70088,57.168012
-5.116951,58.002294
-4.948727,57.146163
-4.455739,58.010448
-5.324907,58.062146
-5.903281,57.070606
-3.944407,56.609108
-4.648197,57.220947
-5.663838,57.228438
-3.526476,56.588882
-3.996323,57.510865
-5.643117,57.509754
-5.499255,56.547637
-4.539917,57.461505
-4.479442,57.482973
-4.332792,57.537888
-5.976307,56.672653
-4.214987,56.846763
-5.601546,57.828076
-5.38345,57.897529
-6.586898,57.524127
-4.137012,57.475764
-5.910456,57.256059
-2.256519,55.649804
-2.495412,55.516357
-4.003547,56.394884
-3.59613,55.85076
-3.78183,55.11538
-2.856805,55.545542
-5.174545,55.482078
-5.101902,55.564853
-3.366078,55.143716
-3.774078,57.866811
-4.15959,55.93484
-3.328821,57.647989
-5.139299,55.635821
-4.184,54.8731
-1.851961,55.289531
-3.723487,55.044997
-4.02698,55.78537
-5.62863,57.21116
-3.788259,55.992321
-6.224966,56.726955
-3.090385,55.818739
-3.79464,55.218325
-4.22974,54.86186
-4.219599,56.244135
-3.92915,54.93167
-3.679714,56.335312
-3.27659,56.43388
-4.1131,55.5078
-5.556529,57.901263
-3.857351,57.55207
-4.081982,58.553911
-3.01438,56.19302
-5.802782,57.640358
-2.585,56.2791
-3.2865,55.0437
-6.2914,56.2712
-5.850478,56.904145
-5.190528,55.67945
-3.448732,56.472108
-2.996249,57.526003
-3.388506,55.025914
-3.892707,55.997052
-2.740199,54.972274
-2.511986,57.631388
-3.41995,56.21398
-2.381789,55.61475
-3.458995,56.411653
-5.997874,56.61958
-3.952444,55.17276
-3.4949,57.7046
-5.547083,56.101233
-4.18198,54.891262
-4.811856,55.3362
-5.843,57.34713
-3.6378,56.3014
-6.061707,56.760268
-3.471995,56.44398
-1.902714,57.655383
-3.60628,55.06087
-5.175378,55.688833
-3.8355,57.2781
-3.310087,55.921099
-3.91847,55.19783
-5.19981,55.598295
-3.88672,55.69311
-3.787398,56.389517
-3.058088,55.613474
-3.309874,55.974071
-3.605106,56.195676
-3.612061,55.072677
-5.47862,56.06076
-3.77276,55.21812
-1.914617,55.442347
-4.170206,54.836149
-6.375162,56.30848
-6.35247,56.28663
-4.58458,55.476144
-4.31898,55.508924
-5.535464,55.472626
-3.7538299999999998,56.14767
-3.43361,55.01429
-4.211781,55.178352
-3.825543,54.825665
-6.322191,56.604897
-2.009434,55.35252
-3.643742,55.970115
-5.656025,56.026075
-5.023255,56.894064
-6.227407,56.628451
-3.449446,56.228554
-3.758995,55.629687
-4.158,54.8649
-1.756607,55.433149
-3.685631,56.158785
-3.72678,55.17809
-4.084346,55.803435
-1.710381,55.271306
-3.10686,57.61292
-3.263989,55.647469
-2.9016,56.3725
-5.480845,56.435774
-3.921488,55.234278
-3.580478,55.929562
-4.29955,55.893113
-2.629647,57.680934
-4.577087,55.725779
-4.411541,55.903912
-6.049141,56.613199
-3.728571,56.306784
-3.924696,56.125917
-4.30914,55.933377
-5.007197,57.306109
-3.497234,55.906621
-2.869743,56.424507
-2.645091,55.99071
-3.535656,56.744793
-5.173127,55.434915
-3.356233,56.311287
-3.845547,56.018571
-3.48343,56.364819
-5.25702,55.713663
-4.56435,55.04256
-4.05053,54.86423
-5.351349,55.513325
-6.424328,57.488435
-6.238161,56.319854
-5.65259,55.66606
-5.8674,56.9329
-6.558088,57.509658
-2.81158,56.0323
-2.786916,55.945275
-3.370862,55.111624
-3.06006,55.93342
-4.1594,55.5211
-5.486641,55.788273
-4.03957,54.84775
-3.129827,56.447568
-3.68625,55.03354
-3.553001,55.165293
-3.655369,56.296103
-3.225828,55.948743
-3.773447,54.981905
-6.364812,57.561246
-4.110815,55.7913
-3.271758,55.918535
-3.617102,55.10056
-2.791074,57.358308
-3.335331,56.147623
-3.3589,55.3635
-3.34951,56.381894
-3.67182,55.09816
-2.998404,56.384904
-2.9334,56.341
-4.18525,55.0716
-3.24666,55.934247
-5.561054,56.209667
-3.244404,55.903809
-2.271711,57.679829
-2.9591,55.08913
-4.263683,56.225362
-4.01709,55.77259
-3.276304,55.022334
-3.237395,56.420441
-3.138592,54.85722
-5.051349,56.877066
-4.227956,54.818743
-4.0202,56.3699
-3.95163,56.155779
-4.381613,54.900949
-3.058864,57.479769
-3.250616,55.922885
-5.5653,56.08816
-3.902994,55.126897
-2.882699,57.553528
-5.837331,57.549179
-3.283529,54.839507
-3.003875,54.933717
-3.482139,54.977267
-5.173924,55.67089
-4.629334,55.437617
-3.18074,54.94317
-3.611363,55.979484
-3.625578,55.967021
-3.205625,56.382164
-4.3998,56.0372
-5.160904,55.509402
-3.69645,55.15088
-5.561156,56.050702
-1.899153,55.307551
-4.233981,57.453551
-3.768152,54.872062
-2.98157,55.004714
-2.650562,57.551973
-4.288686,55.040307
-3.64203,56.17942
-5.050442,56.663293
-3.641851,56.995331
-5.391521,57.231374
-5.151555,55.590556
-5.695113,57.325518
-5.154437,55.626442
-5.07021,56.665504
-3.402308,57.038225
-4.801651,55.348031
-5.239643,55.696143
-6.412369,56.328718
-2.454425,57.21189
-5.157326,55.662328
-4.776727,55.352555
-5.271409,55.6953
-5.390688,55.602151
-5.660077,57.282931
-4.695507,55.641438
-5.774557,55.356669
-3.776666,55.648098
-3.905164,55.6836
-3.780854,55.661939
-5.777579,56.595632
-4.195605,55.397952
-3.305153,56.074103
-4.616238,55.792436
-4.625749,55.784413
-2.939,57.341
-2.697,57.371
-2.695,57.382
-2.954,57.409
-3.622,57.328
-4.715,57.564
-2.318,55.174
-4.43,57.684
-4.1,54.768
-2.911,57.348
-2.917,57.376
-2.914,57.364
-2.883,57.359
-5.457,56.687
-2.833,57.493
-5.757,56.575
-2.917,57.397
-3.265241,55.907595
-2.243827,55.64026
-3.4641,55.89955
-3.404247,55.991453
-2.884803,55.708746
-2.885006,55.71773
-2.618837,55.997898
-2.8846,55.699762
-3.634743,55.849775
-3.944,57.028
-3.841,57.116
-6.266469,58.353728
35.1727,50.0528
36.020051,49.786905
36.00314,49.790692
37.612941,54.877958
37.650191,54.892277
37.612119,54.845019
37.64578,54.868488
36.351771,49.658081
36.566021,49.535477
36.20144,49.919672
36.262946,49.836269
36.068768,49.775028
38.896048,56.237318
45.187125,57.109452
44.167558,56.128067
72.353833,57.210515
38.255459,48.961313
45.097913,53.237529
70.565322,50.82822
42.927967,56.162211
69.937848,41.625993
39.299856,55.026361
50.27191,58.635177
35.354953,52.146021
37.205573,55.576762
35.958196,56.222003
36.049363,51.773842
40.089507,50.47619
70.158156,55.848677
52.152171,57.278788
49.109358,55.99804
61.312289,56.780598
61.318061,56.827135
44.217412,55.534604
39.340776,51.708822
69.539987,56.064336
62.812529,55.890325
48.41067,54.34492
44.18882,55.903278
37.669967,55.910665
35.584039,52.142816
36.327623,49.623069
37.152938,55.428881
36.977962,55.735127
43.118231,56.062751
35.719058,51.076813
37.15735,53.955213
62.437022,54.38346
50.077362,58.564432
52.713617,58.135735
38.246228,58.062215
38.479271,53.919303
44.557162,65.970101
49.494798,55.937405
48.461277,58.004954
36.311565,51.687234
37.332281,44.916445
39.169678,52.026977
50.124576,58.571761
36.721109,49.856695
61.847161,56.396734
37.685083,55.893019
60.031155,55.169864
36.618083,55.514791
55.610826,54.895922
38.254425,49.02198
57.37478,57.144413
38.192119,55.489944
37.096881,55.633625
50.351639,58.350006
42.334335,56.293245
37.678827,54.187991
41.297359,57.263396
34.775269,53.748607
49.008805,55.437785
43.946321,55.629485
35.44587,52.324282
50.653215,58.462918
36.230466,51.851932
37.759481,55.103326
61.264419,55.310128
37.411824,55.844098
38.227787,48.952818
44.555362,56.073553
37.358336,54.75005
40.854753,57.08943
60.810746,56.493327
49.071249,53.510798
39.192238,56.632635
61.340729,55.173179
36.112905,56.897959
36.684842,49.80603
39.71763,57.628017
36.68322,49.788993
50.473841,55.709665
44.485382,48.572702
36.531718,51.615079
53.150734,56.869286
59.914371,58.062868
44.653491,48.485583
61.135388,56.715346
58.681964,53.37155
48.410321,57.999994
61.463567,56.548124
48.245774,54.437598
52.658585,58.169495
61.676123,56.642448
54.213244,56.089122
69.554062,56.12887
38.576324,55.3961
38.561808,55.23335
36.205663,51.551776
42.319,65.54332
61.374405,56.353554
52.642499,55.150411
53.16987,56.844148
60.648088,56.92637
56.041704,57.903768
35.390625,44.294253
52.762002,55.218793
56.805064,57.949497
53.992765,54.781486
39.648825,51.591491
37.605427,55.32271
61.756863,54.954834
40.323331,56.204291
35.723841,51.687508
52.372491,57.842094
42.92096,55.960992
44.607483,56.733565
55.271044,54.427722
35.332258,52.322644
55.916127,54.692215
43.306263,55.989626
60.286529,55.175346
39.147782,55.160468
63.089381,57.031137
50.358013,58.358778
47.363592,56.078922
36.28046,51.580857
44.591443,48.547092
50.346543,55.349099
44.885357,53.277971
54.63081,54.985477
37.959974,55.937621
58.202453,58.244752
37.505042,54.081899
48.386636,46.253665
37.315384,55.935725
36.322073,51.817887
36.764518,51.429707
58.136585,55.090781
35.513279,52.576254
60.761308,56.846342
39.669237,54.678578
68.307344,58.245326
60.511556,56.712935
61.46974,55.083135
56.860917,57.164353
37.144607,54.096217
49.821456,58.270486
68.597628,55.494307
39.225419,51.739891
38.129803,51.852355
44.413385,48.493381
50.131302,58.412565
37.663159,54.422079
61.525552,56.616657
36.237083,51.808032
37.037767,55.732302
60.798844,56.725675
44.484146,48.477764
41.868737,49.58655
60.087619,55.18611
44.182815,56.229401
43.590255,55.662978
44.153728,56.26376
43.063518,55.971635
36.216379,51.911306
56.941414,57.432152
43.104235,56.915122
41.452044,57.818985
59.713322,55.137853
36.217602,51.958103
36.73397,51.472386
34.125905,52.435699
50.223796,58.554142
44.564324,48.512465
42.162945,55.326947
37.544555,54.960432
37.288383,58.505509000000004
44.325318,56.011205
60.730287,56.506243
37.197704,58.517647
36.658596,51.070679
44.574278,48.44583
36.732779,56.331834
47.374465,55.553145
37.376862,55.959727
36.888773,54.427826
37.99013,56.730743
36.510649,55.751609
65.2314,57.096541
48.066735,55.863937
44.18946,56.129761
40.243881,54.3204
61.492914,55.172801
37.769606,55.822541
38.631276,55.112004
56.033065,57.966787
37.41998,51.421959
39.887098,54.351744
40.496355,58.108249
38.28396,49.024666
36.701007,49.801174
34.613769,49.797034
41.963552,55.349392
38.057314,44.97345
35.526031,52.223557
42.09159,49.599828
69.695213,56.082867
49.461374,55.872465
36.594872,55.51712
49.101901,55.989332
35.84092,53.025958
44.187607,56.205278
35.873933,56.807563
60.198113,55.499188
37.667809,54.284678
65.760222,57.140906
35.047429,52.01702
49.672134,58.578499
60.667285,56.925678
60.185733,55.511386
61.509447,55.173625
61.027558,55.125881
37.824959,55.982712
50.408539,54.829071
39.084,51.634367
36.407804,48.512543
37.381673,55.874512
44.640713,48.823203
66.583923,65.018839
56.051644,57.965813
34.600409,49.647437
69.572762,56.136708
37.559789,54.296304
47.701515,55.517657
41.557187,45.116886
38.949846,54.2225
40.073956,50.432849
36.222844,49.868495
56.736873,57.989616
36.612468,49.795988
68.263517,58.268884
39.623456,60.651456
61.504614,55.163389
39.725587,57.747992000000004
61.310765,56.841545000000004
35.546291,48.710649
35.40101,51.614878
52.690786,58.16174
57.88492,55.403925
52.324284,55.826285
55.99015,57.985975
36.39211,55.611289
49.286182,55.844643
41.757616,54.860112
45.412408,57.183376
40.99775,50.403274
45.621996,48.422727
61.849633,56.66362
44.140025,56.278957
36.292725,53.468166
36.213041,50.001553
70.347392,51.967555
61.009873,55.787366
69.897596,50.619777
38.33228,55.988247
37.227947,56.778214
56.313956,57.980835
69.936879,41.710786
38.649809,47.502575
37.14804,55.961489
43.046581,55.98455
37.912884,55.731722
36.380504,53.808243
58.982613,56.44976
52.663352,58.178947
48.726784,56.013714
50.083425,58.542445
58.149972,55.055373
43.970407,55.613861
50.11951,58.546554
69.674526,56.231947
49.963391,58.562108
37.171836,56.379758
48.418494,54.318402
46.013524,51.409706
36.663048,49.804863
58.834021,53.859394
40.841909,54.050063
58.987186,52.651918
69.356807,40.933728
36.317739,51.971955
38.236481,51.933622
49.959363,58.577411
37.493804,53.892489
37.786819,55.836367
50.589699,58.571176
49.143856,55.545264
35.975033,51.666852
36.815416,57.322119
37.180865,55.85131
37.209358,56.026554
36.635831,49.485337
45.094926,55.374557
35.202817,52.487848
36.615458,55.538303
39.279072,54.95065
59.274095,56.524338
38.198276,55.172893
50.530052,58.446442
37.20201,56.703102
49.727941,58.603505
36.033676,51.179228
35.364684,53.216103
37.788235,51.291695
40.413625,50.170641
49.947803,58.569403
34.504949,53.386735
43.022474,55.984599
39.079369,51.541562
39.11109,51.830745
34.675638,52.795687
48.424298,58.070922
38.62207,55.376114
38.1575,55.588837
37.843257,51.310128
38.664695,55.752117
38.629161,55.397449
69.31368,41.341975
43.829422,49.213965
61.605819,55.054212
50.391808,54.80328
49.561833,58.735272
43.132899,56.999504
60.148374,55.158323
50.092933,58.550838
37.322704,44.905109
60.62964,56.940833
35.752141,53.927058
38.658186,54.439768
40.208554,54.497466
70.12489,41.14088
68.769347,60.915305
36.619264,49.485173
36.431707,56.553181
37.319175,55.839899
61.275136,55.170817
49.640211,58.614199
35.29866,53.250356
37.804882,51.290561
52.659898,58.159923
40.165043,57.610854
59.750934,55.206839
37.761048,55.118989
56.384995,52.896005
52.033138,52.928154
45.070295,53.293256
60.060546,55.17665
57.777173,56.586459
69.454238,56.022953
42.173796,56.212343
56.101376,57.975653
35.3902,52.273426
35.216332,53.271886
53.825595,57.62906
54.789703,54.561806
34.400413,53.188887
35.240337,53.14925
53.139271,56.905435
37.358795,54.1889
45.067658,53.282327
39.90794,57.67041
35.961503,53.009877
52.552387,55.775409
38.611269,55.362163
38.536024,53.934677
65.266062,57.097694
58.366136,55.29883
59.89845,54.458994
37.675715,54.177605
52.404537,55.56979
38.538656,53.199945
69.301456,55.91023
35.944889,56.215403
36.590937,55.530792
44.066001,55.587671
50.440349,58.428618
44.549159,56.476913
40.795271,49.278687
65.987158,55.5458
53.598447,56.831431
48.282265,45.939513
36.02124,56.209965
61.020735,53.391382
51.152749,53.917535
60.362418,55.315062
44.801752,56.487888
60.688431,56.652036
52.745754,58.138469
60.874947,57.746464
36.088459,56.895544
40.239477,54.484735
47.23766,56.154767
40.851623,50.22431
39.76107,57.230889
50.30997,53.557755
40.897272,54.66552
60.797244,56.81224
37.373162,55.889132
36.189335,53.899301
37.934759,51.276307
36.35499,49.582553
53.286601,56.82641
36.598611,49.787292
37.689482,55.809555
44.878576,53.291191
52.877323,58.132963
51.530561,55.144744
36.589016,55.541817
61.743259,57.510624
47.873439,45.765342
61.794169,56.408928
57.910547,56.649618
38.047571,48.955407
69.483776,56.056897
37.396522,55.934197
36.716863,51.490823
37.397758,45.351315
37.150224,55.340744
41.85559,65.25986
36.512933,49.516668
44.084595,56.248576
59.508665,55.210015
38.610981,55.385085
44.172399,56.189812
57.689704,55.521077
48.714009,56.058455
38.809126,54.846499
36.657005,50.534636
58.683444,52.748693
43.196119,56.038842
61.010615,56.316654
60.883064,56.529696
37.479747,56.903542
47.253389,56.148481
44.894314,54.124725
38.331977,57.946321
35.337488,52.336646
35.338383,52.155481
37.534887,54.0911
36.340589,49.618831
65.234249,56.439082
37.266454,58.681638
36.934961,49.403858
36.152696,51.682466
37.979822,56.126036
37.81219,55.175649
59.699358,55.174712
41.074174,56.870134
34.139391,52.399563
46.884256,55.560264
65.761705,66.663595
60.67829,56.932767
35.505841,52.217411
57.092707,60.474685
34.478149,53.356252
44.443052,48.435383
35.738634,55.86957
47.044178,55.843687
71.453985,51.106613
39.799533,54.671755
47.585832,55.159014
37.464126,53.911281
38.446743,53.839775
49.411546,58.610551
58.097662,54.95533
35.278815,51.67595
53.5475,56.763095
44.175844,56.216675
38.626143,55.339891
59.855568,61.671894
43.13866,56.049203
48.066337,55.877276
60.783792,56.676012
48.453534,57.990619
36.378115,49.563223
50.314648,53.146828
39.717508,57.639209
34.373769,53.277899
56.050928999999996,57.952611
35.672323,51.674475
45.100512,53.174218
47.885944,45.785984
36.52965,49.50971
41.526481,58.482166
37.722525,55.849492
38.45485,57.780913
38.021643,51.993923
37.152521,54.004153
39.584804,51.753395
44.282915,55.845447
41.742638,55.862251
60.752426,56.506898
35.804235,51.162122
37.705053,54.80341
44.198623,55.540903
52.583714,58.15861
37.279089,58.660182
45.114318,53.776691
40.392339,57.023893
58.738354,53.285836
36.284012,51.804562
44.90532,53.231013
60.544285,56.02736
41.605236,56.505896
36.271009,51.812357
57.781767,53.322397
36.385128,51.951386
37.563624,54.108807
71.058656,51.028418
37.29477,61.99203
37.52457,62.10047
64.52608,62.2939
38.11808,48.948807
38.233791,48.942644
38.177581000000004,49.123316
38.243004,48.957312
37.251852,49.753441
36.821022,50.131591
40.528908,64.503036
21.91667,51.04168
23.5465,51.53583
23.08334,52.12502
22.58333,51.70835
21.91667,53.70835
22.08333,52.12502
21.91667,51.87502
21.58333,52.45835
21.75,52.04168
23.08334,52.37502
19.41667,50.87502
22.91667,52.54168
22.75,52.54168
22.91667,52.70835
23.08333,52.54168
22.58333,53.29168
22.75,53.20835
22.58333,53.20835
22.75,52.87502
22.58333,50.87502
18.58333,53.20835
18.25,52.87502
21.58333,51.79168
21.58333,51.54168
22.25,54.29168
21.91667,51.20835
22.25,54.04168
22.41667,53.70835
22.25,51.70835
17.58333,52.87502
17.58333,53.29168
20.75,53.20835
20.58333,52.87502
20.58333,51.62502
20.58333,52.70835
20.75,51.29168
20.58333,51.45835
21.41667,53.95835
21.08333,52.62502
21.25,53.45835
21.25,52.20835
21.25,52.04168
21.41667,51.87502
21.91667,54.04168
21.75,53.12502
21.58333,52.79168
19.91667,53.04168
19.91667,53.37502
20.25,54.29168
19.75,51.12502
19.25,53.29168
20.25,53.87502
20.25,54.20835
20.08333,54.12502
20.08333,51.95835
20.91667,53.95835
20.58333,53.62502
19.75,53.37502
19.25,53.62502
19.75,54.20835
19.58333,54.12502
19.58333,54.04168
19.91667,54.12502
19.91667,54.04168
19.58333,53.79168
18.58333,54.04168
18.91667,53.79168
18.91667,53.04168
18.75,52.79168
17.75,54.20835
17.75,51.45835
17.75,51.12502
17.58333,51.20835
17.75,50.62502
18.41667,53.70835
18.25,53.20835
17.41667,53.12502
17.08333,52.62502
17.25,51.12502
17.25,51.04168
17.41667,51.45835
17.41667,51.37502
17.25,50.87502
17.58333,54.70835
15.75,51.95835
16.08333,51.54168
16.25,51.12502
16.58333,53.04168
16.75,51.29168
15.91667,51.79168
16.08333,54.04168
16.08333,53.54168
16.41667,52.45835
15.41667,53.87502
15.41667,53.62502
15.25,53.62502
15.08333,53.45835
15.41667,53.20835
15.25,52.54168
15.08333,52.45835
15.25,52.45835
15.25,52.04168
15.41667,52.29168
15.08333,51.62502
15.41667,51.62502
15.25,51.12502
15.58333,53.70835
15.75,52.12502
15.91667,52.12502
14.91667,52.04168
18.41667,53.29168
21.25,51.87502
21.58333,52.70835
21.41667,53.87502
21.41667,54.04168
21.41667,51.54168
21.25,51.12502
21.08333,53.29168
21.25,53.29168
21.41667,53.29168
20.58333,53.12502
20.91667,53.04168
20.58333,54.04168
20.91667,51.45835
19.75,53.04168
19.08333,53.70835
20.25,52.29168
21.75,53.20835
21.75,53.29168
22.25,53.20835
14.58333,53.54168
14.75,53.37502
14.75,52.95835
14.91667,51.87502
14.91667,52.37502
21.58333,50.20835
15.75,52.45835
20.25,49.95835
19.58333,54.37502
19.75,53.95835
19.08333,51.37502
19.41667,51.20835
18.91667,51.20835
18.58333,51.12502
18.75,51.04168
19.58333,51.20835
19.91667,51.20835
19.91667,51.12502
20.25,51.37502
17.75,53.95835
17.91667,54.12502
20.25,51.29168
17.75,54.54168
18.08333,51.37502
18.41667,51.20835
17.25,54.29168
17.41667,53.79168
17.08333,54.04168
17.41667,50.70835
17.26276,50.37928
19.25,50.45835
17.91667,52.04168
18.25,52.20835
18.75,52.20835
16.75,53.29168
16.91667,52.95835
16.75,52.45835
17.41667,53.29168
17.25,53.29168
17.41667,52.54168
14.58333,53.95835
14.41707,52.79189
14.91667,53.70835
14.58333,53.62502
15.25,53.12502
14.75,52.79168
15.75,51.20835
19.4564,51.7687
15.41667,51.20835
16.41667,54.04168
16.08333,54.20835
16.25,53.12502
16.25,53.37502
15.91667,53.95835
16.25,52.29168
17.58333,52.12502
21.91667,51.29168
23.57911,51.45708
23.87564,51.03868
23.24031,52.19693
19.58333,53.29168
21.91667,53.79168
22.41667,52.20835
21.91667,52.54168
23.08334,52.29168
22.08333,52.79168
19.58333,50.87502
18.58333,50.87502
18.75,50.62502
18.58333,50.04168
22.75,53.12502
22.58333,53.54168
22.58333,52.20835
22.58333,52.12502
18.75,53.45835
21.91667,51.79168
22.25,54.20835
22.08333,54.29168
22.41667,53.79168
22.41667,53.29168
22.58333,53.45835
22.41667,52.70835
22.41667,52.45835
18.08333,53.29168
17.58333,52.70835
18.08333,53.45835
20.75,51.62502
20.58333,51.54168
20.91667,51.95835
20.58333,51.95835
20.91667,52.45835
21.25,54.04168
19.25,52.62502
21.41667,51.70835
21.75,53.87502
21.75,53.45835
19.75,52.12502
19.91667,52.95835
20.08333,53.87502
20.25,54.12502
20.25,52.45835
20.08333,53.12502
20.41667,51.62502
20.75,53.54168
20.75,53.45835
20.75,53.29168
19.41667,53.87502
19.41667,53.45835
19.41667,53.29168
19.41667,51.04168
19.08333,50.04168
19.08333,49.95835
19.25,49.95835
19.75,54.29168
19.58333,53.87502
19.08333,54.04168
19.41667,54.04168
19.41667,53.95835
18.25,52.79168
18.41667,52.79168
18.08333,52.87502
18.08333,51.70835
18.08333,51.62502
18.91667,53.87502
18.91667,53.54168
18.58333,51.62502
19.25,54.37502
17.75,54.62502
17.58333,50.95835
17.58333,50.87502
17.75,50.87502
17.58333,50.62502
18.08333,54.04168
17.41667,50.87502
17.25,50.79168
17.41667,50.79168
15.75,51.79168
16.41667,51.29168
16.91667,54.45835
17.08333,54.45835
17.25,54.70835
17.25,54.62502
15.75,51.70835
16.41667,53.04168
16.08333,52.87502
16.08333,52.79168
16.08333,51.95835
15.41667,52.79168
15.41667,52.20835
15.25,51.62502
15.41667,51.29168
15.09051,51.20693
15.08335,51.12501
15.75,52.62502
15.91667,52.20835
15.58333,51.95835
21.08333,51.87502
21.08333,51.79168
21.08333,53.62502
21.25,53.79168
21.08333,54.04168
21.08333,51.45835
21.58333,53.45835
21.25,52.95835
20.08333,53.79168
21.08333,52.12502
20.41667,54.20835
21.25,52.79168
21.08333,52.70835
20.91667,52.87502
20.91667,54.04168
20.58333,54.12502
20.75,52.54168
20.58333,52.45835
20.91667,52.12502
20.75,51.95835
20.25,53.54168
20.08333,53.62502
19.58333,52.79168
20.08333,52.79168
20.41667,52.79168
21.91667,53.45835
22.41667,53.45835
18.08333,53.95835
18.25,53.70835
18.58333,54.12502
14.25,52.87502
14.91667,53.87502
14.91667,53.79168
14.75,53.12502
14.91667,52.62502
15.08333,52.54168
15.25,52.79168
14.75,52.37502
14.91667,52.45835
22.25,50.04168
15.58333,52.87502
15.25,51.87502
15.25,51.95835
15.25,52.37502
18.41667,54.79168
17.75,54.29168
18.08333,54.62502
20.08333,51.20835
17.58333,54.45835
17.58333,54.62502
16.91667,54.20835
17.25,51.37502
17.41667,51.29168
17.41667,51.12502
17.08409,50.45875
17.75,50.79168
18.08333,50.79168
17.58333,50.54168
17.75,50.54168
17.58333,53.12502
17.91667,51.29168
18.58333,52.37502
16.75,52.29168
16.58333,52.37502
17.08333,53.29168
17.41667,52.95835
17.25,52.45835
17.58333,52.62502
17.58333,52.45835
17.75,52.37502
14.75,53.70835
15.08333,53.20835
15.25,53.04168
20.41667,51.20835
20.41667,51.04168
20.58333,51.04168
14.58333,52.95835
16.41667,51.54168
16.58333,51.54168
16.58333,54.04168
16.08333,53.20835
16.75,53.70835
15.75,54.12502
16.25,54.29168
16.25,52.95835
16.08333,52.62502
16.25,52.37502
19.75,49.95835
22.25,51.45835
23.08334,52.20835
22.75,51.87502
21.91667,50.62502
19.58333,53.12502
19.58333,53.20835
21.75,53.79168
21.58333,53.87502
21.75,53.62502
21.91667,53.62502
21.58333,53.62502
22.41667,52.54168
22.58333,52.29168
22.91667,52.29168
21.75,52.45835
23.08333,52.62502
18.75,50.87502
18.75,50.04168
18.58366,49.95879
22.75,52.95835
22.75,53.37502
22.91667,52.79168
18.75,53.54168
21.75,51.79168
21.75,51.45835
22.25,53.95835
22.25,54.12502
22.08333,53.62502
22.25,53.62502
22.41667,53.12502
17.91667,53.62502
22.41667,52.79168
22.41667,52.87502
22.41667,52.62502
22.08333,51.87502
22.08333,51.62502
18.25,53.29168
20.91667,52.04168
21.41667,54.20835
21.41434,54.28812
20.75,51.45835
21.41667,53.62502
21.25,54.12502
21.25,53.12502
21.41667,53.45835
21.25,53.54168
21.41667,52.04168
21.41667,52.20835
21.41667,52.12502
21.25,50.20835
21.75,54.20835
21.08333,50.04168
19.75,52.45835
20.41257,54.36237
18.91667,52.79168
20.08333,52.45835
20.57845,54.355
20.41667,50.45835
20.75,53.95835
20.75,53.79168
20.75,53.37502
19.25,52.87502
19.41667,53.37502
19.08333,52.45835
19.41667,50.79168
19.41667,50.29168
19.25,49.87502
19.91667,54.20835
19.41667,54.20835
19.25,53.95835
18.58333,54.29168
18.75,54.04168
18.75,53.95835
18.91667,53.62502
18.58333,51.45835
19.08333,54.20835
17.58333,54.29168
17.58333,51.12502
18.25,54.37502
17.58333,50.45835
18.25,54.29168
17.25,54.37502
17.41667,51.62502
17.41667,51.04168
17.41667,51.20835
17.41667,50.62502
16.41667,51.37502
16.41667,51.20835
16.58333,53.12502
16.75,53.12502
16.58333,52.70835
16.91667,51.54168
16.75,50.87502
16.91667,50.79168
16.91667,50.62502
15.91667,51.45835
16.41667,54.37502
16.08333,53.70835
16.25,51.95835
15.08333,53.62502
15.25,53.20835
15.41667,52.70835
15.08333,52.62502
15.08333,52.04168
15.91667,52.62502
15.75,53.54168
15.91667,53.70835
14.60737,52.37648
20.91667,53.70835
21.75,52.70835
21.41667,54.12502
21.08333,53.95835
21.08333,52.95835
21.41667,52.95835
21.25,52.37502
20.58333,53.04168
20.75,52.70835
20.75,52.62502
20.91667,52.54168
20.75,52.12502
20.08333,53.70835
20.25,53.70835
19.08333,53.62502
19.58333,52.54168
19.58333,52.29168
19.75,52.29168
20.25,53.12502
20.08333,52.87502
20.25,52.62502
20.25,52.37502
19.91667,53.62502
22.08333,53.29168
22.25,53.37502
18.25,54.12502
18.58333,53.79168
18.75,54.12502
14.91667,53.04168
14.75,53.45835
15.41667,52.45835
14.91667,52.12502
14.62392,52.30187
22.08333,50.04168
15.58333,52.79168
15.41667,51.87502
15.41667,51.95835
15.08333,52.20835
17.91667,51.87502
14.60232,52.6346
19.58333,53.70835
18.75,51.37502
18.75,51.12502
18.91667,51.12502
18.58333,51.04168
17.91667,54.54168
17.25,54.45835
16.91667,53.95835
17.91667,50.87502
18.25,50.20835
18.25,50.29168
18.25,52.29168
18.08333,52.04168
18.25,51.54168
18.58333,52.29168
14.75,52.62502
16.75,52.54168
17.25,53.37502
17.41667,52.37502
14.44793,52.71642
15.41667,53.04168
14.91667,53.37502
15.41667,54.12502
16.41667,51.70835
16.75,51.37502
15.41667,50.95835
15.41667,51.04168
16.58333,54.54168
15.75,53.70835
15.91667,54.20835
17.75,53.12502
16.41667,52.37502
16.25,52.20835
16.25,52.12502
16.41667,51.79168
19.41667,49.95835
14.75,52.54168
21.91667,50.95835
21.91667,50.87502
23.75,51.04168
23.41667,51.70835
23.25,52.12502
22.91667,51.04168
21.91667,53.54168
21.58333,53.95835
22.25,52.20835
22.41667,52.04168
21.75,51.87502
19.25,50.62502
19.41667,50.37502
23.41667,50.87502
22.75,53.04168
22.58333,52.79168
22.58333,52.70835
22.08333,51.37502
18.58333,53.37502
18.08333,52.95835
18.25,52.95835
18.91667,53.20835
21.58333,51.70835
22.25,53.70835
22.25,53.12502
22.41667,53.54168
17.91667,53.70835
17.58333,53.45835
22.08333,52.70835
22.41667,52.12502
22.08333,51.95835
17.75,53.29168
20.58333,51.87502
21.25,53.95835
21.41667,53.12502
21.41667,53.54168
19.41667,53.12502
19.41667,53.20835
21.75,54.04168
21.75,54.12502
21.91667,53.12502
21.58333,52.54168
21.58333,52.20835
19.91667,52.87502
19.08333,53.29168
20.41667,53.54168
20.25,53.29168
20.08333,53.29168
20.58333,53.54168
19.91667,53.45835
19.25,53.79168
19.41667,50.95835
19.41667,52.54168
19.74053,54.43323
19.75,54.37502
19.75,53.70835
19.91667,53.70835
19.08333,54.12502
18.25,53.04168
18.08333,51.54168
18.25,51.04168
18.91667,54.20835
18.91667,53.45835
18.91667,52.54168
18.75,49.79168
19.25,54.29168
17.58333,54.37502
17.58333,54.12502
17.91667,54.29168
17.91667,54.20835
17.91667,52.12502
17.58333,50.79168
18.25,54.70835
18.25,53.54168
18.08333,54.12502
17.41667,54.29168
17.25,54.20835
17.25,53.12502
17.41667,51.54168
17.41667,50.95835
15.91667,51.87502
15.91667,51.95835
16.41667,51.95835
16.08333,51.79168
16.41667,51.45835
16.25,51.20835
16.75,54.45835
16.75,52.70835
16.91667,52.70835
16.58333,52.95835
16.75,51.95835
16.75,52.04168
16.58333,51.45835
16.75,51.20835
16.58333,51.29168
16.75,50.70835
15.91667,51.70835
16.25,52.54168
16.41667,52.04168
15.08333,53.95835
15.75,53.79168
15.75,52.04168
15.58333,52.12502
15.58333,52.29168
14.76269,52.12666
15.75,51.87502
20.91667,53.62502
21.41667,51.79168
21.08333,51.70835
21.58333,53.04168
21.25,53.62502
21.08333,51.54168
21.41667,51.45835
21.25,53.37502
21.08333,53.12502
21.08333,52.87502
20.41667,53.79168
20.25,53.79168
21.41667,52.54168
21.25,52.29168
21.41667,52.87502
20.58333,52.62502
20.58333,54.20835
20.75,54.12502
20.75,52.04168
22.41667,52.95835
19.75,52.37502
19.91667,52.37502
20.25,52.70835
20.25,52.54168
18.25,53.79168
18.41667,53.87502
18.91667,53.95835
14.75,53.62502
14.91667,53.95835
14.91667,52.95835
14.75,53.29168
14.91667,51.95835
14.91667,52.29168
14.76338,51.71381
14.91667,51.79168
15.58333,52.45835
15.58333,52.70835
15.08333,51.95835
17.41667,54.70835
14.91667,52.79168
19.08333,51.45835
18.91667,51.29168
18.75,51.29168
19.91667,51.37502
18.58333,51.70835
17.25,53.62502
17.08333,54.54168
16.91667,53.70835
17.08333,54.62502
17.25,50.70835
17.08333,50.54168
18.25,50.54168
17.03208,51.11014
17.91667,51.20835
17.75,51.37502
16.91667,53.29168
16.91667,53.20835
16.75,52.37502
17.41667,52.70835
17.41667,51.95835
17.25,51.70835
17.08333,51.79168
14.43801,53.12465
14.27666,52.8067
14.41667,52.95835
15.41667,53.37502
14.75,52.70835
16.25,51.54168
15.75,51.29168
16.75,51.12502
16.58333,50.70835
16.08333,54.12502
16.58333,54.29168
16.08333,53.04168
16.41667,53.37502
16.58333,53.45835
16.75,53.62502
16.58333,53.62502
15.58333,54.04168
16.41667,54.45835
15.58333,53.37502
15.91667,53.45835
16.25,52.04168
16.58333,53.37502
23.52447,51.70465
23.55913,51.87629
23.41667,51.62502
22.75,51.04168
22.91667,51.87502
21.91667,51.54168
21.75,51.54168
19.9373,50.0617
22.25,53.79168
23.08334,50.79168
22.08333,54.12502
21.91667,52.62502
19.25,50.54168
18.61458,49.87888
18.62945,49.79665
22.75,52.37502
18.75,50.12502
22.91667,53.04168
22.58333,52.95835
22.58333,52.62502
21.75,51.70835
21.91667,51.70835
21.91667,51.37502
21.58333,51.45835
22.41667,53.95835
22.25,53.04168
22.25,52.70835
22.25,52.45835
17.58333,53.37502
20.91667,52.62502
21.25,54.20835
21.24942,54.29095
20.75,51.37502
21.41667,53.70835
21.41667,53.20835
19.25,52.95835
19.41667,52.70835
19.08333,52.87502
19.25,52.79168
19.25,52.70835
21.08333,51.95835
21.58333,54.20835
21.91667,53.95835
21.58333,53.12502
20.0831,54.37488
20.2476,54.37035
18.91667,52.70835
20.08333,52.95835
20.75,54.29168
20.58333,53.95835
20.91667,53.79168
20.75,53.62502
20.75,53.70835
20.91667,53.37502
19.25,53.87502
19.75,53.54168
19.58333,53.45835
19.25,53.70835
19.41667,53.79168
19.08333,53.54168
19.25,53.54168
19.25,50.29168
19.25,52.04168
19.08333,51.12502
19.58333,53.95835
19.75,53.87502
19.91667,53.79168
19.25,54.12502
19.41667,54.12502
18.41667,52.37502
18.91667,54.04168
18.75,53.79168
18.91667,52.95835
19.08333,54.29168
17.75,54.70835
17.41667,54.37502
17.75,54.79168
16.41667,51.62502
16.25,51.29168
16.58333,52.54168
16.91667,50.70835
15.91667,51.54168
15.91667,51.62502
16.41667,52.95835
16.41667,54.29168
16.25,52.45835
16.08333,52.29168
15.25,54.12502
15.41667,54.04168
15.08333,52.95835
15.08333,52.70835
15.25,51.20835
15.58333,53.62502
15.58333,52.20835
14.78723,52.03904
14.62286,52.44815
21.08333,54.12502
15.58333,52.04168
21.41667,51.95835
21.08333,53.70835
21.25,52.54168
21.41667,52.29168
20.91667,53.12502
20.75,53.04168
20.58333,52.95835
20.58333,52.54168
20.75,52.45835
20.25,53.45835
22.41667,53.04168
19.91667,53.12502
19.58333,52.70835
19.58333,52.62502
20.41667,53.20835
20.25,52.95835
20.08333,52.62502
20.08333,52.54168
20.08333,52.29168
19.75,53.62502
22.08333,53.20835
21.91667,53.04168
22.25,53.45835
22.25,53.54168
18.91667,53.70835
14.75,51.79168
15.75,52.70835
15.41667,52.12502
19.75,51.54168
17.75,53.70835
18.08333,51.29168
17.91667,50.95835
17.25,50.45835
18.08333,50.87502
17.75,50.45835
18.25,52.37502
17.75,51.20835
18.41667,52.29168
18.08333,51.95835
18.25,51.70835
16.91667,52.04168
16.91667,51.95835
16.75,51.79168
17.08333,52.87502
17.41667,52.87502
17.25,52.54168
17.58333,52.54168
14.58333,53.87502
14.27419,53.87697
14.41667,53.87502
15.08333,53.29168
20.58333,50.62502
14.75,52.87502
15.91667,50.95835
16.58333,51.37502
16.25,54.20835
16.58333,54.37502
16.58333,53.54168
16.75,53.87502
15.91667,54.04168
15.58333,54.12502
15.91667,53.54168
15.75,53.04168
15.91667,50.87502
18.08333,54.79168
15.91667,52.54168
15.91667,52.45835
16.08333,52.45835
16.08333,52.37502
22.25,51.62502
22.41667,51.70835
23.58128,51.37583
23.41667,52.04168
22.75,50.79168
23.01147,45.67436
21.58333,54.04168
22.25,52.62502
22.08333,52.04168
22.25,53.87502
21.75,51.29168
22.91667,52.62502
23.41667,50.95835
22.75,52.79168
22.91667,52.95835
22.58333,53.04168
22.75,52.20835
18.58333,53.29168
18.58333,53.45835
18.25,53.12502
18.41667,53.20835
18.58333,53.62502
18.75,53.12502
21.91667,51.45835
22.08333,54.20835
21.75,51.20835
22.25,52.87502
22.41667,53.37502
17.91667,53.45835
22.58333,53.62502
22.25,52.54168
22.08333,51.79168
22.08333,51.70835
18.41667,53.37502
17.75,52.70835
20.91667,52.70835
21.08333,53.87502
19.08333,52.95835
19.08333,53.04168
21.08333,52.04168
21.91698,54.29138
21.75096,54.28986
21.75,53.54168
21.75,52.95835
19.75,53.29168
19.58333,52.45835
19.75,52.62502
19.58333,52.95835
20.08333,54.20835
19.25,53.20835
18.58333,52.54168
20.41667,53.37502
20.08333,53.45835
20.25,53.62502
20.25,53.20835
20.08333,52.12502
20.41667,51.54168
19.58333,53.54168
19.41667,53.70835
19.25,53.45835
19.25,53.37502
19.08333,53.45835
19.25,52.54168
19.25,53.12502
19.25,51.12502
19.75,53.79168
18.41667,52.87502
18.41667,51.45835
18.25,50.95835
18.75,54.20835
18.58333,54.20835
18.75,52.95835
18.58333,52.87502
18.58333,52.79168
17.75,52.20835
17.91667,52.20835
17.58333,54.04168
17.58333,51.29168
18.41667,54.20835
17.08333,52.12502
16.08333,51.87502
16.91667,52.62502
16.75,53.04168
16.58333,52.45835
16.91667,52.29168
16.91667,51.45835
16.41667,53.12502
14.75317,51.87362
15.08333,54.04168
15.08333,53.37502
15.25,53.37502
15.41667,52.37502
15.58333,53.87502
15.75,52.87502
15.75,52.79168
20.58333,53.37502
18.41667,54.62502
21.91667,52.70835
21.25,51.70835
20.08333,53.95835
20.41667,54.12502
21.08333,52.37502
20.91667,53.20835
20.75,53.12502
20.75,54.04168
20.91667,54.20835
20.75,51.54168
20.41667,53.70835
20.25,52.87502
20.25,52.79168
20.08333,52.37502
21.91667,53.20835
22.41667,53.62502
18.25,53.87502
18.08333,53.87502
18.58333,53.70835
14.75,53.87502
14.75,52.45835
14.91667,51.70835
15.58333,52.62502
15.25,51.54168
15.41667,51.70835
15.08333,51.87502
19.58333,54.20835
18.58333,51.20835
19.75,51.20835
19.91667,51.54168
17.75,53.87502
17.91667,54.37502
17.58333,54.54168
18.58333,51.79168
17.08333,54.29168
17.25,53.87502
17.25,53.70835
17.41667,54.04168
17.08333,53.95835
16.75,54.54168
16.91667,54.62502
17.25,51.29168
17.08333,51.04168
17.41667,50.54168
17.58333,50.70835
18.25,50.87502
18.08333,52.12502
16.58333,51.79168
16.91667,51.79168
17.08333,53.04168
17.08333,52.37502
17.25,52.37502
14.91667,53.62502
14.58333,53.70835
15.25,54.04168
16.75,50.95835
16.58333,51.12502
16.08333,53.79168
16.41667,54.20835
16.75,54.20835
16.75,54.04168
16.75,54.37502
16.58333,54.45835
16.08333,53.12502
15.08333,52.87502
16.08333,54.29168
16.25,52.87502
22.41667,51.62502
23.52292,51.62428
23.41544,52.12449
22.75,50.45835
22.25,51.12502
21.91667,51.62502
19.75,53.20835
22.08333,53.79168
21.58333,53.70835
21.75,53.70835
22.08333,52.37502
22.25,52.29168
22.25,52.04168
22.58333,52.37502
22.75,52.29168
22.08333,54.04168
21.58333,52.37502
21.75,52.12502
21.75,51.12502
19.41667,50.45835
22.58333,52.45835
22.75,52.45835
19.25,50.20835
22.75,53.29168
22.58333,52.87502
22.58333,52.54168
22.75,52.70835
22.75,50.87502
18.91667,53.12502
18.75,53.29168
18.91667,53.29168
18.75,53.20835
21.58333,51.62502
21.75,51.62502
21.75,51.37502
22.41667,53.87502
22.25,52.79168
22.08333,52.62502
22.25,52.37502
22.08333,51.54168
17.75,52.79168
17.91667,53.37502
20.58333,52.79168
21.25,53.70835
21.25,53.20835
21.08333,53.54168
21.08333,52.54168
21.08333,50.12502
21.91667,54.20835
21.58333,54.12502
21.91667,54.12502
21.58333,53.20835
21.91667,52.04168
19.75,52.04168
19.91667,52.62502
20.08333,54.29168
19.58333,51.12502
20.41667,53.95835
20.25,53.37502
20.41667,53.45835
20.08333,53.37502
20.41667,53.87502
20.08333,53.04168
20.08333,53.20835
20.08333,52.04168
20.75,53.87502
20.91667,53.87502
20.58333,53.87502
20.91667,53.54168
19.41667,53.54168
19.08333,52.54168
19.08333,53.20835
19.08333,53.12502
19.91667,54.37502
19.58333,54.29168
20.91667,51.62502
19.25,54.04168
19.08333,53.95835
19.08333,53.87502
18.08333,53.12502
18.75,53.70835
18.75,53.04168
18.75,53.62502
18.91667,52.45835
18.75,51.62502
18.75,51.45835
18.75,49.87502
18.91667,49.79168
19.25,54.20835
17.75,54.37502
18.08333,54.20835
17.41667,54.20835
17.41667,52.45835
17.08333,51.20835
17.58333,54.79168
16.08333,51.45835
16.75,53.37502
16.41667,51.12502
16.91667,53.37502
16.58333,52.04168
17.41667,54.62502
16.25,53.70835
14.97376,51.03556
15.08333,53.87502
14.94543,50.95252
15.08333,53.79168
15.41667,53.79168
15.08333,52.37502
15.91667,52.70835
15.75,52.54168
15.75,51.62502
16.25,51.79168
20.58333,53.29168
21.25,51.95835
21.08333,53.79168
21.58333,53.37502
21.08333,53.37502
21.41667,53.37502
21.08333,53.20835
21.41667,53.04168
20.41667,54.04168
19.91667,53.29168
19.75,52.95835
20.41667,53.12502
20.25,53.04168
20.08333,52.70835
19.91667,52.54168
21.91667,53.29168
21.91667,53.37502
21.75,53.37502
14.75,53.79168
15.41667,52.62502
15.08333,52.79168
15.25,52.70835
14.76807,52.20751
14.7512,52.29234
15.91667,52.79168
15.25,51.45835
15.25,51.79168
15.08333,51.79168
15.41667,52.04168
15.08333,52.12502
14.64132,52.5387
19.91667,53.95835
19.91667,51.95835
20.08333,51.37502
17.58333,53.87502
18.58333,51.37502
18.41667,51.37502
17.58333,51.04168
17.25,51.20835
17.25,50.54168
17.75,50.95835
17.91667,51.04168
18.25,50.37502
18.25,50.79168
17.91667,50.12502
17.91667,50.45835
17.75,52.04168
18.41667,51.79168
16.91667,53.12502
17.25,52.87502
17.41667,52.62502
17.41667,52.04168
17.08333,51.70835
14.43076,53.45974
14.44548,53.20293
15.25,53.87502
20.08333,50.62502
14.91667,52.87502
16.08333,51.62502
15.75,51.54168
16.25,51.70835
16.08333,51.70835
16.75,51.04168
16.58333,51.20835
17.08333,51.37502
16.58333,51.70835
16.91667,51.37502
19.41667,51.70835
16.58333,54.20835
16.75,54.29168
16.41667,53.29168
16.25,53.29168
15.91667,53.87502
16.25,54.37502
16.08333,50.87502
15.91667,50.79168
16.08333,52.70835
16.25,52.79168
16.08333,52.54168
16.08333,52.20835
16.08333,52.04168
16.25,51.87502
23.5603,51.79556
23.41667,51.54168
21.41667,50.04168
21.58333,53.54168
18.9664,54.3342
22.25,52.12502
22.08333,53.95835
21.75,52.54168
21.91667,52.45835
21.91667,52.37502
21.75,51.04168
22.58333,53.12502
22.91667,52.87502
22.75,52.62502
22.08333,51.45835
18.91667,53.37502
18.41667,53.04168
21.58333,51.87502
18.08333,53.20835
22.41667,52.37502
22.25,51.79168
22.25,51.54168
21.08333,54.20835
20.58333,51.37502
21.25,53.87502
21.41667,52.79168
19.25,53.04168
19.41667,53.04168
21.25,52.45835
21.25,50.29168
21.584,54.28773
21.75,53.95835
21.58333,52.87502
21.58333,52.62502
21.75,52.62502
21.58333,52.29168
19.91667,53.20835
19.58333,53.04168
19.91667,52.04168
18.91667,52.87502
20.08333,54.04168
20.25,53.95835
20.41667,53.29168
20.41667,50.37502
20.58333,54.29168
20.25,50.45835
20.58333,53.79168
20.58333,53.70835
19.08333,53.79168
19.75,53.45835
19.58333,53.37502
19.41667,53.62502
19.08333,53.37502
19.25,52.45835
19.91667,54.29168
19.75,54.12502
19.75,54.04168
19.58333,53.62502
18.75,54.29168
18.91667,54.29168
18.75,52.87502
18.91667,49.87502
19.41667,54.29168
17.75,52.29168
17.91667,51.62502
17.91667,51.54168
18.25,54.79168
18.08333,54.29168
17.91667,50.62502
18.25,54.04168
18.25,53.62502
17.41667,54.12502
17.25,51.62502
17.08333,52.20835
17.41667,53.95835
17.25,51.54168
17.08333,50.95835
17.25,50.95835
16.91667,54.54168
16.58333,51.62502
16.75,51.54168
16.91667,52.20835
16.91667,51.20835
16.91667,50.87502
16.25,53.54168
15.08333,53.54168
15.08333,53.70835
15.41667,52.95835
15.08333,53.04168
15.41667,52.87502
15.25,51.70835
15.58333,53.79168
14.91667,52.54168
14.7726,51.95767
15.58333,51.87502
20.91667,53.45835
21.25,51.79168
21.08333,51.12502
21.58333,53.29168
21.08333,52.45835
20.58333,53.20835
20.75,52.95835
20.91667,52.95835
20.75,52.87502
22.25,52.95835
19.41667,52.62502
19.75,52.54168
19.91667,52.45835
19.58333,52.37502
22.08333,53.12502
18.41667,54.04168
18.41667,53.95835
18.41667,53.79168
18.91667,54.12502
14.75,53.95835
14.75,53.54168
14.91667,53.54168
14.75,53.04168
14.91667,53.12502
15.41667,52.54168
15.25,52.62502
15.25,52.87502
15.75,52.37502
15.58333,52.37502
15.91667,52.87502
15.58333,52.95835
15.25,52.29168
14.91667,52.70835
19.91667,53.87502
19.25,52.37502
18.75,51.20835
19.75,51.95835
19.58333,51.79168
20.08333,51.29168
17.91667,54.04168
18.41667,54.70835
18.25,54.62502
17.41667,54.45835
17.25,53.95835
17.08333,53.70835
17.25,54.04168
16.58333,52.12502
17.75,50.70835
18.08333,50.95835
17.91667,50.20835
17.75,51.54168
18.41667,51.70835
18.25,51.45835
16.75,53.20835
16.91667,53.04168
17.25,52.95835
17.08333,52.70835
14.91667,54.04168
14.41667,53.62502
14.41668,53.54169
15.08333,53.12502
15.25,53.79168
20.25,51.20835
20.58333,50.70835
16.25,51.62502
16.75,50.79168
16.75,53.95835
15.75,54.04168
15.91667,54.12502
15.25,52.95835
15.91667,52.37502
16.08333,52.12502
13.13733,56.91061
14.80256,56.03696
14.36265,57.424046
11.196501,55.697426
9.467592,55.183606
14.901222,55.139733
12.48767,55.887879
12.342817,55.237973
12.185112,55.970889
12.202828,55.490161
12.558832,55.659462
12.117341,55.238324
12.43359,55.815735
10.593587,55.328614
12.589109,55.744013
12.582102,55.729083
12.502647,55.614998
12.428403,55.269691
12.536337,55.634156
14.896247,55.224988
10.769768,56.264686
14.890553,55.103008
11.514168,55.494637
12.460728,55.837058
12.194272,55.453125
15.136393,55.063712
12.43669,55.87603
12.509737,55.606797
11.652107,55.330104
12.543246,55.642923
12.595923,55.772346
14.725741,55.238253
12.280119,54.984366
12.108939,56.001114
12.221893,55.426827
12.001975,55.645539
12.032355,55.976362
12.630452,55.670904
12.532033,55.574671
11.566159,46.030229
10.149324,54.329886
22.4,53.17
18.459482,54.643334
11.61925,46.065843
11.598716,46.021944
11.456542,53.0299
11.518162,45.751436
14.34171,53.808318
18.950162,54.351777
21.976005,51.83151
12.326387,58.411667
10.995239,51.017881
15.133402,48.048609
9.587714,53.618847
12.117833,56.035288
10.636562,50.49063
10.983937,51.024871
16.484718,48.176771
14.564971,52.336909
16.040584,48.320169
11.67825,45.977409
12.129756,53.816243
12.278517,55.817117
12.592124,55.705179
14.687363,56.434145
12.100564,55.600147
11.668382,45.996902
16.419033,48.220583
12.092008,57.575509
21.956413,51.834137
22.136592,54.128245
15.695264,48.519711
16.339555,48.310822
14.857532,55.240764
19.810388,50.026175
13.91995,54.018628
15.871552,48.369393
15.669819,56.159637
11.713548,45.645881
16.324047,48.328727
12.847722,56.427389
12.269973,45.794764
17.896778,53.438885
21.830647,40.109655
16.315556,48.317771
11.930776,45.859212
11.893137,55.988245
13.031452,54.434133
15.693217,48.489593
13.001133,51.031314
14.524144,50.282181
11.414381,50.975417
11.73469,45.764092
12.144225,56.00786
21.09644,52.55999
17.703413,53.148403
17.928912,50.7524
12.164517,55.200951
14.440747,49.877008
11.335247,50.975283
19.449265,54.379114
14.355716,51.345519
12.772403,50.195562
12.935046,52.41713
14.918764,50.986098
22.996008,52.333533
14.903164,53.460542
14.371275,56.813122
11.94607,45.917239
9.651978,53.590537
17.44219,47.919482
11.631237,46.016989
17.053812,51.130705
15.313286,48.230879
13.096098,55.907816
14.980022,55.183462
16.372088,48.2502
12.598828,55.692644
20.179011,54.951556
11.007324,50.960939
15.689862,48.533201
12.051775,55.834733
16.165837,49.169576
11.714669,57.827405
14.420996,53.680687
18.780417,54.372505
11.099192,51.143168
14.170531,57.093759
15.683707,48.555811
12.354424,56.023604
21.23423,54.620604
14.740178,55.251822
14.99215,51.136924
18.827657,50.720756
22.53482,53.432298
12.506563,55.635846
12.078444,54.170342
11.581799,46.029812
13.873962,52.026947
14.755027,55.289324
15.137982,48.067972
16.38207,48.211754
12.557888,56.260531
14.024091,55.243614
13.149682,53.30334
11.658251,46.005406
12.288872,55.405225
13.815607,57.056078
12.336982,49.283061
8.589496,50.112079
14.960614,48.761177000000004
22.106379,54.124706
18.80747,54.362137
17.911743,53.435267
12.61982,56.040638
15.789687,56.012272
10.717822,56.271943
21.462328,53.792251
16.186348,49.104771
11.6965,55.63278
11.664586,45.449737
11.45276,45.642993
16.712371,48.123983
11.493641,46.046172
12.005741,52.541685
15.279541,48.222438
11.501533,46.08719
11.668235,45.850538
15.711786,48.457504
12.148817,57.492762
12.676775,55.593492
11.568394,53.014893
22.098053,51.587405
15.649957,48.585547
21.122275,52.58281
13.225682,53.961253
11.508006,46.062916
8.699133,50.216572
16.940152,51.430263
17.070682,51.101379
12.650661,55.64251
16.243462,48.351966
12.028096,45.838693
15.554838,48.881797
18.473134,54.650601
9.468605,55.116857
14.187704,49.928033
14.924333,50.997457
15.563006,56.110189
11.608538,57.603846
10.182431,54.327818
12.781949,55.790407
12.972112,55.612603
10.410122,50.552303
10,53.46
9.225771,54.415687
11.568462,53.038468
10.420047,54.158511
12.861881,49.080144
14.782086,55.288879
12.446012,55.27879
12.131706,54.158574
12.902529,55.75298
12.128336,51.0513
15.999211,56.207338
14.296836,55.613517
11.713657,52.983881
13.981042,51.865833
12.885087,53.846928
16.376088,51.618091
10.84957,53.250135
18.827842,51.553934
18.658865,54.4102
11.587442,53.064232
9.088783,54.376905
22.423766,53.215332
12.063919,55.057541
10.043932999999999,53.868286
15.800228,56.075101
14.66058,52.572547
9.92328,51.618884
11.884414,49.423614
9.794338,54.900568
12.853695,54.353573
12.093778,54.107539
14.445673,53.254341
22.498753,53.429112
9.922918,51.51088
13.969995,53.774392
12.661052,56.252583
12.158608,49.669926
10.782147,53.289522
10.73594,53.34267
11.615081,53.424049
11.553851,52.998013
10.34141,51.37332
10.599904,53.416501
9.278241,54.4199
12.239662,52.693499
15.197905,56.624408
15.539882,50.898017
14.972896,55.212369
10.528563,52.244572
11.827858,53.740692
11.186238,53.128658
14.783885,52.580513
10.401306,53.292884
10.639297,53.369037
14.642744,51.307185
9.370383,54.363808
15.724971,49.706657
13.054008,55.580226
10.746168,53.286819
11.885273,57.686217
10.73446,53.296523
16.616457,48.886104
22.587333,53.373205
12.944839,53.318443
12.728819,54.424153
10.443857,54.184027
10.304899,53.435076
10.812854,53.26222
14.986067,52.645431
14.800908,55.278667
10.278247,54.273658
14.079943,53.873273
10.456633,53.349042
13.092222,48.269167
14.698611,48.166111
13.497222,47.809722
9.390384,55.089261
9.703712,55.087854
10.023904,55.35518
10.200698,55.982598
10.184277,55.443596
12.515649,55.963466
10.348444,55.621626
10.496928,55.350302
10.673562,55.797356
11.321808,55.966576
11.757343,55.328353
11.917407,55.324324
11.911033,55.144704
11.914211,55.234516
9.860364,55.086848
10.017006,55.085641
12.521387,55.873701
12.532765,55.694164
10.330248,55.082623
10.658323,55.438089
11.146826,55.700125
11.629714,55.780616
11.769885,55.507859
12.083344,55.234517
12.089694,55.054891
12.095973,54.875253
12.195644,55.956596
12.202118,55.866853
9.702139,54.997998
9.699018,54.818281
10.370467,56.250399
12.696996,55.607475
10.705097,56.515816
10.697077,56.33621
10.643424,55.078799
10.799982,55.076585
11.305809,55.697242
11.476128,55.87369
11.44795,55.424834
11.623682,55.690858
11.60579,55.421572
11.744941,55.14884
12.076924,55.414134
12.214958,55.687362
9.549518,55.268373
9.545828,54.9988
9.8662,55.356399
10.038054,55.894219
10.033284,55.714545
12.343312,56.139639
10.701076,56.426014
10.693102,56.246405
10.650832,55.258447
10.956518,55.07417
11.776209,55.597609
14.920353,55.179783
9.232669,54.909937
9.870146,55.536093
9.858441,54.996995
10.012471,54.905942
10.178926,55.263917
10.176273,55.174076
12.367807,55.780624
12.373845,55.690866
10.342311,55.441964
10.333239,55.17246
10.53901,56.42813
10.535392,56.338319
10.628854,54.719485
10.867523,56.513481
10.863119,56.423686
10.85874,56.33389
10.960914,55.16398
11.127351,55.340952
11.284895,55.338106
14.763325,55.179579
14.763856,55.089718
9.388643,54.909538
9.389511,54.9994
9.710095,55.447266
9.856528,54.907141
10.035662,55.804383
10.186976,55.533433
12.361735,55.87038
12.397657,55.331815
12.420941,54.972737
10.500327,55.440129
10.490188,55.170643
10.647118,55.168624
10.79196,54.896946
11.290079,55.427893
11.453522,55.514609
11.442409,55.335058
11.63578,55.870373
11.599893,55.331807
11.55952,54.703401
14.920532,55.089921
15.077382,55.179784
15.077209,55.089922
11.869512,54.696464
11.907872,55.054889
12.221323,55.597614
9.550762,55.358227
9.874136,55.715781
9.868168,55.446247
9.864244,55.26655
10.028567,55.534865
10.181594,55.353757
10.367267,56.160578
10.336246,55.262296
10.531795,56.248507
10.654567,55.348269
10.804028,55.166403
10.943475,54.804733
11.464762,55.694153
11.61172,55.511336
11.594028,55.24204
11.801866,55.956592
12.073686,55.503943
12.233948,55.418112
11.923852,55.503941
12.240206,55.328358
9.232152,54.820072
9.387779,54.819674
9.711713,55.537115
10.026229,55.445023
10.021592,55.265335
10.014732,54.995792
10.20349,56.072427
10.173634,55.084233
12.403527,55.242048
12.527092,55.783933
10.33927,55.352131
10.528218,56.158693
10.514114,55.799423
10.987816,55.702803
11.311112,55.787022
11.300536,55.607461
11.279739,55.248318
11.470429,55.783922
11.641881,55.960128
11.565192,54.793178
11.782569,55.687358
14.762791,55.269439
15.077036,55.000059
12.060554,55.863149
12.070431,55.59375
12.080143,55.324326
11.940286,55.952939
12.208556,55.777109
12.227653,55.507864
12.246431,55.238603
14.613281,50.149445
14.27459,50.744651
13.952104,45.460443
14.9,55.2
15.1,55
12.1,55
11.9,55.5
14.7,55.2
12.4,55.6
12.3,56.1
14.8,55.2
15,55.2
10.8,56.3
12.246475,56.044834
12.313091,56.02891
12.22401,56.042565
11.723934,55.205232
12.381122,55.980494
10.728974,55.218299
11.889357,55.946166
10.632615,56.27212
10.075514,55.483674
10.057228,55.470274
12.051735,55.651378
14.728828,55.103408
12.273314,56.052645
11.465439,51.026234
11.583127,50.919039
11.583594,50.907508
17.166112,54.58773
20.90519,51.97631
11.702975,55.149116
11.893913,55.734367
11.574267,55.378157
11.659736,55.177662
12.421554,55.615963
12.350252,55.833494
9.57182,55.25836
12.53711,55.81811
12.35274,55.7743
15.10233,55.03064
12.5326,56.06102
11.94047,54.64488
12.36494,55.80419
12.14527,55.84751
12.31252,55.82295
12.51478,55.93512
12.20547,55.4991
11.76733,55.94397
9.62987,55.44362
11.75151,55.23257
12.50384,55.77027
15.00617,55.09779
12.41876,55.36575
12.5182,55.62797
12.20991,56.11423
11.99935,55.75599
11.855,55.97669
11.52267,55.20012
12.47025,55.94407
11.44232,55.7824
12.45849,55.8158
12.59783,55.75692
11.87597,55.98049
10.8349,54.94389
9.7194,55.04355
11.86522,55.80539
10.7503,55.32552
12.44342,55.86714
14.82673,55.18571
12.01192,55.66662
11.53331,54.75316
12.41001,55.86005
12.21742,55.9811
14.86903,55.20233
15.1458,55.11899
12.14999,55.89354
14.89295,55.21261
12.11,55.25692
11.77429,55.44538
10.67997,54.76018
15.08181,55.14537
12.28601,56.12872
10.51283,56.09432
12.00511,55.07075
12.58324,55.64055
12.4463,55.82342
12.45814,56.09505
12.29945,55.69466
15.00326,55.03027
12.51932,55.64139
12.45508,55.80128
14.84365,55.24751
14.70252,55.17682
12.20858,55.73941
10.60378,56.38176
14.70831,55.15434
14.92068,55.13503
11.92865,54.57923
14.69596,55.11058
11.75499,55.48186
10.30794,55.16066
12.49926,55.92649
12.57337,55.78836
12.40493,55.73297
11.71507,55.9034
14.77309,55.29872
12.36589,56.071040000000004
9.5928,54.92447
14.75617,55.27779
12.13128,55.79472
9.75924,55.05831
12.59228,55.72149
12.39735,55.89982
11.79511,55.48536
14.977,55.12002
12.36493,55.39826
9.45746,54.84493
12.07961,55.85278
12.43105,55.79837
10.69626,56.2555
12.19674,55.47848
15.14304,55.10609
10.9379,55.10751
10.96145,56.4425
11.68349,55.506100000000004
12.36294,55.63016
12.49113,55.72465
11.54158,55.1988
12.52458,56.04689
12.62355,55.69713
11.87645,55.28469
10.60741,56.28755
11.8776,55.27415
12.0265,54.99766
10.64831,56.37555
12.00277,55.7445
12.47829,55.77821
11.6764,55.34563
12.36737,56.0608
12.43552,55.63008
12.41721,55.86917
12.39598,55.6119
12.53353,55.58468
12.08133,55.57425
14.81457,55.26908
14.70279,55.18672
15.12171,55.02525
12.57849,55.66447
12.38014,56.04375
12.03164,55.09256
10.68963,54.72724
12.28477,55.33755
12.18385,55.49011
9.59872,55.01594
10.38048,55.423
12.24928,55.99962
14.82736,55.25323
14.75784,55.06463
12.05622,55.94774
10.00475,55.86878
12.37149,55.25652
9.21946,54.9559
9.47517,55.17165
11.88359,55.97181
12.52696,55.92838
11.76467,55.21554
12.06963,56.05888
9.68886,55.51552
11.26598,54.70539
12.35704,55.74916
11.87688,55.45072
12.09434,55.56904
12.22036,55.5182
14.84544,55.0855
14.70892,55.21567
11.6445,55.64987
12.18356,55.51386
12.56612,55.80813
12.3712,55.60134
11.77783,55.42081
11.63853,55.17697
12.06481,55.26104
12.57226,55.57884
11.83389,55.04558
12.58674,55.80311
9.8337,54.90572
12.3217,56.07542
15.11216,55.1464
11.94453,54.8238
11.85064,55.28879
11.99682,55.96447
12.27682,55.90392
11.99498,56.02107
12.38905,55.94462
10.86428,56.3821
11.84223,55.96626
12.08141,56.01839
9.95181,55.74928
12.6094,55.68399
12.17714,55.72404
12.12381,55.80497
12.49126,55.71443
12.54377,55.60862
12.06022,56.01079
12.45913,55.77724
14.97162,55.10835
14.94294,55.1256
15.15422,55.13248
12.38175,55.80481
12.09987,55.27332
11.97915,55.57291
12.44499,55.78707
11.35815,55.40112
12.62852,55.72526
12.50879,55.7176
12.2732,55.38085
14.68559,55.10061
12.51448,55.59109
12.1143,54.83278
10.47372,56.30104
12.20358,55.78912
12.44092,55.35076
11.92089,55.64137
12.37731,55.61274
14.89029,55.18042
14.99975,55.18863
12.41291,55.80076
11.98234,55.59852
10.86297,56.34711
10.72343,54.90159
12.24671,56.01081
12.35344,55.70569
10.73828,54.89805
15.13935,55.13704
14.7671,55.10095
12.45185,55.29065
12.07491,54.97056
12.45283,55.32823
12.02593,55.25082
12.25102,55.97222
11.84937,55.52152
11.93099,55.46007
12.5959,55.78771
11.55126,55.44767
12.34126,55.69608
12.56006,55.55876
12.57515,55.55543
14.85212,55.05039
15.15271,55.07048
12.03564,55.60999
12.2425,55.55517
11.54619,55.42823
10.53941,56.36062
12.54297,55.77012
12.60625,55.71438
12.00789,55.83972
12.14765,55.48796
12.10293,56.0259
10.52742,55.00523
12.16722,55.96433
12.54905,55.80571
12.51614,55.80218
12.04284,55.84348
10.70775,54.93983
11.93846,56.00474
12.33486,55.77966
10.4093,56.30678
12.01046,54.81649
11.87576,55.47269
11.95337,55.60626
14.76836,55.07319
12.49684,55.77939
10.15574,55.85332
11.72385,55.31918
14.74243,55.18477
12.03535,55.66267
12.55005,56.05447
11.94961,55.28336
12.47419,55.60817
11.81299,55.31103
11.82163,55.29422
12.44608,55.34067
11.56397,55.42803
15.05797,55.15831
10.25231,55.09879
12.39811,55.25964
12.34901,56.119
12.63505,55.6796
12.55788,55.57358
12.64103,55.65667
11.28202,55.22971
9.82519,55.36909
12.56269,55.64766
12.33828,55.80192
14.85218,55.20782
11.86605,55.94306
12.68097,55.61589
9.56546,54.92667
10.26132,54.92141
11.71437,55.92009
10.03193,55.69634
12.35662,55.96763
12.4942,55.90309
10.93306,56.41119
14.89293,55.09104
12.48662,56.03321
12.40418,55.78139
12.43817,55.61537
12.57276,55.84969
9.87463,54.87636
12.35541,55.59954
12.34162,55.60487
14.9436,55.20948
14.70349,55.08856
12.51815,55.58145
10.60013,55.11897
14.92463,55.11986
12.49951,55.7965
12.0215,55.6754
11.91738,55.92741
14.98206,55.20178
12.02625,55.6892
12.16636,55.2226
14.88133,55.22163
14.70886,55.1004
12.32763,55.95941
12.05247,55.22266
12.53404,55.74857
14.87901,55.06285
12.12744,56.05825
10.63401,56.25989
12.11409,56.08966
12.38979,56.01387
12.40118,55.36985
9.46984,54.89158
12.45518,55.87604
12.38337,55.88504
12.38001,55.81586
11.70882,55.4967
14.85043,55.22195
12.2846,55.56627
11.78409,55.65597
12.16877,55.45896
12.38434,55.37678
11.53224,55.86472
12.44412,55.31606
12.10613,55.96107
12.31069,56.12746
12.05691,55.82613
12.56236,55.60733
12.01143,55.6548
12.42977,55.77898
11.88223,55.25187
12.31645,55.81417
12.234680000000001,55.57055
14.87406,55.09934
14.71152,55.14262
12.47707,55.67595
12.46945,55.87172
14.8972,55.1188
10.66486,54.79676
11.35664,55.64456
12.39077,55.35592
12.12628,55.73273
11.92483,54.71046
12.54627,55.8853
12.43803,55.75368
9.82743,54.89201
13.754539,53.563891
20.84692,53.49416
16.374866,52.096856
21.762047,53.984295
21.214765,53.843591
17.286324,50.976443
21.367384,51.786036
20.478447,52.345422
21.285485,53.541172
19.070032,54.159883
18.308546,53.290802
18.474857,52.809093
21.099,52.173
15.52568,48.388656
12.151807,52.797978
10.525793,53.366002
16.052608,48.337252
15.60964,48.0538
14.7861,48.063414
15.5865,48.397829
12.794787,50.972576
11.855937,49.445137
11.589246,50.954533
8.707335,50.173832
9.58293,53.628429
12.165642,54.15942
14.353123,53.131737
8.733765,50.18037
10.867882,51.460213
12.659299,51.419258
12.850359,50.936325
10.507393,53.349834
12.079296,54.140671
10.923356,51.45298
11.426703,49.155685
11.812672,52.347923
14.264885,53.015167
12.234993,52.684811
8.781262,50.267319
9.346619,52.479435
12.809544,53.376774
12.135034,54.818626
9.420733,54.758659
12.685347,54.424873
11.560963,50.780704
14.142764,52.870098
13.950374,51.893581
12.181424,52.663654
14.355698,53.115871
9.685223,53.596622000000004
9.880446,52.950333
8.885365,50.368652
12.707062,54.10128
12.631494,52.597237
9.517937,53.68898
12.902703,50.876835
12.687235,52.358829
13.9986,52.118179
11.681538,52.176662
12.930778,48.786377
13.725271,52.404774
9.703623,53.579037
15.688704,48.391766
11.504917,50.747318
10.386972,53.224743
13.851645,52.08503
9.813309,51.996933
12.104702,54.17786
12.087536,54.181828
8.681645,50.189732
14.566841,51.257671
12.508793,54.305256
10.203896,53.76236
14.342995,53.072113
8.770566,50.194431
11.442862,53.035641
8.75576,50.196571
13.670695,56.762177
11.529486,53.044697
11.43651,50.72961
9.069893,54.44437
12.421417,51.848503
12.703114,54.421627
11.456471,50.739143
11.948919,54.072182
11.008563,51.008148
12.416782,52.648582
9.338084,54.451569
8.73323,50.421726
14.727516,52.583233
11.862813,51.179775
14.27742,52.345825
9.269543,52.454861
12.391559,51.646931
12.228727,54.056263
9.576581,53.637283
10.610991,53.365459
15.724323,48.384758
12.922269,50.848141
8.687439,53.878441
10.018759,51.711468000000004
9.414495,53.931931
10.827735,51.359989
14.573453,51.267155
14.480324,51.31731
11.325059,50.676746
12.926437,48.835625
12.894471,53.386269
10.920495,51.355175
9.802294,52.005093
10.876465,53.238358
14.956387,51.323746
9.965115,51.724052
10.493682,51.561756
12.123419,54.173393
11.421576,53.042557
14.19174,52.988231999999996
11.604177,53.016617
11.706859,52.173618
12.128885,52.812618
13.092527,52.202728
13.688965,54.360157
12.497045,52.385674
11.645336,52.114834
12.498064,53.939213
8.669329,50.17926
9.342606,49.387081
8.647203,50.172646
14.014349,53.921829
12.668095,54.376034
8.914503,52.24659
15.653507,48.401623
12.319622,52.609562
10.869555,51.129734
8.651218,50.161934
12.221652,52.713394
14.456463,51.273746
14.241028,53.012306
13.654814,52.391143
15.59882,48.40339
12.272165,55.967171
12.263788,55.958061
12.8547,55.4113
15.49661,56.74816
14.19887,57.51812
13.85067,56.56983
12.36882,57.27884
13.77908,56.79512
16.45529,56.6315
14.73783,56.30394
12.22785,57.22978
12.23583,58.39402
14.06875,57.6571
11.80022,57.64628
13.68698,55.57323
13.35175,55.97323
12.83668,56.26385
12.5167,57.08334
12.68303,57.92524
14.1104,57.39453
14.24988,56.1166
13.92687,57.79003
13.71297,55.56352
12.42242,58.48234
12.02272,57.38904
14.1755,57.6069
14.55523,56.77177
13.4993,56.84567
12.30942,58.3898
14.26632,57.1056
16.37799,56.51806
13.67023,56.34133
13.44701,56.68625
13.92108,56.5231
13.71588,57.61752
13.77475,57.8548
13.88804,56.5697
14.88495,56.15612
12.19612,57.11884
12.8498,56.6462
15.03979,57.41963
13.00479,55.60913
14.15507,57.4952
12.94571,55.50684
16.38409,56.27929
15.61389,56.12557
14.82839,57.55337
14.11594,56.69325
12.60981,57.84349
14.75975,56.8971
11.80981,57.70609
15.13052,57.34766
13.32612,57.17341
14.05525,57.15753
12.97782,57.70411
14.34973,56.01762
14.83278,56.86513
11.92113,57.69806
11.78469,57.65107
11.68369,57.69446
14.76545,56.0421
11.83863,57.68534
12.90599,55.52318
12.91355,56.08439
14.80608,56.8585
15.42309,56.159
12.91674,56.43075
11.96165,57.92161
14.06978,57.91304
12.93518,55.41173
12.60261,57.65965
16.40812,56.42368
15.63558,56.09805
13.09496,56.53924
13.53748,56.70545
16.29318,56.66735
12.2598,57.07651
14.3488,57.11757
13.08798,55.37159
14.80537,57.09399
14.21707,55.69459
14.2334,57.0748
12.62521,56.74192
14.31174,57.40531
16.57841,56.48899
12.91899,55.55585
14.00777,57.93415
16.40655,56.35707
12.56068,56.17052
12.61186,56.81037
16.39605,56.44945
11.87475,57.52099
14.87814,56.92467
16.40403,56.26126
12.29822,58.29528
12.39373,58.2821
13.98457,56.94559
12.65018,58.33802
13.97367,56.35457
13.10224,55.88044
15.30903,56.12494
14.81208,56.87754
12.91156,55.57334
12.49386,56.2833
12.44621,56.30269
12.56306,57.21679
14.71296,56.17541
15.57788,57.04432
12.79929,56.77933
12.88902,55.5197
15.53067,56.16897
16.49173,56.70409
13.90837,57.58833
13.56096,56.89296
12.34252,58.38456
14.92407,57.55248
13.54467,56.99205
14.24669,55.87876
14.26261,57.73616
11.95527,57.34184
11.89579,57.61105
14.67687,57.23939
12.53929,56.28777
13.30215,57.123
14.39027,57.54251
12.59607,56.86372
12.54654,57.89977
16.21028,56.88744
12.50736,57.93865
15.29312,57.31401
12.35087,56.94991
12.77632,56.80724
15.52878,56.10117
13.79474,57.90998
15.19766,56.6679
13.41842,55.71437
16.1104,56.42841
13.50901,56.77114
13.63,55.4199
12.05307,57.45385
14.45751,57.71094
16.43139,56.6099
11.79335,57.84245
16.16849,56.49879
12.42722,56.90043
12.06456,57.79416
12.83059,56.27773
11.62074,57.77139
14.10672,57.43906
13.65442,57.44176
12.66144,57.48613
13.65981,55.49232
13.51669,56.13961
14.71271,56.50263
16.45922,56.64148
12.4884,57.97832
14.00271,55.6242
12.9872,55.6014
12.94923,56.3349
14.28425,56.55878
13.10565,56.58059
13.88609,57.05051
14.524,57.3717
12.82831,57.34567
15.68044,56.07546
13.11575,55.78596
13.16065,55.69531
12.80642,56.02286
16.51431,56.72914
12.35406,56.97948
12.54072,58.35653
15.07355,57.40153
12.99667,55.97345
14.11628,55.7762
13.32459,57.67667
12.55246,56.25172
13.13908,55.56511
15.38585,56.29171
14.44414,57.5869
13.75716,57.0795
12.82071,55.39253
13.95119,57.08288
16.33796,56.70256
11.85134,57.80343
14.84188,56.15772
14.37185,55.96113
14.73216,56.01176
14.85587,56.64849
12.0294,57.40402
11.74133,57.61932
12.16659,57.49528
14.66392,56.87918
14.7999,56.14875
14.1217,56.66526
16.54145,56.76607
14.20135,55.62355
16.0073,56.6967
13.05585,55.68564
14.179,55.8927
13.76192,56.13648
13.96098,56.54757
12.35652,58.33779
14.12683,57.26496
13.15718,57.82627
15.56152,56.17291
13.91512,55.43507
16.40218,56.20504
14.78822,56.86301
12.62181,56.40382
12.15288,57.38516
12.70708,57.93392
13.94617,56.30208
14.1873,57.7651
12.76236,56.30928
12.25201,57.12778
11.94354,57.48332
12.7492,56.87889
14.86662,56.17697
14.92062,57.4009
13.60334,55.39319
16.40264,56.38913
13.97178,55.5401
12.61806,57.11994
12.03566,57.94632
13.46843,56.31142
14.64461,56.59333
13.32648,55.62017
15.12788,57.09275
14.75504,57.59068
12.12384,57.4939
13.71343,56.284910000000004
13.03599,55.63811
13.17152,55.71819
12.20308,58.33596
15.45047,56.10858
11.99385,57.62653
12.08239,57.65202
11.73428,57.70152
14.78518,56.84345
13.98455,56.977290000000004
13.6141,55.40763
13.08226,56.40467
11.76576,57.6901
15.78988,56.02189
14.78664,57.16714
11.70279,57.70877
14.34904,55.51095
13.57676,56.25285
13.16458,56.11788
14.33035,57.13999
15.56888,56.61981
15.82313,57.022
12.56355,57.96336
14.62166,56.64839
16.37314,56.52874
16.70766,56.63151
13.35637,55.44067
12.05064,57.67925
16.35998,56.81173
15.48603,56.11486
12.73038,57.93596
12.11105,57.39775
12.74201,57.36385
12.84076,55.898
14.65926,57.47663
11.63177,57.71117
14.7117,55.99646
14.51701,57.72461
11.90469,57.43827
12.46476,56.30199
14.64231,57.2527
13.3674,56.01889
14.12067,56.03638
12.95529,56.53269
12.3529,58.55339
12.94469,56.43734
14.30403,55.60342
11.63863,57.72549
13.69188,57.05145
13.54724,55.38603
14.13345,55.63053
14.40076,57.38244
15.58272,56.19993
11.89439,57.74394
12.32057,57.79435
13.15453,55.73468
15.41867,56.9393
12.56315,57.10034
13.97365,57.8503
13.00569,57.80517
14.44438,56.00449
13.55445,55.69885
14.54703,56.93697
15.34289,56.12748
14.53884,57.22949
16.37234,56.66604
14.91351,56.81133
12.64846,56.08939
12.81274,55.87784
12.85838,56.21214
14.22886,56.97886
14.15034,56.57875
13.1026,55.84913
14.40141,57.07833
14.31742,56.02475
12.40669,56.96452
16.34923,56.65534
14.09244,56.91782
16.5439,56.33174
12.87284,56.65191
16.10184,56.98486
11.96842,57.38739
12.70934,56.64853
16.55087,56.34514
14.58202,56.47116
11.90365,57.59459
12.89292,55.56657
15.14984,57.17884
12.53859,56.20456
12.44999,58.09966
12.7517,56.3333
16.44134,56.91045
15.5667,56.12023
12.36188,57.24097
13.73093,55.43538
16.37377,56.47646
12.7288,56.81434
11.62993,57.68981
12.54516,56.85077
12.94241,55.57922
14.48066,56.0334
14.27957,55.46487
12.91715,55.85118
13.44234,57.63392
14.13055,56.32961
15.67258,56.87377
12.44919,58.21309
15.85864,56.09432
12.84274,56.43638
14.05018,57.401
12.46468,58.01861
11.92047,57.50277
16.41846,56.82918
12.74,56
16.14059,57.03499
14.86111,56.15192
14.73478,56.00214
12.91365,56.6142
14.24065,57.795
14.06369,55.3832
14.0061,57.38705
14.10252,56.04706
12.69296,56.04522
15.69686,56.1749
13.20954,55.58032
16.14748,56.48222
12.52325,56.25328
11.98708,57.70907
16.36344,56.74257
14.51378,57.55955
13.87372,57.08571
14.68427,57.00627
12.9651,55.76364
15.17927,56.15598
12.06766,57.448480000000004
15.67225,56.62244
12.37692,58.28534
12.04618,57.90896
13.02015,57.81158
12.56866,56.27562
12.3835,57.47836
16.58903,56.44919
13.75455,56.68898
16.39685,56.28533
14.2082,56.64657
14.76021,57.06329
13.52065,55.67479
12.85861,56.25421
14.46287,57.51202
11.90303,57.69395
12.40444,57.16528
14.10979,55.38306
13.76506,57.40214
12.91416,56.65426
12.7665,56.05677
14.58599,56.88887
12.8019,55.89539
11.89022,57.98002
12.99792,56.44246
13.18258,56.76647
12.92108,55.94352
14.01322,57.13014
13.20254,55.63193
14.15436,57.787
14.12988,57.50927
12.86556,56.7178
13.25809,58.16254
13.12133,56.19474
12.2531,57.76579
14.88422,56.17819
15.87281,56.82638
13.63439,57.1382
13.89808,56.85331
15.44141,57.33549
16.31876,56.6479
11.85381,57.75806
14.41757,56.98488
15.07723,56.48739
13.05397,57.99167
13.81758,55.4258
13.5038,55.67586
13.09744,56.70415
12.24521,58.1978
13.06008,55.96725
12.55871,57.67296
14.10055,56.1364
12.33502,57.01798
12.43497,57.97482
14.83938,56.1363
11.69248,57.83485
12.16902,57.77199
12.64756,56.19978
16.41443,56.2296
13.4095,57.73224
13.44237,57.87064
11.96131,57.57605
12.66097,56.38456
12.9291,55.59183
12.74432,57.65606
12.5563,56.84071
11.91764,57.48339
16.26207,56.63005
15.95944,56.71597
16.62674,56.50725
12.74075,56.35269
12.62282,56.19131
13.0776,55.60214
13.84899,55.42423
14.7947,56.94169
12.34309,57.03226
12.22926,57.40142
12.13814,57.65889
12.83821,55.41498
14.714,56.6342
12.99485,55.62693
12.1246,58.15917
12.80294,56.29128
14.1289,57.63586
13.9599,55.93268
16.47041,56.66698
14.10218,56.1622
14.27444,57.03292
15.10006,57.42135
14.81131,57.42625
14.18015,55.93359
12.50494,56.27094
13.15016,55.58347
12.5594,56.9052
12.8488,55.96883
12.72672,56.40811
13.49295,55.69026
13.47079,55.46247
14.70589,57.43687
12.62535,56.42748
16.58139,56.42428
14.5177,56.95495
13.6585,56.34904
12.67872,56.0768
13.84616,57.91643
14.12991,57.75796
13.08592,56.20279
14.90262,57.36949
16.47516,56.23664
12.99278,55.9281
14.17089,57.76813
13.83238,57.38984
11.93979,57.76809
15.39137,56.40715
14.12765,55.38121
14.18348,55.72231
13.2514,56.07867
11.60393,57.63318
16.07023,56.32841
16.49831,56.71521
12.57351,57.43987
14.41219,55.97263
12.94777,55.59712
15.04897,56.16919
11.96754,57.49683
14.03507,56.9187
11.95144,57.68609
15.07576,56.1814
14.07172,57.24209
14.18091,57.40228
14.7773,56.23827
14.23584,56.5579
12.52181,56.90061
14.1722,56.81756
12.47949,57.06213
16.09025,56.38338
13.29974,55.81809
13.6015,56.48898
13.22115,56.61771
13.40614,55.59251
13.06865,56.49713
14.58804,56.76783
14.40484,57.15071
11.70703,57.83988
15.46313,56.0951
13.11828,56.72671
12.64469,58.40361
14.27845,57.56029
11.9432,57.56099
14.15693,55.94247
12.86084,56.67471
14.51291,56.88925
14.96043,57.14922
14.35905,56.53559
12.01313,57.76211
13.01472,55.74367
14.0162,57.03451
16.46595,56.65223
13.35928,55.9553
12.8127,56.13055
14.69186,56.44694
12.77747,55.99937
14.11766,57.86059
15.45714,57.24822
14.06593,55.4492
14.20236,56.59239
15.46281,56.12048
15.01892,57.08494
13.72591,57.08078
12.68328,56.05279
13.14256,56.12144
12.15135,57.54157
12.62749,58.41252
14.34505,55.52379
14.85772,57.5669
15.33709,56.89284
12.52109,57.6722
12.24135,57.48953
14.35852,55.55023
13.27904,56.28244
13.9389,56.82906
12.12223,57.34472
13.58154,56.4733
11.8061,57.76068
14.60668,57.52772
12.28543,57.74285
13.43044,55.58067
12.26252,57.10632
16.61546,56.49285
13.95911,56.83311
15.2506,56.32703
14.05932,56.85157
16.1446,56.50033
14.49308,57.36636
11.6471,57.69147
13.6799,56.15351
12.6475,56.18732
15.05696,57.42499
16.35569,56.66768
12.92486,58.25404
15.31494,56.02397
16.38197,56.67984
14.35258,55.55948
12.55052,56.19792
12.67211,58.40839
14.25547,56.00455
14.75145,56.60101
12.94008,56.62197
14.76907,56.86885
16.70283,56.62108
15.2852,56.13976
16.03223,56.36166
12.77245,56.64344
12.73633,56.65735
13.56228,58.13456
16.37583,56.72507
12.22044,57.14315
12.72323,55.90432
12.58799,56.13678
13.92614,57.22048
16.50035,56.27377
12.30987,57.02762
14.46814,56.0431
13.66431,57.15086
12.72794,56.64092
13.11406,55.55602
12.84718,56.65526
12.74875,55.99016
13.62423,55.67976
11.99268,58.02259
11.8042,57.77737
11.68326,57.73482
14.00332,57.88427
14.3268,55.50185
14.36919,57.59994
12.71838,56.16062
15.1464,57.10008
13.52759,56.48962
16.40387,56.55483
12.31125,58.30512
14.78666,57.44183
13.09935,55.58794
11.85352,58.02449
12.72152,56.03133
11.79394,57.69893
16.48041,56.77616
14.13235,55.93917
14.75786,56.54243
12.68843,56.70909
13.85726,56.36914
15.56093,56.56573
12.68982,57.13572
14.26175,55.44852
13.38924,56.65394
14.11243,55.43694
13.56345,57.95649
13.14719,55.7015
14.23013,56.65359
12.10913,57.65627
14.83099,56.84479
14.28416,55.4738
14.58357,56.02309
14.30004,55.51255
12.69559,55.92011
15.48387,56.16056
15.63258,56.16714
14.65804,57.38217
13.12254,55.5465
13.51046,55.48187
12.08888,57.50562
15.51845,56.11761
13.94648,57.14574
13.42222,57.74394
13.29255,57.20658
14.61104,57.23135
16.39817,56.30368
16.70112,56.60491
12.70136,56.12045
13.09901,55.37871
14.13914,57.19778
13.49239,57.92018
14.14688,56.02838
11.94335,57.7066
11.66879,57.69919
14.86104,56.16784
14.15511,56.77692
15.82265,56.05833
16.33599,56.64911
12.55093,57.91457
15.09058,57.40929
13.20249,56.70115
12.6004,57.46605
14.73717,56.88024
13.05169,55.62827
13.14454,55.52783
12.81347,55.98802
12.49073,56.8931
13.53904,57.79907
13.61281,55.71968
12.95397,55.7305
12.58244,56.26911
16.51659,56.74409
13.75503,57.36712
11.6101,57.76059
15.00699,57.42576
14.15958,55.79758
15.38459,56.13469
12.78895,56.17342
14.71836,56.83455
12.9066,55.54111
16.19002,56.53122
12.73776,56.82449
12.90836,56.64139
11.86136,57.641
12.79817,56.21554
12.90089,56.69311
14.90517,56.1618
12.52776,58.38093
14.27122,57.80255
11.78009,57.90304
14.84439,56.81154
14.04367,56.42816
13.07248,55.39655
12.97289,56.68645
13.16841,57.15072
12.11542,57.64485
12.11792,58.12657
15.29394,56.24001
14.1801,56.12723
12.84629,56.68459
13.25844,55.90792
15.13607,57.13652
12.31797,58.37121
13.20469,57.137
16.40487,56.34095
13.83378,57.98051
11.61246,57.69168
12.81575,56.77531
15.78735,56.12304
14.74507,56.29228
14.78007,56.15751
13.19254,57.82743
16.43237,56.59441
13.39622,57.75484
14.1096,57.34572
14.99029,57.08472
12.38338,57.64814
15.05548,57.06015
15.89808,56.41368
11.90479,57.84794
14.77881,56.25251
14.10659,57.42779
14.31749,56.38995
12.94725,56.54518
14.09494,56.1968
14.74858,56.1865
13.5406,56.67834
13.30966,56.09169
14.47367,56.06669
12.37197,58.44995
12.92542,55.51052
13.19654,55.3797
15.28845,56.67564
12.95198,55.44513
12.17285,57.7498
11.68268,57.7094
12.46519,58.03504
13.8447,55.43531
14.15659,55.76319
12.26574,57.48528
13.22765,55.62109
12.42082,58.12103
14.59432,56.04918
11.89415,57.55527
14.0187,55.40871
13.07465,55.69362
11.74782,57.64495
16.64539,56.55799
12.84546,57.98664
11.78179,57.56261
13.69781,55.42325
13.88534,55.43668
12.60283,57.6725
12.06577,57.33924
14.12083,55.64455
14.30366,55.90806
12.32438,58.36042
14.21568,56.71432
12.51711,56.87205
14.8452,56.38985
15.65091,56.1202
13.51019,57.06254
13.75787,56.95209
12.27304,57.04938
16.63111,56.64153
13.28389,57.84176
12.38502,58.32963
14.50227,56.10682
12.77934,56.05028
14.39422,55.97267
14.37399,57.03371
15.26324,57.23287
13.81267,55.78072
13.03175,56.06673
13.52874,57.95922
14.48833,57.30525
14.27754,56.91372
14.28234,57.59312
13.32706,56.04583
12.95961,56.10426
14.67758,57.56027
15.40132,56.13005
13.88887,57.74592
13.07555,55.77972
16.43816,56.87823
14.26057,56.8322
13.07871,56.66474
12.89708,55.39426
13.37685,55.95117
13.38454,56.02024
16.4352,56.3917
12.68765,56.38394
13.71194,56.10389
11.79436,57.60244
12.82831,57.08969
12.71121,55.91491
13.69706,56.15527
15.6825,56.59339
12.76678,56.67786
12.75101,56.64692
12.11049,58.1396
13.93176,57.18007
13.24847,56.03781
13.03438,56.25716
12.04539,57.59088
14.12499,57.22694
13.862730000000001,55.55554
12.82085,56.70989
12.85023,58.0806
16.56236,56.38332
12.36835,58.26367
13.68879,56.75696
12.34853,56.9316
14.31429,55.59438
13.06011,57.81598
14.68637,56.49689
13.36895,56.31074
13.64997,57.15845
16.26962,56.65781
15.61472,56.31124
13.02825,55.72554
14.59259,57.60234
12.65419,58.16726
12.11955,57.25276
16.37451,56.80304
12.34614,57.90413
14.12412,57.52722
14.15413,55.74531
15.45941,56.16556
14.96671,57.30277
13.82902,55.41739
14.82835,57.51982
11.87014,57.75275
11.75128,57.635
11.99797,57.7578
12.89889,56.23433
13.00361,55.49719
14.13398,57.49923
13.77306,55.58283
16.71439,56.65825
14.27334,55.45581
12.23853,57.77514
14.86417,57.48137
13.48368,58.15985
14.69108,57.42541
12.99725,55.73014
12.03025,57.70283
12.9597,56.27763
12.25259,58.27121
14.89895,56.76294
16.42349,56.81598
13.19322,56.50296
14.89594,57.55496
13.38966,55.93427
14.11994,57.48555
13.9629,57.57216
16.36804,56.95375
15.53962,56.20141
12.88271,55.85705
12.93762,56.58939
14.76643,57.34978
12.98193,55.62005
13.06948,55.61119
11.95081,57.72454
16.05197,56.29886
12.77193,55.94224
11.96362,57.71089
15.58917,56.18234
15.35012,56.57909
12.78644,56.29791
11.674620000000001,57.83338
11.78547,57.57522
12.35086,57.00738
16.36271,56.68983
15.54906,56.12401
14.21415,57.58299
13.10511,55.6986
12.84698,56.27537
14.54151,56.47533
12.96724,56.43693
15.15118,56.95879
12.67732,56.23368
11.61708,57.73518
13.0575,56.697
11.92079,57.61147
14.1515,57.0873
16.30992,56.66011
14.31686,55.48644
13.83441,57.7005
13.77642,56.76073
14.78127,57.02889
13.10541,56.48152
13.26398,55.77477
16.57647,56.57236
13.73336,56.29112
13.67019,56.13885
12.6025,58.47063
14.38395,57.10813
13.81021,56.80455
11.92567,57.58757
15.21482,56.14301
12.49596,58.07704
12.93582,55.52739
13.99924,55.8717
13.29573,56.13338
14.46229,56.09142
15.01691,56.19797
12.33249,57.26127
14.91703,56.98071
13.77664,55.63745
12.2176,57.83811
15.02412,57.31381
13.10218,55.4446
13.11843,55.3749
13.18579,57.75714
12.3504,56.96752
15.5721,56.16422
14.85813,56.13884
14.28505,56.16257
13.9268,56.58247
16.40165,56.56543
13.53179,55.70225
14.70107,56.59256
14.47514,56.12052
14.14886,57.04349
15.4447,56.77248
13.21097,56.81007
16.53344,56.31683
11.96416,57.97359
11.91004,57.623779999999996
14.77624,57.17575
13.23521,56.03005
14.76669,56.03165
14.10633,57.41209
15.11207,57.36625
11.70195,57.85383
13.05248,55.6388
14.91716,56.45027
14.82554,56.77614
14.99531,56.16636
13.25339,57.00274
14.16257,56.60828
13.64643,56.87251
15.53229,56.18975
11.99391,57.86466
13.17459,55.686
16.48506,56.25023
15.70739,56.16425
15.34877,56.11908
12.71572,56.38288
13.86252,56.82243
14.23549,55.68604
14.33756,55.57789
12.49054,57.63957
13.28069,56.07547
13.89069,57.92182
14.84921,57.17892
16.35361,56.80278
15.32086,56.13371
12.72194,58.2315
12.94436,56.45927
12.36178,56.91971
13.2916,56.26621
12.42665,57.69552
12.23819,57.10568
15.14172,56.50692
14.32844,57.1864
16.07375,56.35088
16.3089,56.83855
12.83436,58.07242
13.73389,57.33376
14.78525,56.85399
11.8431,57.65959
11.72653,57.64738
14.26835,57.79019
13.40498,57.80228
14.74864,56.86535
15.15111,57.14703
13.87382,56.74122
16.40096,56.21644
14.89151,56.93678
13.66895,55.84077
14.30165,55.48314
16.42568,56.58208
14.873,57.04786
15.60005,56.16213
14.04841,57.16797
16.28441,56.77752
13.65406,57.0419
13.24472,55.64243
12.4439,57.96567
13.85927,56.35825
16.43338,56.85091
11.87863,57.6304
14.70468,56.49182
12.99452,56.6341
15.52587,56.71243
12.05269,57.66273
13.08493,55.38323
12.73551,56.2298
14.74694,56.19688
12.40647,58.47423
12.07294,57.95342
12.75644,55.99926
15.30842,56.16989
11.91012,57.63523
14.17003,57.36982
11.82316,57.66882
13.70747,56.11524
14.61735,57.05443
13.1524,55.51673
13.62696,56.91753
14.64011,57.40304
15.31895,57.33208
13.86514,55.44416
16.41198,56.59494
12.73995,57.07338
13.17661,56.03532
14.2017,55.81091
15.07148,56.76471
14.30181,57.60967
12.81654,58.07129
14.80849,56.15846
12.06067,57.91921
12.22835,57.32611
16.37336,56.70596
12.75531,56.02118
15.6612,56.18335
13.44115,55.91181
11.66965,57.74251
14.96785,56.14803
14.17517,55.98135
13.7297,56.846
12.77025,56.03756
13.00262,56.1081
11.95061,57.50333
15.68045,56.1064
13.24841,57.14661
14.31904,56.61353
13.890930000000001,57.46583
12.9611,55.40103
11.99991,57.68489
12.7831,56.21953
14.05485,56.9517
13.44968,55.70349
11.83771,57.79264
14.76637,56.85917
14.19434,55.76204
13.05282,56.87359
12.03937,57.89024
14.12892,57.44285
12.69319,57.4885
14.34097,55.56901
12.04016,57.65565
12.00162,57.36644
15.02503,56.16226
14.32922,57.1747
13.86405,57.54715
12.57655,57.94633
12.6034,56.11656
12.49729,57.92117
14.69576,56.02554
14.71966,56.24304
12.32554,58.20961
14.65785,56.98249
13.01384,55.59241
15.74968,56.11165
12.753,56.18229
11.76037,57.61237
13.07026,57.80846
14.61485,57.66283
11.81167,57.69471
13.65764,57.94618
13.16703,55.58481
11.97441,57.63701
12.79334,55.99745
12.97014,55.60252
14.90216,56.78285
12.8759,56.1617
13.79125,57.55807
13.1302,57.03395
14.43964,56.28875
13.92429,55.44249
12.83689,56.4017
14.56607,56.02457
12.19554,57.3848
12.06592,57.78401
14.57358,56.9394
11.86111,57.67629
11.65084,57.70285
13.26624,55.71794
12.93988,57.11994
13.79115,57.87488
12.59873,57.02244
15.14857,57.23317
12.24447,57.06516
15.332090000000001,57.35053
15.11013,56.89969
13.72743,56.11919
12.34839,58.30137
13.45352,56.7396
14.12823,56.1032
16.40344,56.27125
14.15291,57.83727
12.48305,56.29944
12.84159,56.15467
13.65353,57.09335
15.71119,57.15687
11.91895,57.54666
14.67722,56.52693
16.21731,56.53698
11.72207,57.72925
16.52609,56.75738
13.25408,55.62328
15.20594,56.15852
13.0806,56.9561
12.18122,57.29079
15.29167,56.70352
15.58785,56.16839
15.84261,56.07507
14.27922,55.63286
14.20569,57.26553
14.86882,57.33638
13.0924,56.13518
16.28161,56.64879
13.07814,55.68151
12.65431,57.0684
14.69742,56.01035
14.77082,57.00324
12.60892,58.42446
13.4592,58.14258
15.53825,56.11192
13.24598,55.7774
15.53793,57.23551
15.84289,56.08623
12.81073,55.37826
13.89845,56.78252
12.75601,56.46259
12.36834,58.27627
14.02955,57.42706
14.34741,57.46998
15.04816,57.40475
11.95198,58.08227
12.49726,57.63087
13.70658,56.08752
11.60046,57.69886
16.43379,56.25508
14.86363,56.34988
12.94325,55.39713
13.20011,55.7491
15.31647,56.15804
13.97433,56.87718
14.22524,55.67492
12.89625,55.95564
13.00948,55.63395
12.42905,56.93796
16.60074,56.8359
13.14014,57.79249
14.71128,56.45458
13.58858,56.76876
15.40193,56.17847
11.88044,57.81815
12.16796,57.30279
12.87384,56.69222
12.93717,55.80516
14.01078,57.37372
15.40898,57.3371
14.40399,57.72301
13.88065,55.52781
14.00348,56.92367
13.93305,57.6194
13.0612,55.67032
12.93503,56.36023
15.68178,56.17942
12.13776,57.28137
14.38328,57.40934
15.28086,56.35021
13.40277,55.41372
13.64751,55.88646
16.36894,56.65439
13.0567,55.59472
14.04732,56.93844
14.72457,56.86791
14.10252,55.7566
13.90297,56.22248
11.65879,57.66382
13.74775,56.8541
13.50103,55.79215
16.05059,56.32057
11.92005,57.55686
14.45186,57.66824
13.28151,56.61005
13.11579,56.12321
14.46786,56.25856
14.61165,57.13552
13.13712,55.92423
15.5945,56.10593
14.44377,57.61003
14.3616,56.29593
14.24154,56.58119
13.98083,56.74193
13.40449,55.60752
13.27956,55.8081
12.79238,58.07987
13.14405,55.36789
14.82618,57.28899
14.27677,55.65081
11.95001,57.89397
12.385,57.0287
11.796,57.71219
16.56033,56.79736
15.36615,56.14078
14.96376,56.12041
16.40124,56.31406
14.83729,56.14687
12.91807,55.58394
12.67951,56.6873
12.49359,56.90292
12.39206,57.12497
15.80409,56.04121
15.59945,57.01118
14.62394,57.42954
13.14262,55.60417
12.77187,56.19057
13.6029,55.87258
11.75663,57.74711
13.62912,57.4188
12.44544,58.137
16.23054,56.59327
12.6292,56.75573
12.92416,56.69867
12.91975,55.76954
12.11174,57.73244
13.46629,58.09216
11.99058,57.72108
13.67698,57.11697
12.7459,56.34372
12.5963,56.12696
12.36154,58.37429
14.21729,57.53405
12.38488,57.45991
16.50317,56.62551
15.24419,57.41593
13.94581,57.53926
16.40093,56.19506
14.10537,56.6856
12.97992,55.44834
14.96079,57.44785
14.17156,57.0844
14.98156,56.15479
12.8963,56.70618
16.09395,57.01887
11.94202,57.77787
15.91218,56.93696
14.23599,56.66326
12.15997,57.32904
12.9211,56.62844
12.63149,56.10801
12.93598,56.32545
11.91042,57.5113
15.11399,57.41348
12.12011,57.5425
14.72765,56.42255
15.77788,56.03026
13.74647,56.55678
16.51886,56.32124
12.24407,57.11587
12.44398,57.99083
13.08879,55.58001
14.11607,55.76711
11.64872,57.67183
12.76044,55.96993
14.58797,56.78004
-2.699535,52.722932
-2.886997,52.913159
-2.766925,52.597555
-2.712172,52.730633
-2.748419,52.897033
-2.91411,52.756397
-2.765457,52.855797
-2.749493,52.743752
-2.954075,52.360155
-2.786154,52.681935
-2.712528,52.974563
-2.752963,52.648573
-2.433853,52.507547
-3.053936,52.928875
-2.974668,52.876962
-2.828928,52.440709
-2.868795,52.895314
-3.025588,52.420287
-2.724799,52.460273
-2.783686,52.874331
-2.405703,52.490566
-2.37921,52.492452
-2.625163,52.802456
-2.597305,52.91807
-2.648972,52.707937
-2.458696,52.6223
-2.701086,52.96227
-2.784465,52.917476
-2.973134,52.745319
-2.840102,52.683497
-2.871387,52.434066
-2.830411,52.753552
-2.684815,52.728412
-2.361514,52.489811
-2.642706,52.381634
-2.674284,52.717684
-2.78024,52.806482
-2.520378,52.890205
-2.836666,52.615962
-2.799136,52.744777
-2.35574,52.586335
-2.907164,52.878351
-2.730315,52.841455
-2.839034,52.89373
-2.950236,52.812884
-3.126408,52.797857
-3.048801,52.777892
-2.963937,52.425301
-2.416386,52.530085
-2.855294,52.889119
-2.713855,52.69318
-2.54515,52.571815
-3.006615,52.748591
-2.36709,52.452035
-2.796933,52.705236
-2.675125,52.867807
-3.100693,52.836755
-2.355108,52.608497
-2.755575,52.710002
-2.984743,52.698431
-2.772014,52.718886
-2.43764,52.592039
-2.83543,52.531599
-2.536304,52.693218
-2.544593,52.94264
-2.702806,52.650095
-2.964049,52.6995
-3.170351,52.445015
-2.800731,52.589241
-2.662424,52.618863
-2.784222,52.903993
-1.04149,52.949015
-0.738218,53.311924
-0.774987,53.605171
-1.075871,52.938545
-0.715786,53.69336
-0.761878,53.324217
-0.926179,53.094694
-0.717376,53.336242
-1.006178,52.973402
-0.77873,53.322953
-1.06336,52.945998
-0.881152,53.192579
-1.057501,53.037465
-1.168777,52.869517
-0.883457,52.916037
-0.813862,53.108776
-1.046464,53.229973
-0.952776,52.964763
-0.918716,52.948411
-0.784576,52.915336
-0.814074,53.206898
-0.80625,53.289072
-0.831552,53.034786
-0.784058,53.241114
-0.775128,53.007654
-0.806,53.582652
-0.75659,53.307307
-0.933926,52.920006
-0.807934,53.368643
-0.966183,52.955126
-0.902008,53.076225
-0.783966,53.400178
-0.924984,53.076705
-0.86843,52.936257
-0.949383,53.034087
-0.805244,53.351987
-0.927385,52.865649
-0.821388,53.054778
-1.348818,53.963076
-2.385309,53.556819
-1.946215,53.818353
-2.309855,53.771856
-2.628778,53.595832
-3.410841,53.18819
-2.785459,53.557828
-1.560126,53.652336
-2.604794,53.513884
-3.802571,52.772206
-2.0924,52.485057
-2.628414,53.584173
-2.389825,53.891362
-2.22487,53.601406
-4.117342,52.9221
-1.683053,53.641171
-3.023387,54.457337
-1.518309,52.575407
-1.433272,52.376013
-1.661102,55.099075
-1.643283,53.888769
-2.737462,54.262341
-1.479105,52.937507
-2.386302,53.327715
-2.22321,52.45394
-2.183222,53.873281
-2.166016,54.083949
-3.081647,53.137036
-0.842677,53.143405
-3.795294,53.097638
-1.524207,53.424647
-1.56814,54.199932
-1.298522,53.646142
-1.505924,53.683288
-2.281889,53.464172
-2.290483,53.570672
-1.126872,52.944037
-1.44869,54.316827
-2.370997,53.487311
-2.01459,53.749818
-1.719579,54.937519
-1.701958,52.380833
-2.630487,53.567783
-2.301701,53.560419
-2.259588,52.393749
-4.407481,52.890746
-1.622633,55.11132
-2.154156,53.261627
-1.94339,53.442293
-1.641093,53.284057
-0.895667,53.058247
-1.748367,53.846287
-1.062629,52.957744
-0.57024300000000006,53.230635
-0.395093,53.839771
-2.913383,52.492609
-2.028442,53.361289
-2.754021,54.193516
-1.641326,53.82276
-1.764411,55.091421
-4.119856,53.248569
-0.924968,53.819499
-2.511028,53.279779
-3.995674,53.210614
-0.809326,54.211185
-2.129097,53.228269
-0.36,53.8
-1.95746,53.009578
-1.690552,53.910994
-1.080396,51.875498
-2.450123,53.382877
-0.307934,53.802294
-2.803622,53.587276
-2.269174,53.510219
-2.015777,54.076212
-2.090833,53.410123
-2.600879,52.70864
-1.010196,53.98697
-2.271673,52.250014
-1.465381,54.169609
-2.617113,53.850145
-1.3418,52.281309
-0.862611,53.805897
-1.204848,51.741014
-1.473336,53.540485
-1.718946,51.747862
-2.768777,53.831293
-1.468828,53.899993
-2.100524,52.351874
-3.155229,54.345008
-1.031296,54.06354
-2.807609,52.280379
-2.960008,52.548949
-2.078773,54.530254
-2.790676,52.563687
-1.164481,53.898261
-3.042704,52.615676
-1.984551,52.319551
-2.452131,52.637383
-3.309017,54.343438
-1.485246,52.551726
-2.379519,53.630924
-2.551934,54.668316
-1.641257,54.201717
-2.078947,54.620121
-3.368592,52.147086
-1.467685,53.989866
-2.511151,53.886595
-2.519744,52.731498
-0.588999,52.90405
-1.443707,52.862133
-1.929123,51.653769
-3.306169,54.253589
-1.486295,52.46183
-2.024312,53.89667
-2.330939,52.242221
-2.953531,53.937825
-1.402921,51.712066
-2.511366,52.012317
-2.4218,52.556586
-2.94598,52.238893
-2.742052,54.038185
-1.211093,51.381393
-2.621652,54.155707
-0.88588,52.048622
-0.860173,53.895758
-3.152715,54.255154
-1.350951,51.651998
-1.616891,54.349932
-1.777006,53.181891
-2.229772,53.900946
-1.31665,53.899223
-2.956105,52.369174
-1.924581,54.350516
-2.657058,52.011594
-1.488375,52.282035
-2.024737,54.606665
-2.958052,52.459062
-2.074413,52.10331
-2.566102,53.618052
-2.465192,52.475514
-2.601012,53.787311
-2.520816,52.821389
-2.684851,53.809331
-2.02326,51.999939
-2.125398,52.062809
-1.638599,51.833057
-1.635692,52.192677
-2.922486,52.517782
-2.664851,53.98471
-2.079298,54.799853
-2.725896,52.213481
-1.4408859999999999,52.850433
-1.634956,52.282578
-1.30922,54.348564
-1.162683,53.988129
-1.353505,51.472182
-1.478837,53.09107
-1.31518,53.989094
-1.617724,54.260062
-2.713714,52.366392
-2.65023,52.0431
-0.336267,53.867169
-2.658379,52.101494
-2.51427,52.328321
-0.845259,54.434894
-1.312216,54.168832
-2.544723,54.708789
-1.337774,52.550993
-0.691247,53.70078
-2.842109,54.077971
-2.67681,51.872123
-0.863019,54.071056
-1.891098,52.139695
-1.766124,55.159103
-1.92324,55.069442
-2.731209,54.289905
-1.923411,54.979581
-2.556936,52.744813
-3.107454,52.547661
-2.073966,51.833588
-2.509326,51.832508
-2.077581,53.901141
-2.95108,53.829986
-0.724399,53.35506
-0.410625,53.710869
-2.952243,52.189394
-2.679798,52.069905
-0.999398,54.436269
-0.856263,52.06632
-1.501346,51.711625
-1.871889,53.977494
-2.233809,54.619921
-0.772967,53.494901
-0.859363,52.515885
-2.654437,51.83179
-1.434957,52.448111
-1.05817,51.829843
-2.387813,54.529657
-2.635523,52.034189
-1.169814,53.62865
-2.455346,52.306087
-2.363485,51.743139
-1.494488,51.742616
-1.840261,54.274043
-2.599892,52.636726
-0.906542,52.098266
-2.233295,54.530054
-2.515511,52.371918
-1.85655,54.00444
-2.401561,53.56344
-1.463052,54.349346
-1.45951,54.618942
-0.869848,53.536306
-2.540788,52.637011
-2.219527,51.923315
-2.764095,54.406537
-1.657463,52.215218
-2.840294,53.988105
-2.301832,52.26927
-0.879265,54.035256
-2.073819,51.743678
-2.901649,53.6506
-1.503835,54.156292
-3.084482,54.287245
-1.203266,51.830915
-1.347071,51.921711
-2.365668,52.01286
-3.001427,54.346383
-2.366404,52.102764
-1.927982,52.373022
-1.693887,53.192044
-3.462789,54.341671
-2.284422,51.837763
-1.775356,54.912001
-2.961403,52.948988
-0.719004,53.534785
-2.510343,51.922413
-1.633472,52.462377
-2.843934,54.167836
-2.079122,54.709988
-2.074263,52.013404
-2.75182,53.605344
-2.692279,54.258679
-1.188651,52.639965
-1.781541,52.28294
-1.928272,52.193217
-2.818504,52.473596
-0.928983,53.882909
-2.077249,53.721383
-1.847919,52.161674
-2.518677,52.641605
-2.752315,54.604328
-1.313702,54.078964
-2.830856,52.347646
-1.92523,53.991021
-2.865823,54.846216
-2.364937,51.922954
-1.032947,52.998389
-2.495444,52.547311
-1.767687,54.889521
-1.619377,54.080319
-1.493482,51.832522
-2.695307,54.438408
-2.446295,52.06203
-2.624841,52.312954
-2.574356,53.669246
-0.872235,53.446439
-1.776539,53.271778
-1.609183,55.158701
-1.618553,54.170191
-2.460234,51.999042
-3.105197,52.457779
-1.624227,53.541054
-2.052572,52.15277
-2.168886,51.99083
-2.701465,54.79785
-2.512394,52.102219
-2.680208,52.096875
-0.885656,52.057611
-1.90175,54.247147
-2.220409,52.103127
-2.391633,54.120726
-2.99708,54.166665
-1.026197,52.301605
-2.457596,54.55188
-2.077917,54.080894
-1.067422,51.380338
-2.810896,52.460163
-2.219089,51.833407
-2.545932,54.79865
-1.923068,55.159302
-1.784576,51.653593
-2.38196,53.900558
-1.029534,52.148791
-1.770735,54.350322
-2.543522,54.618926
-2.109122,52.266459
-0.540218,54.341714
-2.784474,53.858156
-1.277669,52.168553
-1.766648,55.069243
-0.691135,54.433323
-1.310722,54.258699
-2.645991,53.751124
-1.774166,53.721195
-1.611795,54.889123
-0.713551,53.714504
-2.683389,53.719458
-2.90701,52.481941
-2.54415,54.084182
-1.335694,54.137507
-1.046423,52.724311
-1.620196,53.990445
-1.181929,52.999507
-2.809248,52.370272
-0.817576,52.42557
-2.655744,51.921693
-1.348371,51.831808
-2.571631,52.735754
-0.740241,52.81585
-1.340465,52.371205
-2.688399,53.562132
-1.00806,54.076833
-0.957312,52.112212
-2.666451,52.640866
-2.667822,52.730756
-2.824397,53.179245
-1.487338,52.371933
-2.595164,54.443437
-1.771233,54.260451
-2.653344,52.306057
-1.781098,52.372842
-2.535293,53.989851
-1.924744,54.260644
-1.166268,53.808392
-2.802476,52.401784
-2.701024,52.492331
-2.541138,54.439197
-2.949244,52.391706
-1.932676,52.667444
-2.381142,53.810681
-2.218653,51.743498
-2.778767,53.673484
-2.806582,52.626509
-3.040573,52.525792
-0.80141,52.47935
-1.209544,51.4713
-2.94723,53.659237
-1.153548,54.437447
-2.805979,52.190484
-2.750992,54.53244
-2.339316,52.092506
-3.098496,52.188123
-1.06004,51.739945
-2.368633,52.372468
-2.531862,53.720226
-1.621011,53.900569
-2.43093,51.981171
-2.219967,52.013222
-1.171573,53.538776
-2.698369,54.618132
-2.845768,54.257699
-2.534143,53.899977
-1.928983,51.74368
-2.812553,52.550053
-2.370898,52.64216
-2.7698,52.213202
-0.911906,53.954662
-1.369084,51.75145
-0.586072,52.993915
-1.497473,51.472887
-1.772712,53.990829
-2.999248,54.256525
-2.301588,52.233309
-2.68632,53.899203
-0.874608,53.356571
-2.887052,52.22137
-1.7846,53.0529
-2.18019,53.55544
-3.550579,52.880277
-4.088597,53.298774
-4.105265,53.254742
-3.490139,52.894536
-3.50685,52.99052
-3.344494,52.942267
-4.009187,53.231758
-2.817881,52.950467
-3.884106,52.742344
-3.505278,52.902437
-3.341435,52.964615
-1.422236,52.857086
-1.627531,53.16354
-1.836995,53.146032
-1.778024,52.984134
-1.243095,52.910017
-1.41668,53.270562
-1.568784,53.055473
-1.629231,52.965784
-1.807174,53.12801
-1.805467,53.505532
-1.717153,53.181764
-1.628615,53.037696
-1.303145,52.874426
-1.213359,52.909824
-1.474891,53.414652
-1.746124,53.343627
-1.688397,53.019889
-1.986431,53.379851
-1.243721,52.874063
-1.480135,52.983205
-1.805877,53.415648
-1.329528,53.090323
-1.805631,53.469579
-1.419112,53.090793
-1.570746,52.857715
-1.330086,53.054369
-1.866841,53.164047
-1.327847,53.198183
-1.481639,52.85736
-1.867007,53.110114
-1.326154,53.306041
-1.38695,53.252435
-1.332582,52.892574
-1.77747,53.092002
-1.659713,52.875982
-1.986437,53.361873
-1.479054,53.073092
-1.836927,53.16401
-1.926363,53.343874
-1.746868,53.217786
-1.355896,53.324182
-1.807093,53.145988
-1.926639,53.182077
-1.748859,52.876204
-1.479487,53.037138
-1.452164,52.839249
-1.659572,52.893961
-1.541233,52.839626
-1.447362,53.216774
-1.689556,52.858085
-1.326437,53.288064
-1.5418,52.785691
-1.748026,53.020031
-1.448515,53.12689
-1.600613,52.839841
-1.716084,53.34356
-1.511744,52.82153
-1.86673,53.200003
-1.836174,53.361762
-1.716798,53.235696
-1.508699,53.091197
-1.74813,53.002052
-1.301412,52.982289
-1.896712,53.182055
-1.926052,53.523644
-1.986448,53.325919
-1.480351,52.965227
-1.386693,53.270411
-1.805959,53.397671
-1.392535,52.856938
-1.422713,52.82113
-1.895973,53.487668
-1.356706,53.270254
-1.836859,53.181988
-1.356166,53.306206
-1.837738,52.948273
-1.600448,52.857819
-1.716916,53.217719
-1.720183,52.714329
-1.53952,53.001428
-1.47927,53.055115
-1.600778,52.821862
-1.155982,52.801554
-1.777377,53.10998
-1.926301,53.379829
-1.418628,53.126748
-1.626281,53.307358
-1.567885,53.14536
-1.480566,52.947249
-1.332306,52.910552
-1.657158,53.199584
-1.243408,52.89204
-1.688785,52.965955
-1.659853,52.858004
-1.866952,53.128091
-1.807013,53.163965
-1.538562,53.091316
-1.50972,53.001309
-1.807814,52.984185
-1.568605,53.073451
-1.656295,53.307448
-1.511543,52.839508
-1.746656,53.253741
-1.690705,52.696276
-1.926608,53.200054
-1.956293,53.451752
-1.354267,53.432039
-1.301701,52.964312
-1.717977,53.05592
-1.626594,53.271403
-1.354811,53.396087
-1.564423,53.486921
-1.837805,52.930295
-1.74591,53.379581
-1.808999,52.714505
-1.510329,52.947376
-1.597281,53.199397
-1.451257,52.91116
-1.53837,53.109294
-1.837063,53.128054
-1.745589,53.433512
-1.745803,53.397558
-1.537598,53.181202999999996
-1.30658,52.658694
-1.687227,53.181689
-1.747921,53.038009
-1.330643,53.018415
-1.866897,53.146069
-1.714885,53.523328
-1.718211,53.019964
-1.719144,52.876138
-1.597785,53.145465
-1.807494,53.056098
-1.421519,52.911019
-1.807334,53.092054
-1.71786,53.073898
-1.628306,53.073652
-1.867613,52.912353
-1.59422,53.522979
-1.807254,53.110032
-1.330364,53.036392
-1.449204,53.072958
-1.416924,53.252585
-1.745482,53.451489
-1.417412,53.216632
-1.658441,53.037786
-1.686045,53.343485
-1.423189,52.785174
-1.628461,53.055674
-1.83569,53.487601
-1.570923,52.839737
-1.568065,53.127383
-1.393786,52.767048
-1.835829,53.451647
-1.297911,53.19801
-1.392033,52.892893
-0.789567,53.175952
-1.986409,53.451759
-1.629998,52.875893
-1.42461,52.677305
-1.508904,53.073219
-1.986403,53.469736
-1.776632,53.253801
-1.777563,53.074024
-1.837872,52.912316
-1.775881,53.397619
-1.656871,53.235539
-1.599289,52.983666
-1.627375,53.181517
-1.5682449999999999,53.109406
-1.715965,53.361537
-1.806122,53.361717
-1.477748,53.180956
-1.391781,52.910871
-1.273133,52.892225
-1.417168,53.234609
-1.362834,52.856782
-1.568963,53.037495
-1.65615,53.325425
-1.393287,52.803004
-1.41887,53.10877
-1.452616,52.803293
-1.778575,52.876263
-1.626751,53.253426
-1.539902,52.965472
-1.362307,52.892737
-1.107069,52.691071
-1.29537,52.666269
-1.170255,52.714005
-0.901786,52.484146
-1.279682,52.631114
-0.96795,52.755569
-1.126035,52.663031
-0.902724,52.874549
-1.394098,52.584108
-1.189139,52.761377
-1.392065,52.704336
-1.17179,52.589819
-1.599584,54.807801
-1.716289,55.004751
-2.459561,54.97968
-3.288392,52.708105
-3.067551,52.695916
-3.074031,52.295787
-3.272986,52.023181
-3.469397,52.278941
-3.053235,52.346322
-3.198704,52.597702
-3.54313,52.565259
-3.260622,52.617602
-3.499083,52.305046
-3.551168,52.326492
-3.093286,52.866939
-3.854112,52.601031
-3.381794,52.572197
-3.4575,52.206711
-3.325917,52.649569
-3.786216,52.610841
-3.330078,52.837552
-3.239597,52.553094
-3.17118,52.03143
-3.190291,52.584167
-3.74781,52.573652
-3.550685,52.33994
-3.04064,52.746499
-3.177844,52.835115
-3.221916,52.021024
-3.029234,52.702548
-3.057262,52.268966
-3.12804,52.631526
-3.52883,52.55497
-3.391846,52.65659
-3.632439,52.248027
-3.455444,52.143798
-3.224651,52.810369
-3.243311,52.288012
-3.599249,52.261968
-3.387779,52.528073
-3.429316,52.651783
-3.25233,52.456312
-3.60142,52.171721
-3.592505,52.278244
-3.174641,52.57848
-3.529638,52.263017
-3.342928,52.604111
-3.083624,52.687679
-3.387318,52.232282
-3.123703,52.672697
-3.704587,52.655784
-3.174824,52.391926
-3.298499,52.74935
-3.178727,52.593273
-3.235426,52.640793
-3.590026,52.290865
-3.160362,52.596601
-3.444288,52.228002
-3.831186,52.591273
-3.347111,52.507011
-3.450462,52.491044
-3.132554,52.597454
-3.270829,52.765832
-3.534271,52.289804
-3.149145,52.647505
-3.355037,52.661511
-3.215655,52.753824
-3.287044,52.66227
-3.303808,52.130737
-3.3226,52.56658
-3.538729,52.333802
-3.281326,52.694247
-3.165179,52.636245
-3.494952,52.688598
-3.311672,52.298781
-3.272731,52.525771
-3.108385,52.789037
-3.348567,52.113151
-3.298252,52.765984
-3.190369,52.614284
-3.160556,52.072049
-3.440712,52.478891
-3.255546,52.749812
-3.494839,52.337962
-3.399281,52.518947
-3.536857,52.322138
-3.43682,52.282822
-3.146351,52.086519
-3.111682,52.685621
-2.976578,52.265166
-3.175045,52.621179
-3.291405,52.436247
-3.506339,52.201152
-3.219442,52.037234
-3.487633,52.254437
-3.369033,52.161467
-3.494034,52.183326
-3.342153,52.397382
-3.594112,52.157515
-3.267977,52.358013
-3.5103,52.145356
-3.456747,52.161315
-3.277834,52.345904
-3.443879,52.21542
-3.47218,52.201448
-3.552429,52.177942
-3.468447,52.250182
-0.460518,53.693093
-0.47556,53.695982
-4.124944,53.22832
-3.124675,52.903055
-4.02791,52.631224
-4.125921,52.823716
-3.677341,53.212494
-4.708857,52.805091
-4.355731,52.901197
-2.900036,53.039813
-4.062508,52.675583
-2.868621,52.960939
-4.192489,53.157418
-2.87076,52.993285
-3.244262,52.977377
-2.921959,52.948851
-4.041983,52.679535
-4.274413,53.249836
-3.126091,53.160728
-3.684793,52.700436
-3.884799,52.773846
-3.768917,53.314149
-3.463957,53.285471
-2.874721,53.041799
-4.621031,52.825049
-3.618089,52.897357
-3.778162,52.776392
-3.541336,52.933889
-3.352586,53.15509
-3.338478,52.989838
-3.206922,53.141688
-3.032497,53.109196
-3.583606,52.930187
-4.041553,52.70202
-3.982477,53.225382
-3.425189,52.953769
-3.336712,53.053236
-3.84138,53.009183
-3.669895,52.736609
-3.59342,53.03524
-3.877994,53.336754
-3.798987,53.047142
-2.883228,53.020162
-4.082292,52.780433
-2.935912,53.11235
-3.316102,53.135721
-2.856042,53.002382
-3.8192,53.172698
-3.408062,52.953524
-4.158095,53.068139
-4.59138,52.8257
-3.800598,53.28221
-4.078068,52.940547
-3.716967,52.878887
-4.001335,52.72878
-4.390709,52.955795
-2.894056,52.967043
-4.050723,52.692421
-3.645947,52.887085
-3.705712,53.046269
-2.934745,53.093032
-3.449027,53.04338
-3.12347,52.971388
-3.515362,53.042104
-3.797223,53.273271
-3.478642,53.2763
-3.039428,52.944285
-2.745318,52.976159
-3.831464,53.337478
-3.443352,53.230436
-3.498299,53.087719
-3.099079,52.949142
-3.794796,53.071928
-4.195887,52.946833
-3.229195,52.971241
-4.269841,52.922201
-3.92865,52.271881
-3.206723,52.979787
-4.083998,52.971012
-4.090934,53.222179
-3.349671,53.345565
-3.592239,53.162959
-3.597688,52.989333
-4.505008,52.872514
-3.902883,52.746585
-4.501906,52.81863
-4.078161,52.626091
-2.799155,52.914789
-3.649788,52.949065
-3.791917,53.236042
-3.314251,53.124055
-3.366098,53.297869
-4.103212,52.629911
-4.326973,53.154865
-4.005486,52.95083
-4.078047,53.198895
-2.964565,52.990763
-3.503315,53.231493
-3.348552,53.169519
-2.857769,52.976749
-3.462117,53.231556
-3.883811,52.596291
-3.998553,52.958993
-3.036969,52.965882
-4.056935,52.619934
-3.082975,53.019409
-3.551102,52.8533
-3.021137,52.957479
-3.404119,53.176068
-3.084015,53.001421
-3.243109,52.989076
-3.987666,52.656182
-3.328736,53.145515
-3.837323,52.746585
-3.846235,53.19251
-3.176072,53.180786
-3.673065,52.857936
-3.371685,53.214652
-4.309139,53.101267
-3.949221,52.755722
-3.88893,52.800753
-4.4641,52.924173
-3.267153,53.224799
-3.196842,53.039893
-3.524914,52.911176
-3.685323,53.192648
-3.91246,52.728449
-4.027701,53.072681
-3.509009,53.265581
-3.634098,52.927705
-3.249697,53.113963
-3.646989,52.875383
-3.724598,52.734028
-4.036516,52.943064
-3.91804,52.888782
-4.287407,53.380852
-3.929652,52.74885
-2.901879,52.949454
-3.554439,53.296911
-3.592559,53.113015
-3.796955,53.087916
-3.822996,53.182844
-3.601711,52.89668
-4.078494,53.228241
-3.858727,53.100615
-4.310102,53.11923
-3.62727,52.943981
-4.084068,52.569108
-3.176872,52.799165
-2.993733,53.079492
-3.27791,53.085391
-3.114773,53.153958
-3.795661,53.128554
-2.877886,53.050765
-4.403091,52.910588
-4.431295,52.883039
-3.461199,53.204598
-3.339222,53.134115
-4.232647,53.354468
-3.953405,52.981322
-4.26747,53.033287
-3.157152,53.153329
-2.854286,52.98891
-3.242007,53.002572
-2.816099,52.938838
-4.170166,52.966772
-3.939084,52.894347
-4.090182,52.898526
-3.447444,53.240725
-3.686653,52.710299
-3.491054,53.223556
-4.108699,52.774572
-2.722849,52.92371
-2.995163,52.960846
-3.029041,53.008202
-4.041534,52.638183
-3.213912,52.850934
-3.479814,52.990635
-3.317635,53.234589
-4.288964,52.932174
-4.087425,52.794729
-4.5896,53.293304
-4.102862,52.853347
-3.942016,52.910033
-4.070009,52.61521
-4.095823,53.015308
-2.971874,53.166761
-3.155431,52.941416
-4.094806,52.76313
-3.386287,53.179873
-4.294694,53.110537
-2.937637,52.985585
-4.152154,53.248061
-3.205331,53.18364
-2.90985,53.010073
-3.407977,53.241287
-3.614716,52.8066
-3.038177,52.954185
-3.366844,53.321233
-3.366518,52.981428
-3.793793,53.119592
-3.009186,53.083434
-3.206551,52.906746
-4.067783,52.662004
-4.265313,53.120091
-4.593521,52.861621
-3.698791,52.755978
-4.166068,52.944369
-2.949439,53.105905
-4.034755,52.778561
-4.520753,52.899291
-2.761003,52.936506
-3.686878,52.869428
-3.095961,53.163976
-4.014719,53.050425
-3.73005,53.020744
-3.694772,52.843244
-3.129999,52.936267
-3.407027,53.219184
-3.721586,52.957935
-3.88854,52.791768
-3.687139,52.722879
-4.051988,53.034054
-3.942418,52.919017
-4.321929,53.04334
-3.622899,52.707593
-2.979135,52.976261
-3.556216,53.202945
-3.912278,52.758122
-3.726208,53.073843
-3.920007,53.10144
-3.065566,52.948099
-3.013151,52.966087
-3.983265,52.950259
-2.983604,53.009063
-3.840037,53.292396
-3.456074,53.302872
-2.911719,53.028037
-3.808896,52.730974
-3.927728,52.570859
-2.936895,53.191897
-3.665986,52.867026
-3.30766,52.95602
-4.158545,53.077122
-4.530852,52.825074
-3.970777,52.970246
-3.719434,52.922454
-3.80672,53.142771
-3.662577,53.049577
-4.067604,52.908362
-4.094371,52.599497
-3.73502,52.940209
-4.496172,52.912713
-2.767467,52.92343
-4.257065,52.976841
-3.688047,52.937739
-2.737875,52.932607
-4.467843,52.911507
-3.353937,53.121003
-3.505777,52.916815
-3.127426,52.779868
-4.468153,52.89082
-3.052432,53.020133
-3.423828,52.980306
-3.422528,53.280129
-3.956473,53.24649
-3.858656,52.751782
-2.966977,53.098617
-4.464259,52.900792
-4.339883,53.07594
-4.276446,53.04795
-4.222525,53.203164
-3.64955,52.864559
-3.170617,53.007791
-3.365345,53.180115
-4.10264,52.648802
-3.315388,53.112356
-3.569748,53.286372
-3.607288,52.886715
-3.869869,52.771385
-3.086613,53.104776
-3.68286,53.129753
-3.221461,53.198308
-3.810431,53.069219
-4.411762,53.332998
-3.841182,53.249226
-4.021621,52.687077
-4.115286,52.60452
-3.283899,52.807045
-3.963032,52.667041
-3.959062,52.745859
-3.737665,52.950509
-4.418133,53.180022
-4.1813,52.951283
-2.972389,53.139924
-4.065242,52.952458
-3.362638,53.189136
-4.376798,53.176808
-4.0334,52.622139
-3.347564,53.185711
-3.277176,52.780148
-3.555421,52.891002
-3.098624,52.931167
-4.306256,53.047376
-2.941773,52.97027
-3.407895,53.108601
-0.54814,53.611488
-1.816017,52.629564
-1.319195,52.321638
-1.375366,52.343974
-1.365465,52.31785
-0.501489,53.520122
-2.287583,53.342201
-2.517081,52.512472
-2.541189,52.848716
-1.445774,53.628896
-1.596523,53.564846
-2.298152,53.350265
-1.291441,52.267982
-2.446145,53.854049
-1.806367,53.952511
-1.785842,52.758065
-1.763761,52.731054
-2.389012,52.128818
-1.424026,52.32714
-0.702862,52.949848
-1.583061,53.660912
-2.185013,52.938872
-2.493785,53.509613
-1.279471,52.783265
-1.497766,52.294212
-1.771045,54.17233
-1.468647,53.661834
-2.275631,52.300054
-2.348554,53.311846
-3.548022,54.592829
-1.262497,52.334334
-1.366577,52.355013
-0.662523,52.761509
-1.698679,54.631006
-0.920615,52.339222
-1.714946,52.722857
-2.88889,52.377755
-0.827769,53.020321
-0.974005,53.253022
-1.299836,52.293205
-0.850906,53.595002
-1.481465,53.004012
-2.258053,54.887249
-0.861331,52.763763
-1.132817,53.83103
-1.29662,52.311167
-1.187506,53.577455
-0.870376,53.60148
-1.7507,52.684282
-1.054212,53.489816
-0.766251,52.434962
-3.123388,54.839846
-1.681625,52.52025
-1.602056,52.533315
-1.275954,52.319133
-2.011794,53.917658
-1.744689,52.70045
-1.034523,52.734868
-1.197801,52.341104
-2.60105,51.989776
-1.699772,54.059425
-0.621621,52.836558
-2.962156,52.045433
-2.158724,53.02064
-2.441919,53.276507
-1.424202,52.200376
-1.142344,52.627503
-1.830093,53.726851
-1.745944,53.918065
-1.805109,52.757199
-2.94193,54.901655
-2.782656,53.879712
-0.753105,53.014213
-2.543078,53.372817
-2.20347,54.638246
-0.530677,53.635545
-2.325958,52.638418
-0.637917,52.837645
-0.960156,52.312344
-1.371243,51.95047
-0.524699,53.676822
-0.514396,53.582309
-0.963733,51.941457
-2.874674,51.938898
-2.37119,52.160423
-1.252544,52.228184
-1.006536,53.013004
-2.087113,53.222238
-1.843868,53.250303
-2.093913,54.030184
-3.092874,54.516802
-2.755735,54.830326
-2.758754,54.575979
-2.695947,54.521535
-2.961343,54.243801
-3.239408,54.330691
-2.566812,54.623313
-2.952414,54.886008
-2.757785,54.273114
-2.704637,54.532719
-3.371224,54.617323
-3.244265,54.669024
-2.936164,54.891077
-2.772224,54.837861
-3.553219,54.516258
-2.67004,54.35452
-2.836168,54.918317
-2.946239,54.187298
-2.760811,54.353982
-3.002441,54.229984
-3.365578,54.355843
-2.812831,54.261072
-2.773514,54.211
-2.495481,54.296946
-2.802595,54.366293
-2.93241,54.389626
-2.954377,54.274414
-2.753408,54.285724
-3.010967,54.264965
-3.592072,54.482497
-2.911446,54.90115
-2.947329,54.234924
-3.051658,54.234957
-3.283627,54.761632
-2.896416,54.433937
-2.695457,54.674317
-2.842413,54.206044
-3.409124,54.346804
-3.502777,54.446789
-2.943994,54.223266
-2.8413,54.415011
-3.41219,54.413728
-2.776953,54.271644
-2.457798,54.569853
-2.984351,54.178903
-2.991489,54.890188
-3.0167,54.310754
-3.140459,54.561299
-3.524955,54.504034
-2.877132,54.397231
-3.147729,54.075443
-2.62788,54.616271
-2.862179,54.345211
-2.874965,54.222889
-2.587479,54.928311
-3.379873,54.392082
-2.902364,54.424007
-3.043313,54.390516
-2.720247,54.541614
-3.370855,54.652379
-2.694428,54.704878
-2.915736,54.884043
-3.342705,54.785707
-2.769187,54.637025
-2.976803,54.4432
-2.847803,54.244653
-2.771367,54.792933
-3.158817,54.608758
-3.167636,54.51116
-3.024582,54.256761
-2.771538,54.801918
-2.834264,54.863961
-2.827526,54.686967
-3.519824,54.490617
-3.492477,54.460399
-3.411793,54.670782
-3.224569,54.348818
-3.254871,54.761484
-3.409432,54.355788
-3.194798,54.356756
-2.69887,54.962769
-2.503175,54.549452
-3.111812,54.161166
-2.980759,54.350597
-2.913743,54.207771
-2.993629,54.373859
-2.950947,54.856812
-2.980103,54.838607
-3.448659,54.530139
-3.00625,54.44925
-3.152447,54.520293
-3.143287,54.496563
-3.256722,54.268046
-2.867366,54.918098
-3.077352,54.572663
-2.613542,54.641059
-3.04164,54.202688
-2.350927,54.462817
-2.74772,54.310924
-2.858897,54.886705
-2.964915,54.265343
-3.06198,54.218689
-2.982711,54.849819
-2.680523,54.893677
-2.648541,54.892504
-2.727283,54.372163
-3.073943,54.206899
-2.958053,54.300449
-2.724552,54.391952
-3.0258,54.429313
-2.986001,54.825079
-3.376706,54.366502
-2.88368,54.84384
-2.902663,54.297281
-3.406396,54.604337
-3.068193,54.251439
-3.510902,54.416129
-2.727785,54.963947
-2.677866,54.362565
-3.394963,54.38292
-2.363715,54.513106
-3.185288,54.052608
-2.786069,54.226198
-2.744158,54.9625
-2.676411,54.694645
-3.027752,54.47648
-2.872409,54.682159
-3.329626,54.576444
-2.724118,54.629214
-2.749018,54.424606
-3.057684,54.440272
-2.672155,54.483924
-2.788503,54.192928
-2.91789,54.360079
-2.882339,54.853736
-3.31188,54.433285
-3.021073,54.827035
-2.915075,54.51019
-2.798228,54.299815
-2.968781,54.168244
-3.37175,54.40251
-2.836499,54.21687
-3.014757,54.885503
-2.888458,54.20841
-2.680297,54.972759
-2.699996,54.757868
-3.527409,54.445582
-2.6003,54.636182
-3.036827,54.22475
-3.091809,54.302907
-3.27015,54.255322
-3.239915,54.678955
-3.240477,54.110475
-2.422658,54.537179
-2.744987,54.499674
-3.13984,54.594558
-2.52333,53.214657
-1.458615,52.857707
-1.471183,52.923386
-1.287758,52.952094
-2.153745,53.296607
-1.67005,53.177598
-2.366535,53.96397
-2.523305,52.966557
-2.411666,53.438016
-2.35956,53.684466
-1.497631,53.079914
-1.089087,52.55968
-2.523142,53.076227
-1.196265,53.150175
-2.34815,53.402264
-2.483751,53.290331
-1.281984,52.941272
-1.122831,52.568925
-2.309059,53.196529
-2.570332,53.370847
-2.509203,53.159886
-2.450347,53.394731
-2.342544,51.846599
-2.139257,51.829033
-2.459589,51.936109
-2.18356,52.01778
-2.342407,51.828617
-2.603829,51.845547
-1.936003,51.901026
-2.255956,51.936728
-2.489463,52.007915
-2.356989,51.837565
-2.081377,51.918997
-1.748364,51.667008
-2.343366,51.954487
-2.445579,51.990107
-2.34316,51.927515
-2.183155,51.918882
-2.328749,51.945538
-2.008668,51.87407
-1.965257,51.65828
-2.32842,51.900584
-2.255547,51.864802
-2.775295,53.772828
-2.380979,53.792706
-2.832426,53.592676
-2.833134,53.628625
-2.442075,53.828448
-2.772984,53.647006
-2.803578,53.664781
-2.592727,53.737917
-2.833843,53.664574
-2.321085,53.900736
-2.772656,53.629031
-2.774964,53.754853
-2.41081,53.738679
-2.532999,53.810102
-2.899741,53.91577
-2.350619,53.792799
-2.778291,53.934594
-2.988528,53.807212
-2.533228,53.828078
-2.198312,53.685291
-2.833488,53.6466
-2.719849,54.078765
-2.591969,53.683991
-2.802895,53.628832
-2.592221,53.701967
-2.562648,53.756038
-2.409936,53.6488
-2.744952,53.77302
-2.866321,53.772204
-2.41169,53.828556
-2.863372,53.628411
-2.813303,54.168047
-2.380166,53.702828
-2.958163,53.807459
-2.411162,53.77463
-2.925422,53.699855
-2.56999,52.609905
-2.374852,52.480599
-0.618167,52.945297
-2.40449,53.633089
-2.641248,53.688681
-2.613327,53.642987
-2.738076,53.813509
-2.763963,53.942326
-2.760695,53.762585
-2.893789,53.886603
-2.425155,53.882886
-2.722735,53.804615
-2.811357,53.636415
-2.450609,53.845044
-2.655183,53.70838
-2.707704,53.813693
-2.879556,53.643124
-2.708882,53.748521
-2.280837,53.912971
-2.508319,53.652917
-2.45048,53.97447
-2.336238,53.797783
-2.764819,53.655597
-2.219698,53.866362
-2.654235,53.647265
-2.843843,53.975047000000004
-2.139077,53.858393
-2.876121,53.623375
-2.811737,53.656187
-2.370387,53.710498
-2.783854,53.621318
-2.658353,53.717351
-2.965894,53.846496
-2.607031,53.731104
-2.370343,53.877675
-2.892709,53.907283
-2.119325,53.862909
-2.454934,53.823457
-2.714354,54.070259
-2.604947,53.691566
-2.271074,53.815924
-2.906108,54.033914
-2.371187,53.801275
-1.322451,53.539726
-1.175062,53.359025
-3.327691,53.30048
-3.458204,54.653
-1.051491,53.85279
-1.396293,51.82718
-2.166793,53.41429
-1.474448,53.450605
-1.325304,53.359969
-1.323881,53.449848
-2.095583,52.781592
-1.074251,53.607725
-1.011287,53.650366
-2.107504,52.805853
-1.016264,53.631531
-1.608767,54.314407
-1.149107,53.793441
-1.610507,54.292843
-0.743275,53.50493
-2.723507,52.111452
-2.814558,52.219645
-2.788032,51.878173
-1.355225,53.517885
-0.465947,54.004725
-0.381824,53.970939
-1.225312,53.483065
-1.337426,53.511298
-0.782684,54.205091
-0.373782,53.978956
-1.914528,53.891115
-0.428849,53.997963
-1.219645,53.710285
-1.316487,53.526811
-1.443791,54.066154
-1.111141,53.578342
-1.426998,53.5984
-1.367553,53.523506
-1.194971,53.498487
-1.286852,53.51471
-1.585581,53.866748
-1.092966,53.49106
-0.442474,53.993017
-0.828185,53.714377
-1.112846,53.499767
-1.244427,53.502181
-1.631216,52.732065
-1.632724,52.552275
-4.039538,52.488737
-4.025168,52.475721
-3.920032,52.258984
-4.015723,52.467206
-3.778551,52.348417
-4.023904,52.432134
-4.083991,52.411758
-3.955583,52.550171
-4.064905,52.404496
-4.019494,52.351736
-4.019264,52.411084
-4.02319,52.491985
-4.086505,52.402723
-0.9937,53.6602
-1.2145,52.3684
-1.2871,53.4892
-1.8708,53.6666
-1.2965,53.4718
-3.833257,52.268906
-3.979712,52.26654
-2.677015,53.463772
-2.628394,53.435274
-2.948459,53.498123
-2.842736,53.363401
-3.000892,53.528914
-2.989255,53.515078
-2.69348,53.457386
-3.057071,53.603936
-2.892401,53.463256
-2.669192,53.452868
-3.298389,52.181003
-1.610271,53.194793
-0.820701,54.133637
-1.540094,52.498119
-3.471191,53.260669
-2.615943,54.344374
-1.184479,53.798846
-2.773019,54.665875
-2.558644,52.691865
-1.623216,52.475866
-0.892167,53.750967
-1.277978,51.807885
-1.190157,52.496665
-3.079034,53.304174
-1.287054,51.459667
-2.744234,53.881565
-1.977733,54.527186
-1.652685,52.446649
-1.33182,52.378592
-2.872208,54.638798
-2.760466,54.65375
-3.021993,53.517472
-1.866564,53.566611
-1.654614,52.468986
-1.226065,53.854039
-1.334785,54.243879
-1.867174,54.729379
-2.87761,52.75029
-2.631318,51.880414
-2.371068,53.301549
-2.483488,52.903549
-2.963953,52.728718
-3.242234,52.096787
-3.848247,52.62832
-3.114298,52.8173
-3.543413,52.362962
-3.40518,52.634406
-3.254887,52.54619
-3.112004,52.727422
-3.247255,52.276552
-3.109723,52.637542
-3.549712,52.542696
-2.954169,52.279285
-3.257458,52.636066
-3.390967,52.185036
-3.540289,52.273092
-3.096286,52.098234
-3.260043,52.725941
-1.407389,53.416449
-1.486143,53.398567
-1.534577,53.439304
-1.347529,53.3658
-1.441339,53.397557
-1.447617,53.388867
-1.368691,53.423577
-1.098517,52.711234
-0.896759,52.493763
-1.127758,52.729432
-1.485036,52.569705
-1.044414,52.477067
-1.334781,52.748753
-1.484403,52.623641
-1.188319,52.657943
-1.364147,52.766893
-1.307998,52.568803
-1.162527,52.459982
-1.248988,52.568443
-1.249295,52.550465
-1.101468,52.567416
-1.071965,52.567188
-1.074234,52.459324
-1.24528,52.784176
-0.685781,52.653436
-0.685242,52.671411
-0.714811,52.671735
-0.715338,52.65376
-1.273733,52.856271
-1.070825,52.62112
-1.158063,52.693692
-1.333134,52.856619
-1.18598,52.783784
-0.864063,52.619318
-1.571806,52.749845
-0.833093,52.672959
-1.332858,52.874597
-1.13026,52.603591
-1.041286,52.620885
-1.363622,52.802849
-1.274333,52.820316
-1.128117,52.711455
-1.189647,52.586032
-1.129903,52.621569
-1.100732,52.603371
-1.30544,52.730605
-1.304868,52.766561
-1.128833,52.675501
-0.743865,52.690027
-1.217562,52.676119
-0.74541,52.636102
-1.00686,51.69822
-2.26679,51.88655
-1.24393,54.07998
-1.29112,54.16585
-1.36898,54.69238
-1.90945,52.30663
-2.73418,52.70174
-1.17761,53.03827
-2.89155,52.8061
-2.64649,54.11744
-0.75668,53.85763
-2.25003,52.38683
-3.04418,52.80835
-3.0027,52.81876
-1.92232,54.06358
-1.5691,52.97356
-2.57618,53.8658
-2.75527,53.82088
-2.72147,52.35194
-2.79189,54.16773
-3.47429,54.60014
-1.23627,54.27498
-2.06303,53.79224
-1.3739,53.97192
-3.26081,52.535
-2.0672,52.79563
-1.28192,54.36096
-2.34871,54.48876
-2.37061,53.35845
-2.83689,52.80626
-2.61033,53.61474
-1.54385,52.85127
-1.84655,54.17197
-1.03508,53.49905
-1.49755,54.19761
-2.55679,52.86507
-2.13964,52.02739
-2.34408,53.43884
-1.37166,54.16871
-3.33073,52.51307
-2.75459,53.04455
-1.40891,52.26068
-1.22014,51.82403
-2.16206,52.00466
-2.27422,52.47908
-1.96256,52.78114
-1.884988,52.808544
-1.42462,53.95872
-2.11315,53.94354
-0.92887,53.44613
-1.67142,54.3051
-2.36922,52.9285
-0.97997,53.5236
-3.1261,52.18855
-2.13417,53.62852
-0.94483,53.89142
-2.24012,52.23208
-1.95291,51.93876
-3.00744,52.42373
-1.76854,54.09297
-1.11529,51.73983
-2.26084,53.49075
-2.20582,52.59551
-1.71497,54.21663
-1.0683,53.14419
-1.61829,53.4625
-0.73126,53.78364
-2.14793,53.90455
-0.95635,52.73878
-0.76435,53.8982
-2.15112,53.04635
-2.27137,53.49921
-2.32604,53.55762
-2.44146,52.77631
-2.2501,53.81458
-1.56283,54.28256
-2.62658,53.7465
-1.87925,53.95763
-1.55463,52.86159
-0.90449,53.74556
-2.17349,53.90562
-1.65851,54.24247
-1.12462,51.40163
-2.67253,53.2457
-1.11248,51.71723
-2.41698,52.82687
-2.46031,52.52159
-2.42766,52.81089
-1.31879,53.98005
-2.34951,54.47874
-1.39551,52.82756
-2.98396,52.83385
-1.127602,52.365331
-1.778392,52.91222
-1.778849,52.822327
-1.779303,52.732433
-2.223114,52.642531
-2.075328,52.642717
-2.225435,53.091996
-2.075797,52.912402
-1.630456,52.821958
-2.224499,52.912214
-1.927094,52.912404
-1.780205,52.55264
-2.223573,52.732426
-2.076114,53.092185
-1.927244,52.82251
-2.076273,53.182074
-2.075484,52.732613
-1.628924,53.00174
-1.629692,52.91185
-1.779755,52.642537
-1.927393,52.732616
-1.033035,52.961083
-0.80492,53.089134
-0.766691,53.17801
-0.947054,53.364738
-2.70766,52.125034
-2.739881,52.130231
-2.224035,52.822321
-1.631972,52.642171
-2.373199,52.911839
-2.075955,53.002294
-2.2249660000000002,53.002105
-2.371661,52.732054
-2.372428,52.821948
-2.07564,52.822508
-1.777932,53.002112
-1.926791,53.092187
-1.926943,53.002296
-1.754819,53.790815
-1.078696,53.958304
-2.003771,53.930377
-1.501423,53.654308
-2.0197,53.96008
-1.154149,53.390789
-1.042228,53.953524
-1.203601,54.599107
-2.824746,52.716418
-2.2254,52.1912
-2.744435,54.320516
-1.923581,54.889719
-2.189235,53.162308
-2.4518,52.9327
-3.03478,54.46452
-2.78568,54.11103
-3.29557,54.68766
-2.6051,51.8644
-1.900757,54.660547
-2.479803,52.755623
-0.965264,53.338829
-1.141833,51.560204
-2.170429,52.395396
-1.227255,54.16607
-1.43211,52.61109
-2.910635,54.865209
-1.334472,52.070484
-1.187568,51.812151
-2.6706,52.69591
-1.839369,52.768532
-2.936983,52.263689
-1.389496,53.656981
-2.179712,53.406232
-2.313575,53.578219
-2.24024,52.21549
-2.827855,52.379538
-2.230008,52.548125
-2.665986,52.073131
-2.098937,52.298833
-1.20781,53.34536
-1.728442,54.929878
-1.01874,52.73865
-1.069435,54.236856
-1.183623,52.909623
-2.5411,53.4889
-2.828422,53.997117
-1.883845,55.154778
-1.7148,52.4023
-2.200228,52.485249
-2.157561,52.598811
-2.636394,53.265344
-2.14594,52.61356
-2.733312,54.343412
-1.5306,55.0158
-2.493557,52.313126
-0.998635,54.211168
-2.00072,52.79022
-1.332984,54.780074
-3.110319,52.104846
-2.665076,52.060998
-3.119807,52.771849
-2.921662,52.231444
-1.189516,53.507888
-0.774364,53.133997
-2.237,53.1211
-1.21896,52.389794
-2.5184,53.122586
-2.628358,54.143539
-1.578318,54.735792000000004
-2.281259,53.63569
-3.529075,54.537822
-3.4826,52.7282
-2.040196,54.973623
-2.752138,54.20782
-2.27086,53.24996
-2.823088,54.317399
-2.726043,52.22247
-2.838224,54.343538
-2.28191,54.072051
-3.414106,54.731951
-2.756215,54.13945
-2.584052,51.842059
-2.409717,54.471843
-1.5351,54.6706
-3.806513,53.226832
-3.11896,54.60476
-1.62646,53.82632
-1.88466,54.597176
-1.294597,51.636882
-3.31353,52.51711
-0.8248,53.7266
-3.278228,52.053694
-1.358941,51.443888
-1.30194,51.84128
-2.172767,54.650129
-2.227595,52.080637
-1.230552,54.070821
-1.510598,53.776585
-2.740912,54.329795
-1.948657,52.380659
-2.252361,53.481604
-1.963308,54.049458
-2.3015,52.1734
-2.257055,52.364563
-1.326547,52.078486
-1.274478,52.905134
-2.087008,54.768395
-1.448056,53.553793
-1.667862,52.781616
-1.7456,53.66607
-2.708567,54.179044
-2.813454,53.418921
-2.05018,53.38649
-1.697097,54.947777
-2.703026,54.887707
-3.1978,52.03382
-3.02422,52.74435
-1.14102,51.58277
-1.3226,54.46
-1.842883,53.845205
-2.775974,54.260416
-2.304771,52.366492
-3.348447,54.642699
-3.508263,52.945551
-2.028011,53.740729
-1.739244,53.240242
-2.949073,54.3341
-1.265,54.2685
-1.01416,53.90107
-2.31348,52.37674
-1.812111,53.707779
-1.333447,53.319565
-3.890173,52.521114
-1.554691,54.482279
-1.423624,54.253449
-1.36922,52.17592
-2.646,53.6284
-2.327363,52.778886
-1.81421,53.695693
-0.592788,53.016469
-0.551589,53.716027
-1.63351,52.85285
-2.175023,53.546009
-1.341084,52.082164
-1.245933,51.752523
-1.783761,51.672922
-2.593526,54.580632
-2.797258,54.236408
-1.49232,53.83879
-2.194151,51.939993
-1.7228,52.2074
-2.069615,52.30245
-2.217616,52.442921
-3.5563,54.5825
-1.12646,51.58089
-0.9618,53.3482
-2.74789,54.154585
-1.281673,54.604538
-2.05149,53.09545
-1.486946,53.016729
-3.196604,54.580035
-1.88272,54.84761
-0.97364,53.44003
-1.996157,53.919591
-3.454,52.7674
-1.09922,52.424904
-2.03063,53.09244
-3.404572,52.822759
-2.8873,52.7955
-0.689741,53.260297
-1.13638,54.12295
-1.312608,53.116699
-0.97043,54.01707
-2.633688,51.857842
-2.03596,52.79121
-1.817066,53.840404
-2.238493,53.413634
-3.272631,54.38562
-2.597544,54.590857
-1.495596,53.572041
-3.076905,54.258867
-1.9388,54.5523
-2.811028,54.212236
-2.303004,53.61002
-1.626343,52.237212
-1.348751,53.728403
-2.268555,53.421346
-2.663304,54.952917
-1.980666,52.993463
-3.513784,54.654945
-0.925198,53.979994
-2.265118,52.268414
-2.1,53.4826
-1.685265,52.783956
-2.200366,52.531772
-1.223413,52.900586
-0.7725,52.6367
-2.244705,52.539105
-2.3078090000000002,54.061202
-2.25136,52.245519
-2.746329,54.221283
-2.303266,53.435644
-2.64438,51.85114
-1.625508,53.797447
-2.940922,53.74962
-1.251135,54.623675
-2.339391,53.534507
-2.0946,52.2824
-1.095949,53.227662
-2.479702,53.176593
-1.98063,54.577459
-2.64576,54.4814
-2.825998,54.255455
-2.27634,52.9539
-2.21515,52.540376
-2.312461,53.631972
-1.0723,51.48596
-1.544526,53.649042
-2.253293,53.093692
-1.841649,52.957223
-2.772897,54.362578
-1.06973,54.01193
-0.983346,52.98494
-1.792511,53.704106
-2.724327,52.34271
-3.814266,53.321559
-1.326029,51.41039
-1.726882,54.8144
-3.22976,52.43559
-3.69388,52.62856
-2.770559,54.134624
-1.629988,54.304812
-3.021446,54.749295
-2.854041,52.217567
-2.144717,53.510096
-1.993994,53.03378
-2.230235,54.6725
-2.4374,52.943
-2.33204,51.76365
-0.979132,54.290052
-1.7104,52.585
-1.101767,51.424217
-1.718237,52.637058
-0.6322,53.25893
-2.549996,53.396426
-3.4805450000000002,54.661648
-2.78498,53.18724
-2.95828,52.232051
-2.63178,53.76977
-0.886408,52.232491
-2.599569,54.401939
-2.2549,52.2243
-3.1018,54.23142
-2.706468,54.145802
-0.935562,53.020031
-1.608645,53.815009
-1.42691,53.90677
-2.771905,54.124729
-2.276741,54.087476
-2.597873,54.364785
-1.275478,51.397996
-2.285149,53.427599
-1.69,54.7726
-2.215305,52.557142
-3.11853,52.06831
-2.450652,54.279192
-2.746316,54.551387
-2.679242,53.978787
-2.449786,53.198778
-1.11798,53.30485
-1.161009,52.605566
-3.013442,54.240678
-2.09983,53.69503
-1.42229,53.16666
-1.768787,54.560165
-0.916349,54.203176
-1.066795,53.190582
-1.6368,54.5176
-1.298134,53.481744
-2.68242,54.72279
-2.740081,54.142005
-2.11663,53.06748
-2.665749,52.687032
-2.71893,52.72093
-2.186272,53.478714
-1.337947,53.353792
-2.3103,53.58851
-3.823385,53.147911
-3.591479,54.493065
-0.706,53.842
-1.094025,51.488448
-2.762567,52.686584
-1.611108,53.163408
-1.68401,52.7644
-3.030152,54.236986
-2.401048,53.589058
-3.044326,54.251424
-1.4863,53.1156
-1.643392,52.827886
-3.091447,52.764022
-2.941833,54.252987
-2.629944,53.355673
-2.964299,54.897372
-1.14774,51.546802
-1.564298,54.862767
-2.153924,53.616372
-3.22802,52.56145
-2.037436,53.514628
-2.554958,54.605843
-2.075428,53.126793
-3.4325,52.208
-0.422775,54.214849
-1.050056,51.490349
-1.545245,53.016709
-2.74482,52.69377
-2.891571,54.406067
-1.418767,54.271401
-3.19914,52.57684
-1.568561,54.777096
-1.147395,51.534391
-2.006,52.3721
-2.505,53.4434
-3.0844,52.78287
-2.7797,52.1011
-2.215173,52.530173
-2.272937,53.482772
-2.860528,54.92997
-2.849565,54.229586
-2.34913,53.475922
-1.97822,53.0293
-2.817575,52.819715
-1.530425,54.714048
-3.52076,52.50094
-2.817438,54.381338
-2.90363,52.79732
-3.587246,52.907663
-1.261765,51.669904
-2.64382,53.445035
-1.74425,53.280253
-1.505836,53.665112
-2.236925,52.202755
-2.788864,54.932562
-3.607,52.919084
-2.7472,54.33941
-2.826907,54.224172
-2.203469,52.501561
-2.28689,52.338083
-3.14392,54.61189
-1.6988,52.5922
-3.52208,52.33053
-2.53091,53.09026
-0.7971,53.9141
-2.964343,52.846931
-2.214429,52.377344
-3.014909,54.278548
-0.8724,52.9559
-1.745475,54.827021
-2.166621,52.35989
-2.971081,52.201845
-0.998787,54.049343
-2.546408,53.08646
-2.19279,52.95017
-2.713769,54.303041
-1.6667,52.2228
-2.20644,52.475305
-2.056146,53.408916
-2.780777,54.352057
-1.738,54.5447
-3.912904,52.569301
-2.58167,52.64133
-1.3025,53.4621
-3.51994,52.31097
-0.411673,54.222389
-3.230548,54.664086
-2.63638,53.5266
-2.252411,52.404644
-1.577011,53.607725
-3.407284,53.338361
-1.913151,53.006557
-1.415318,53.753688
-2.215084,53.544641
-2.789497,54.245049
-2.7133,52.6606
-2.1962,52.2467
-1.125799,54.332232
-2.793772,54.147955
-2.799139,54.096734
-2.905634,52.219875
-2.40724,53.13205
-3.140553,52.661538
-2.763449,54.292896
-1.52923,54.53645
-0.595946,54.489327
-0.808145,54.250017
-2.048785,53.352426
-1.851811,52.967618
-2.77461,54.187625
-1.8155,54.5243
-2.94624,54.87187
-2.821907,54.612278
-2.93241,54.55777
-1.959626,53.907901
-2.441496,52.159551
-2.4479,53.4169
-1.363023,53.386977
-0.993088,53.110426
-3.445772,53.251128
-2.841311,52.723314
-3.106633,52.714229
-1.77987,54.79923
-2.693789,54.348544
-2.215349,52.566132
-1.97688,52.36652
-1.538544,54.819222
-1.83624,52.75047
-2.16777,52.63064
-3.08253,52.12101
-1.581017,53.569449
-3.157811,52.334722
-2.667035,53.403604
-1.7208,52.7474
-2.011231,53.362323
-2.79558,54.28921
-2.84358,54.79672
-2.21998,52.23884
-1.6949,53.7406
-1.604556,54.912015
-0.406705,54.211986
-1.394033,53.424562
-2.442834,53.900349
-2.183176,52.474714
-2.095642,53.713145
-2.868426,54.572978
-2.477513,53.537543
-0.7563,52.565
-2.8181,54.1965
-1.772592,53.591313
-1.624401,54.790761
-2.172093,52.539638
-2.067148,54.508243
-2.478346,52.387296
-2.535212,53.5244
-2.914084,54.406978
-3.12506,54.507519
-2.836,53.4001
-1.07485,53.930496
-1.1034,51.7007
-2.88258,52.361161
-2.007,53.5463
-2.28903,54.654401
-1.96268,51.95337
-1.099606,52.898993
-2.154927,53.063478
-1.49,54.829
-1.496,54.719
-1.406,53.197
-1.045,52.352
-1.715,54.759
-1.42,53.406
-2.001,54.597
-1.643,54.771
-1.62,54.766
-1.659,54.776
-1.467,53.388
-1.605,54.763
-3.294578,52.064305
-3.946829,52.235167
-4.118246,53.214055
-3.310158,53.382098
-3.477713,52.660045
-3.325209,53.285745
-3.735192,52.627783
-4.054655,53.168418
-3.501916,52.503304
-3.085326,51.977407
-4.493558,53.409089
-4.314378,52.934379
-3.855408,52.814768
-3.790127,52.489403
-3.931552,52.321737
-4.003549,52.938231
-3.887983,52.607463
-4.070121,53.023401
-3.696946,53.240579
-3.610545,52.331046
-3.285804,52.771064
-3.432454,52.677682
-3.659923,53.213232
-3.833016,52.458176
-4.380232,53.238778
-3.281601,52.17144
-4.019924,52.746447
-3.092573,52.155361
-4.158192,53.234016
-3.513086,53.296094
-4.527234,52.884182
-2.920744,53.101681
-3.189383,52.167911
-4.479956,53.356325
-3.196362,52.046462
-3.485686,52.50261
-3.705363,52.430416
-3.285281,52.904122
-3.981018,53.258671
-3.724815,52.288073
-4.415835,53.205693
-3.570571,52.898894
-3.976389,53.12569
-3.779243,52.475182
-3.32876,52.085503
-3.539058,52.806707
-4.324037,53.280346
-4.178458,52.924362
-3.25929,52.26159
-3.222548,52.893997
-4.268096,53.130378
-3.915761,52.53329
-3.728557,52.534375
-4.190149,53.096773
-4.011,53.066671
-4.188143,53.057251
-3.878901,52.809004
-3.514881,52.280164
-4.467133,52.872858
-3.332674,52.363279
-4.027293,53.127531
-3.182267,52.779334
-3.447792,53.006537
-3.562272,52.709307
-3.353118,52.359451
-4.044198,53.011262
-3.917995,52.279698
-4.505238,53.223627
-3.266138,52.501567
-3.337978,52.052131
-3.838469,52.20004
-3.971504,52.920785
-3.676006,52.160201
-4.321357,53.064615
-3.103343,52.236178
-3.700555,52.381933
-4.356263,53.266227
-3.192615,52.343199
-3.675889,52.467701
-4.606047,52.909453
-3.37534,52.271083
-2.843351,52.962919
-4.362975,52.952304
-3.448329,52.172208
-3.486548,52.353351
-4.018042,52.673651
-3.893129,52.280998
-4.38113,52.903387
-3.221311,52.425619
-3.906834,52.667401
-3.723908,52.641434
-2.962796,52.978192
-4.025007,52.568335
-3.52576,52.383421
-3.39082,53.227465
-3.938325,52.844011
-3.027376,52.938097
-4.020577,53.239127
-3.436025,52.51581
-3.521094,52.717035
-3.014505,52.257654
-3.840128,52.522802
-3.447743,52.826736
-4.058184,52.362757
-3.282081,52.137269
-4.416254,53.292898
-4.353694,53.301342
-3.925584,52.555608
-3.763292,53.177585
-3.985678,52.710162
-3.453189,52.455363
-3.979053,52.366807
-3.95926,52.384221
-3.829767,53.016554
-3.144431,52.975683
-3.242032,52.325607
-3.969738,52.980153
-4.268282,53.190613
-3.199484,51.999676
-4.051284,52.308927
-3.845202,53.203314
-3.137653,52.203485
-3.16025,52.396565
-3.873526,52.787511
-3.949417,52.726948
-3.435137,52.759462
-3.270761,52.814379
-3.190915,52.115748
-4.143434,53.028395
-2.85611,52.930465
-3.866787,52.386617
-3.446309,52.200105
-4.016718,52.644902
-3.303814,52.280886
-3.43392,53.262014
-3.096288,52.365709
-3.353686,53.142492
-4.028791,52.362366
-4.072861,52.893885
-4.096276,52.329717
-3.905208,52.833758
-3.0566,52.241101
-3.464011,53.221194
-3.125674,52.076829
-3.337134,53.235271
-4.025304,52.862339
-4.072366,52.602581
-4.272114,52.951379
-4.226542,53.222869
-3.43611,52.92397
-3.499682,52.264175
-3.815399,53.277491
-3.959314,52.881428
-3.719706,52.948073
-4.250924,53.259272
-3.46132,52.744758
-3.104942,52.77019
-4.143295,53.265752
-3.269022,52.037609
-3.026705,53.098117
-3.9275,52.968259
-4.09499,52.951937
-3.551831,53.122993
-3.16458,52.001825
-4.254998,53.051506
-3.418285,52.284961
-3.359125,52.076165
-3.957635,52.645893
-3.622136,53.124752
-3.59336,52.465245
-4.055653,52.434734
-3.412537,52.656345
-3.809144,52.342557
-3.35446,52.307288
-3.200474,53.063229
-4.0415,53.174938
-3.407528,52.130444
-3.624116,52.819958
-3.561869,53.152528
-4.550785,52.854905
-3.748246,52.732783
-4.241207,52.95826
-3.206197,52.518376
-3.779397,53.060472
-4.334477,52.948371
-4.376178,53.354841
-3.100432,52.059085
-3.669551,52.727624
-3.275723,53.235944
-3.807788,52.417205
-3.118329,52.307963
-3.606013,52.44889
-3.369127,52.354771
-4.203406,53.268252
-3.414138,52.154641
-3.340775,52.24271
-3.876249,52.332519
-3.640877,52.515843
-4.043991,52.405264
-4.288759,53.040971
-4.0941,52.995109
-3.002881,52.521173
-4.564031,52.928352
-3.520107,53.240269
-3.531766,53.06302
-3.552994,53.238047
-3.883759,52.57786
-4.039582,52.913342
-3.629235,52.877426
-4.075031,52.314807
-3.885134,52.230774
-3.90992,52.805811
-3.856804,52.288768
-3.8501,52.514554
-3.74125,52.519803
-4.284774,53.303582
-4.548574,52.817186
-3.464822,52.539732
-3.877232,52.907928
-3.773531,52.296343
-3.398891,52.645718
-4.096108,52.882688
-3.915494,52.932491
-3.707442,52.674039
-3.276466,52.094173
-3.11865,52.087685
-3.584513,52.505823
-4.111398,53.013684
-3.954476,52.939048
-3.976079,52.759773
-3.857295,53.067373
-4.374851,53.195728
-4.687843,52.813213
-3.223364,52.764533
-3.895523,53.054183
-2.983218,53.090394
-4.149771,52.915894
-3.492076,52.473759
-4.14825,52.975262
-3.159534,52.927891
-2.878563,53.084021
-3.75215,52.200454
-3.540292,52.167446
-3.435876,53.051631
-3.955346,52.561414
-3.484816,52.782225
-3.281302,52.211903
-3.382977,52.703443
-3.444852,52.155167
-3.109245,52.589449
-3.266148,52.29658
-3.753342,52.267872
-3.364759,53.114497
-3.554863,52.625792
-3.775324,52.560655
-3.145045,52.149469
-3.62812,52.409927
-4.2505,52.936505
-2.961048,52.96652
-4.310824,53.090894
-4.409886,53.25976
-4.154908,53.138775
-3.665281,53.158319
-3.667586,53.256276
-3.941714,53.119068
-3.318335,52.078427
-3.765097,52.416052
-3.743236,53.088878
-3.337031,52.264331
-3.037086,52.28353
-3.37221,52.406881
-4.494934,53.381188
-3.084783,52.734416
-4.374981,52.926888
-4.005032,52.712534
-4.365162,53.23728
-3.845588,53.212298
-3.892398,52.435662
-3.066707,52.721994
-3.955246,52.956118
-4.485715,52.885958
-3.146981,52.054146
-3.018661,52.947162
-3.978296,52.284097
-3.090717,52.971693
-3.387935,52.252055
-3.965642,52.857048
-4.306797,52.959702
-3.845671,52.760076
-3.995342,53.083118
-3.48551,53.149909
-3.462083,52.988382
-3.724889,52.365397
-3.782363,52.84286
-3.435688,52.59583
-3.570067,52.140979
-3.177332,52.87108
-3.864328,53.229987
-3.127558,53.071134
-4.253638,53.025458
-3.795388,52.762647
-3.445621,52.896885
-3.469426,52.146772
-3.707827,52.189416
-3.1466,52.776088
-3.115737,51.970829
-3.297316,52.859042
-2.767989,52.994893
-3.875304,52.82884
-3.048564,52.768005
-3.853675,52.878629
-4.137762,53.06446
-4.321613,53.263311
-3.538417,52.451587
-3.381608,52.331249
-3.765191,52.785577
-4.241446,53.106607
-2.866616,53.009497
-4.489784,53.267108
-3.833099,52.637097
-4.077024,52.825481
-3.996534,52.623665
-4.633997,52.90434
-4.130175,52.302135
-3.400311,52.551301
-3.909383,52.996422
-3.427458,53.112863
-3.265133,52.978055
-3.370246,52.438372
-3.104791,52.117486
-3.240204,52.365185
-3.760151,52.623818
-3.919279,52.917145
-3.914801,52.950483
-3.83768,52.499463
-3.637254,53.286363
-4.074122,52.389453
-4.298456,53.362658
-3.798137,52.360708
-4.190735,52.99067
-3.248414,52.707634
-3.216877,52.103794
-3.841363,52.411292
-4.452541,53.271477
-3.808183,52.677939
-3.997981,52.525636
-4.133667,52.313761
-3.387335,52.980288
-3.399035,52.278897
-3.009265,52.349403
-3.365866,52.486972
-3.529065,52.648605
-3.075005,52.214862
-2.725809,52.967291
-3.773173,52.580468
-3.416369,52.729121
-3.749386,53.056423
-3.739714,53.038584
-3.639177,52.746928
-3.363837,52.421363
-3.951798,52.414915
-3.611713,52.242018
-4.082773,52.666237
-4.030634,52.594313
-4.099895,52.930273
-3.941056,53.0049
-3.456287,52.370811
-4.412885,53.392765
-3.299909,52.697191
-3.237746,52.171909
-4.069493,52.57296
-4.054997,52.924764
-3.513873,52.593957
-3.922002,53.045667
-4.216182,53.283299
-4.038892,52.517745
-3.616388,52.931543
-3.880363,52.291093
-3.193125,52.688425
-3.618859,52.638421
-3.355201,52.475407
-3.945197,52.465375
-3.217041,53.121493
-3.18253,52.019628
-3.524733,52.481434
-3.304226,53.089106
-3.075038,52.578976
-3.858978,53.141067
-4.457306,53.197652
-3.704451,52.862884
-4.342365,53.341125
-3.514059,52.299056
-3.957259,52.736709
-3.294923,52.728711
-3.166201,52.510686
-3.514904,52.409634
-3.829999,52.845731
-3.503851,53.032811
-3.859464,53.18691
-4.224037,53.145595
-4.13772,53.184038
-4.063037,52.96868
-4.206855,53.21874
-3.19012,52.414249
-3.566022,52.192283
-4.456782,53.24082
-3.807758,52.200514
-3.434104,52.728009
-3.867587,52.960225
-3.429571,52.088819
-3.313857,52.323032
-3.056719,53.043018000000004
-3.313052,52.444415
-3.801987,52.383127
-4.08085,52.843396
-3.149082,52.701446
-3.651603,52.566043
-4.205965,52.967911
-3.951519,52.508429
-4.329725,53.164252
-3.753345,53.006918
-3.568809,52.271368
-3.821031,52.986121
-3.176426,52.230977
-3.343244,52.275949
-3.413555,53.144493
-3.818616,52.928619
-4.027663,52.817344
-4.149379,53.057958
-3.693288,52.614004
-3.457018,52.926413
-3.432507,53.174831
-3.578674,52.589515
-3.170521,52.062006
-3.960524,52.346435
-2.943211,52.349949
-4.619243,52.85701
-3.948313,52.335848
-4.04641,53.089443
-3.432089,53.027404
-3.333717,52.786718
-4.441505,53.340935
-4.517179,52.915867
-4.289644,52.916876
-3.882227,52.265887
-4.34673,53.037143
-3.413209,52.217589
-3.60931,52.135055
-3.345082,52.433266
-3.860912,52.561139
-3.853309,52.310403
-4.066122,52.783413
-3.526495,52.99836
-3.920944,52.584455
-4.003288,52.253104
-4.08763,53.169643
-3.999122,52.323309
-3.732189,52.589166
-3.52597,52.133466
-3.787458,52.786142
-4.449974,53.409991
-3.327078,52.176332
-3.449278,52.470695
-3.353796,52.812562
-3.622026,52.962932
-3.91955,52.856004
-3.18185,52.982509
-3.23637,52.543238
-3.915473,52.898326
-3.318925,52.983764
-4.077075,52.981922
-4.451059,53.219359
-3.585138,52.359262
-3.151901,52.8084
-2.976006,53.035617
-3.191341,52.731596
-3.606238,53.219362
-3.605726,52.602637
-3.642523,52.599435
-3.465901,52.394967
-3.55868,53.064469
-3.967772,52.443422
-3.828425,52.772931
-4.126261,53.043089
-4.507521,53.237065
-4.022603,52.387649
-3.740499,52.798528
-3.66309,52.166677
-3.473995,52.461399
-3.436556,52.847549
-3.190866,52.059105
-3.889345,53.219703
-3.392268,52.62332
-3.664432,52.359071
-3.88411,52.963561
-2.992977,52.735221
-4.407089,52.942426
-3.5649,53.194741
-3.826808,52.734295
-2.960462,52.265298
-3.074093,52.540327
-3.708661,52.401597
-3.696595,52.278592
-4.31233,53.230225
-3.620454,53.040269
-3.209719,52.806926
-4.028197,52.924326
-3.339271,53.159735
-3.294299,53.056851
-3.93296,52.656189
-2.934671,53.124045
-2.648653,53.357027
-2.083336,53.351508
-2.290226,53.286914
-2.714169,53.344006
-2.206474,53.341471
-2.865519,53.252215
-2.640589,53.345322
-2.828289,53.234402
-2.529019,52.946755
-2.452524,53.174497
-2.609304,53.363464
-2.107208,53.285871
-2.342075,53.207226
-2.383711,53.007542
-2.567187,53.020292
-2.607298,53.121716
-2.892,53.192242
-2.779257,53.371464
-3.020299,53.331892
-2.155213,53.287616
-2.479374,53.224973
-2.687814,53.012464
-2.890882,53.138315
-2.568287,53.103886
-2.286594,53.194788
-2.80498,53.061169
-2.778761,53.261802
-2.130894,53.183375
-2.843581,53.184639
-2.748304,53.148735
-2.804729,53.127692
-2.103926,53.169918
-2.800105,53.200535
-2.203128,53.269567
-2.853691,53.26039
-2.520619,52.99084
-2.557546,53.312481
-2.280352,53.300107
-2.457555,53.186091
-2.52696,53.388125
-3.030447,53.254498
-2.11924,53.297545
-2.514874,53.25874
-2.533937,52.98359
-2.348758,53.108328
-2.038918,53.24052
-2.734653,53.301858
-2.243322,53.337221
-2.841963,53.19755
-2.502879,53.002603
-2.519259,53.001633
-2.497447,53.177913
-2.023995,53.348389
-2.812556,53.22562
-2.846642,53.250373
-2.612451,53.373335
-2.683768,53.27452
-3.112692,53.321951
-2.773073,53.278918
-2.053834,53.186581
-2.336316,53.330182
-2.255093,53.183174
-2.63216,53.296405
-2.559197,53.094041
-2.49364,53.237256
-2.709764,52.992153
-2.732068,52.985231
-2.12145,53.256689
-2.70299,53.303622
-2.498536,53.142852
-2.662366,53.330596
-2.219074,53.162571
-2.212406,53.326179
-2.204237,53.187766
-2.385466,53.370689
-2.466311,53.204107
-2.539004,53.270319
-2.233548,53.348612
-2.095606,53.296083
-2.712244,53.138169
-2.51295,53.097845
-2.029219,53.299399
-2.440598,53.032514
-2.233364,53.177376
-2.332701,53.156914
-2.671235,53.283391
-2.689225,53.287522
-2.348761,53.149291
-2.38929,53.351594
-2.823092,52.993625
-2.608447,53.41403
-2.255162,53.194859
-2.666949,53.012582
-2.48015,53.38915
-2.522215,53.246123
-2.406593,53.379607
-2.789888,53.336787
-2.521209,53.286578
-2.446418,53.306656
-2.578048,53.27463
-2.192872,53.322617
-2.515724,53.204802
-2.464562,53.319171
-2.614141,53.401956
-2.588878,53.298847
-2.811388,53.084498
-2.164299,53.310076
-2.994462,53.318627
-2.653086,53.376715
-2.354518,53.082242
-2.65084,53.323109
-2.613512,53.028152
-2.663268,53.364524
-2.356746,53.351003
-2.670336,53.134817
-2.849132,53.105809
-2.680346,53.058801
-2.669295,53.355951
-2.586115,52.986939
-2.163838,53.189627
-2.627851,53.383098
-2.401719,53.265907
-2.428606,53.026266
-2.693992,53.025912
-2.578925,53.284064
-2.269684,53.123814
-2.524372,53.054647
-2.5513,53.293633
-2.864536,53.12907
-2.626189,53.285173
-2.685994,53.366643
-2.491366,53.162972
-2.486903,53.039525
-2.613106,53.104562
-2.517483,53.474457
-2.823713,53.260601
-2.899591,53.233085
-2.488508,53.312784
-2.501338,53.12666
-2.791375,53.226392
-2.572888,53.225216
-2.706972,53.362925
-2.327452,53.25311
-2.744527,53.319101
-2.078801,53.33623
-2.487971,53.39728
-2.008968,53.321425
-2.880487,53.233704
-2.569129,53.393325
-2.750803,53.206249
-2.595953,53.370497
-2.615806,53.293318
-2.579899,53.35597
-2.478747,53.37934
-2.142919,53.199541
-2.02399,53.3394
-2.177848,53.319944
-2.578331,52.961808
-2.538518,53.231668
-2.504843,53.425074
-2.625498,53.135061
-2.734664,53.138033
-2.374175,53.110947
-3.019613,53.303133
-2.818301,53.291201
-2.585079,53.240438
-2.36261,53.333907
-2.881858,53.172091
-2.198185,53.173394
-2.603797,53.186411
-3.181265,53.36951
-2.264339,53.348098
-2.470508,53.04049
-2.535983,53.028527
-2.448174,53.044172
-2.506252,53.290238
-2.77575,53.178223
-1.607,52.203
-1.441,52.387
-1.584,54.75
-1.615,52.343
-0.825,52.612
-1.585,54.765
-1.599,52.344
-1.573,52.304
-2.797816,53.359206
-2.891338,53.520343
-3.042138,53.519123
-3.012408,53.537356
-2.709464,53.467629
-2.768415,53.395354
-2.985579,53.681398
-2.92072,53.484165
-2.769064,53.431305
-3.04435,53.608991
-2.798825,53.413132
-2.827864,53.359001
