selected_variables.Longitude,selected_variables.Latitude
144.567429,-18.205203
158.492588,-8.297315
145.129023,-16.545701
145.223696,-16.558016
145.211799,-16.592909
145.249288,-16.668005
145.184157,-16.584636
145.091504,-16.591523
145.695263,-16.790032
148.742269,-21.155255
141.874237,-12.630175
141.722134,-12.234082
146.820221,-19.25942
145.470277,-17.332064
145.920198,-17.93688
146.667413,-19.387919
145.604296,-17.41747
145.626277,-17.285221
149.007141,-5.526957
143.42305,-18.795867
141.855867,-12.660481
145.764337,-16.906812
148.910413,-21.040399
146.092147,-17.890913
156.839942,-8.101251
146.774329,-19.306903
145.545428,-17.261243
146.796166,-19.277276
145.573044,-16.809479
149.055627,-21.164177
145.973423,-16.758507
145.773809,-16.915581
146.818817,-19.275497
145.521438,-17.411297
146.770827,-19.262128
145.735763,-16.899517
145.466464,-16.086343
145.751316,-16.901793
145.641528,-16.666271
145.884963,-17.43627
145.6716,-16.7538
146.151892,-17.545352
148.585346,-20.402011
148.638442,-21.075144
145.471792,-16.078188
145.928226,-17.931108
149.154281,-21.158076
146.759023,-19.326703
148.536592,-21.074572
145.612045,-16.847493
145.7,-16.9
149.2,-21.3
145.6,-16.8
149.149546,-21.280286
116.235866,-31.821414
116.177299,-31.676887
116.152715,-31.686023
116.171373,-31.665059
116.240123,-31.829688
116.207834,-31.666598
116.197051,-31.665878
116.140742,-31.685691
116.110128,-31.696834
116.143033,-31.676824
116.160875,-31.674691
116.129438,-31.682593
116.120149,-31.689355
116.187357,-31.671699
115.778001,-31.984246
116.879123,-34.7825
118.634167,-20.304722
116.591687,-34.817985
115.256903,-33.657121
115.86611,-31.973634
115.85262,-32.0286
115.783451,-32.009437
115.778235,-32.043326
115.539455,-31.990799
116.018105,-31.751723
116.030921,-34.247328
115.273322,-33.659042
116.038102,-31.808082
115.110174,-34.070714
113.77592,-25.14159
115.989594,-31.988608
115.946693,-32.046788
116.021712,-31.984858
116.066153,-31.885584
115.860333,-32.091811
117.896456,-34.934058
115.91483,-31.975128
115.845263,-32.074333
115.882884,-31.924836
117.914995,-35.009911
114.169,-27.7086
115.843721,-31.962003
116.44556,-31.575183
115.909252,-32.004832
116.076142,-31.921897
115.805877,-31.948786
117.560722,-33.684093
117.797418,-34.853427
115.740384,-32.056674
116.02655,-31.963366
115.903663,-32.095097
115.81302,-32.024617
115.921837,-32.129363
115.893979,-32.171829
116.184471,-32.111234
115.828331,-31.888881
116.16199400000001,-31.911259
115.73876,-32.158322
115.646359,-31.923249
115.184647,-33.644501
115.875038,-31.942703
115.859962,-32.165061
115.882578,-32.02569
117.89951,-34.99457
115.860353,-31.956805
116.099496,-32.160522
115.747504,-32.029421
115.819699,-31.981108
115.782945,-32.020683
115.791497,-32.10215
115.028056,-33.877031
115.831453,-31.9714
116.324652,-33.968832
115.062967,-33.953451
96.880275,-12.088495
116.163957,-33.584125
115.712508,-32.281762
115.724546,-32.05393
117.286413,-34.969503
115.426619,-33.630218
117.701426,-34.77443
115.78786,-31.706212
115.900786,-32.028107
105.682542,-10.47607
115.78892,-31.772698
115.759962,-32.064119
115.832599,-32.092571
116.147011,-34.235408
115.612835,-32.128629
115.904331,-31.896256
116.013442,-32.23037
115.756654,-32.00843
117.886108,-35.030705
115.8357,-31.930883
129.136934,-31.660205
115.85614700000001,-32.068669
115.667247,-32.060218
115.782777,-32.119801
115.686312,-32.270655
115.146148,-33.709226
115.819161,-31.745381
115.871161,-32.151035
105.702268,-10.425691
115.838931,-32.2435
115.760372,-31.858028
115.873577,-31.995122
105.668521,-10.432494
96.868978,-12.152447
115.813424,-32.265692
115.73514,-32.278093
115.683456,-32.454815
115.832235,-32.16718
117.353032,-34.96114
116.043699,-31.865291
115.816145,-31.972538
115.860168,-31.904958
105.674683,-10.502086
114.124336,-21.929037
117.3,-35
115.295841,-33.664634
116.434338,-31.49186
115.900657,-31.875694
116.038421,-31.632733
115.8,-32
115.149679,-33.922779
116.072961,-31.905147
115.339436,-20.960179
115.5236,-20.499897
115.517211,-20.369618
115.529989,-20.514064
115.549989,-20.466008
115.544434,-20.522675
115.526933,-20.361563
122.834543,-34.994138
115.329436,-20.90629
117.69567,-35.050574
117.725542,-20.630721
119.098313,-19.587932
115.504433,-20.432119
115.545822,-20.512119
115.564989,-20.393507
113.728935,-28.453033
115.501192,-31.998891
115.328603,-20.960457
115.401102,-20.765456
121.678146,-33.99636
115.492769,-20.744899
115.526378,-20.420453
115.549156,-20.441286
115.477769,-20.725732
115.591378,-20.421841
115.545822,-20.426842
115.327213,-20.735178
115.495546,-20.73601
116.82221,-20.447391
113.786716,-28.713591
115.5236,-20.408508
117.945948,-35.061683
122.013978,-33.95969
101.15437,4.539048
134.391423,-14.016912
134.11208,-14.22166
134.486644,-14.288992
134.109606,-14.232485
134.528923,-14.091476
134.428313,-14.2603
134.13209,-14.24233
134.474873,-14.139921
134.229477,-14.144836
134.438457,-14.060761
134.259416,-14.020729
128.092875,35.983834
127.854276,35.149103
128.689378,35.780356
126.698,33.544389
128.870156,35.265483
126.430764,37.65632
128.593174,35.759455
127.476639,37.478806
127.318893,36.029633
129.035173,36.5341
127.512805,38.060703
128.521234,37.258251
126.282512,34.438845
128.068782,37.661298
129.302714,36.078557000000004
127.909448,35.083264
127.384268,35.147159
127.068453,34.938542
129.25243,36.292598
127.870665,35.171506
127.372139,37.603013
129.318574,36.263925
127.322933,35.763868
127.218537,35.950348
126.919758,38.018849
130.9057,37.546117
127.473638,35.656157
128.478278,35.720132
129.06477,36.350027
128.533524,35.709513
126.689806,33.38
128.214627,36.12424
126.692348,37.895334
127.395472,37.697313
127.641196,38.037338
129.330282,36.27555
128.758522,35.178581
130.807925,37.510917
126.985661,38.096262
127.69816,38.065676
127.361246,35.893349
127.905748,35.067601
127.878463,35.083037
127.14278,37.958152
127.142792,37.862358
127.429506,35.917587
127.835972,35.177277
128.760659,35.716771
128.726919,36.837785
129.179342,36.162208
129.504444,36.018639
126.595881,35.687804
129.144991,36.393661
127.416645,37.459888
126.637854,35.657634
127.409944,37.343861
127.939858,35.097953
127.156807,36.533365
127.05232,34.994347
126.705861,33.338222
127.52465,38.183181
130.864711,37.500655
127.051403,34.888459
129.163983,36.033843
128.722345,35.641304
128.570099,35.790117
126.904258,38.027298
130.879219,37.497883
128.458657,36.774332
108.035253,-7.542323
92.565152,24.692668
103.804304,1.26825
91.790646,24.327419
100.595092,13.720095
123.002466,-16.456444
100.499848,7.010611
114.194274,22.333689
130.833038,-12.456295
119.15104,36.784157
108.142867,-7.651059
92.344815,24.352674
125.524547,7.075799
103.706442,1.318707
119.298803,26.083725
130.839667,-12.462833
101.235887,6.881467
128.223969,26.789147
110.77533,-6.922018
103.806938,1.399853
115.22594,-8.743427
106.732339,-6.581448
129.478396,-14.343227
120.261839,23.620397
101.224622,6.871026
130.983731,-12.481366
120.293428,22.682705
139.680206,35.667063
106.664122,10.784988
106.82235,-6.18493
128.946036,-3.313406
99.86981,19.975334
96.120804,16.795893
103.844575,1.358153
115.558149,-8.764209
123.655,-10.163
96.1605,16.770525
130.881761,-12.372019
107.766955,-6.936093
92.338816,24.425633
100.933615,13.333715
108.222549,-7.350193
112.013403,-7.690034
145.748626,15.094229
96.043411,17.100767
130.711189,-0.417025
121.329793,23.322756
121.295946,23.267328
132.2,-14.5
91.569456,27.443357
133.86564,-23.731691
123.372456,-16.571515
122.017739,-16.882075
122.110516,-16.851797
122.139683,-16.855685
123.189678,-16.40457
101.631629,16.695916
93.261472,26.578861
93.126361,26.56825
91.010594,22.039372
93.158889,26.576083
93.552194,26.633944
101.475096,16.761185
93.506333,26.615056
93.47625,26.608889
93.452417,26.599444
93.373417,26.587278
91.005884,26.730048
132.727497,-14.050213
131.25374,-12.23807
132.17508,-12.78866
134.177689,-14.187564
133.987097,-12.466707
132.22257,-13.60894
134.474313,-14.130057
132.453477,-14.445997
133.148277,-13.210776
132.94696,-12.75752
133.593026,-12.456562
132.05776,-13.21665
130.54543,-16.45604
131.00752,-12.42779
132.4735,-13.35209
132.84369,-13.28328
130.913908,-12.518341
133.135676,-13.365223
133.091724,-13.082853
131.03418,-12.14858
131.120214,-12.84359
133.109406,-13.203629
134.032924,-12.541877
133.237979,-13.35704
133.121288,-12.508361
134.110856,-12.697167
132.9198,-12.88722
129.455526,-14.34731
134.198959,-12.907753
132.887681,-12.927481
131.04036,-12.27133
136.775158,-12.186568
133.085054,-12.519506
131.14935,-12.18177
130.87435,-12.38566
130.97446,-12.4316
134.341653,-12.631398
132.625482,-12.965138
130.967883,-12.465262
136.81864,-11.66805
133.81432,-12.18798
132.569023,-13.952256
131.082214,-12.726591
133.542578,-12.755321
130.948234,-12.561109
132.736121,-14.022229
133.265336,-13.318326
132.98871,-13.1782
132.93208,-12.99727
130.855384,-12.418415
132.29021,-14.01117
132.38083,-13.62258
132.65306,-13.4325
134.320439,-12.694742
133.179766,-13.355186
133.06073,-13.07955
134.100901,-12.930369
132.48941,-13.41104
135.74611,-11.95162
132.78886,-12.8649
132.477353,-13.414294
130.911381,-12.885945
131.10021,-15.58338
131.88284,-14.93246
132.8349,-12.667586
131.12904,-12.20137
130.9411,-12.4411
133.65029,-12.768925
134.028599,-12.555191
133.819616,-12.772191
134.242083,-12.672827
133.422944,-13.160553
130.97664,-12.41568
131.08281,-12.21554
134.306546,-12.70301
130.881214,-12.448592
131.3087,-15.39397
134.526061,-14.011316
134.065463,-12.690708
133.99854,-12.539726
133.14719,-14.93237
132.97034,-12.44057
130.863132,-12.383211
132.27213,-13.55331
132.40982,-13.82043
134.464344,-14.153947
130.845,-12.382
133.98369,-12.73948
133.12476,-14.98526
130.852916,-12.42888
130.978614,-12.499736
131.13333,-12.98333
134.056313,-12.524699
133.073769,-13.104167
131.01435,-12.997785
133.717525,-12.558554
131.24477,-12.25736
130.881538,-12.391775
133.63839,-12.482757
132.32452,-14.01309
133.065319,-13.05336
130.839234,-12.434002
133.96249,-12.74712
132.016572,-12.825006
129.4021,-14.381537
134.2532,-14.26439
130.887344,-12.43233
133.356716,-12.742549
134.275211,-12.700135
132.99132,-12.58319
131.113594,-12.535278
132.56267,-14.34906
131.20267,-12.32449
131.995605,-12.895713
132.33487,-13.58789
129.470703,-14.362994
133.13693,-14.95419
134.19026,-14.24265
130.893114,-12.384485
134.0427,-12.427409
132.007247,-12.806627
131.105477,-13.239023
131.75427,-12.65228
132.538823,-12.923778
134.29847,-12.64609
131.2235,-12.34642
132.58928,-13.57097
132.33832,-14.0616
134.09637,-12.64216
134.083947,-12.764061
131.7663,-12.6165
131.2684,-12.28105
130.845385,-12.447855
132.50726,-13.51342
132.52989,-13.31279
133.396452,-13.036544
129.456548,-14.39987
133.740375,-12.470016
133.668763,-12.652735
130.920561,-12.693424
131.341771,-15.70165
133.605476,-13.383792
132.64441,-13.29283
134.117167,-12.5285
132.16137,-13.07999
130.98843,-12.4161
130.970849,-12.505586
133.154611,-12.878327
132.03897,-13.35756
129.450945,-14.356269
131.7206,-12.6285
132.890251,-12.90444
130.78479,-13.42638
133.389008,-13.056972
133.13739,-14.88391
133.854436,-23.706499
134.101729,-12.530831
131.9424,-15.06624
132.39273,-14.13008
133.134897,-13.254168
132.44524,-13.51933
133.89313,-12.738033
130.849909,-12.40296
129.690979,-14.32148
131.07738,-12.29318
134.077898,-12.776993
132.59088,-13.91296
132.163988,-13.048367
130.85979,-12.39369
132.21869,-14.21834
132.322378,-14.553089
134.08752,-12.784582
133.17907,-12.883238
130.83682,-12.41744
133.954458,-12.623926
133.620515,-12.49219
132.85135,-13.22324
133.518712,-13.421569999999999
134.465174,-14.176509
133.20139,-15.02187
132.252356,-12.767559
130.9818,-12.45017
134.175214,-12.901923
133.604721,-13.401715
133.12416,-14.93495
130.3806,-16.04793
133.724926,-12.572419
134.223174,-14.260081
133.601141,-12.710999
132.274484,-13.432996
131.222664,-13.928415
130.977943,-12.3803
131.068864,-12.468022
130.953066,-12.394619
130.890976,-12.372796
130.396633,-15.61495
133.744486,-12.396181
133.689789,-12.374972
134.477046,-14.214767
134.099443,-12.767689
130.1998,-15.88966
129.820892,-14.693809
133.42471,-13.132339
129.414798,-14.333062
131.18498,-12.41301
130.921014,-12.887609
133.353137,-12.697134
133.79324,-12.22367
132.97969,-12.86022
133.099408,-13.10714
131.25206,-12.25051
134.089611,-14.161894
130.920429,-12.677018
131.15,-12.36667
131.074546,-12.581925
134.275627,-14.039897
133.705772,-12.445333
130.938245,-12.887074
132.077586,-12.883958
132.62273,-13.7415
133.680409,-12.612422
133.9787,-12.76125
131.122881,-12.951923
132.046082,-12.78556
130.915942,-12.401652
130.902423,-12.393793
132.85481,-12.78227
131.20719,-12.3385
130.854389,-12.37945
136.82504,-11.65745
134.169788,-12.920636
132.320454,-14.486407
130.8933,-12.397
132.57646,-13.49849
131.78387,-12.65938
130.99742,-12.45078
134.184361,-12.912981
132.80272,-13.36179
132.95551,-12.54248
130.396633,-20.192567
130.869015,-12.361314
133.676116,-12.377282
133.916211,-12.634994
132.33492,-12.74276
132.37239,-13.80238
131.5973,-14.75378
134.114715,-14.244964
108.447029,11.942013
101.683266,3.237869
142.579,-37.2657
145.301,-37.9366
142.398,-37.342
143.62,-37.6975
142.393,-37.1961
142.562,-37.193
144.82,-36.8003
142.456,-37.1524
142.598,-37.2392
143.803,-37.774
143.824,-37.7573
142.508,-37.333
142.549,-37.2247
144.094,-37.4402
142.269,-37.281
142.586,-37.2327
142.533,-37.1174
143.775,-37.751
142.518,-37.1169
142.453,-37.4263
142.252,-37.2951
142.562,-37.2252
142.511,-37.187
142.657,-37.3316
143.485,-38.5277
142.312,-37.3239
142.588,-37.2458
142.257,-37.4002
142.479,-37.2571
142.391,-37.3515
142.408,-37.3139
142.278,-37.2584
143.775,-37.7679
142.301,-37.3401
143.706,-37.7308
142.543,-37.1954
142.569,-37.3959
142.524,-37.1981
142.493,-37.3871
142.498,-37.3575
142.568,-37.2622
142.485,-37.0483
144.181,-37.2343
142.575,-37.2216
142.286,-37.4075
142.234,-37.3109
144.975395,-35.639249
144.748056,-36.110278
145.025446,-35.777355
144.994469,-35.807382
145.147135,-35.801703
144.947353,-35.494452
144.825255,-36.09356
145.014137,-35.795329
144.96093,-35.866985
142.607876,-34.211914
145.792662,-41.169088
142.995158,-38.618065
144.358638,-38.074137
144.294405,-38.196007
144.97992,-37.832213
144.875183,-37.676012
144.809097,-37.792555
144.313125,-38.144494
138.902267,-35.068097
144.993425,-37.661824
143.664305,-38.771892
138.709812,-34.993013
138.59593,-34.975028
144.904268,-37.688433
138.5372,-34.931225
144.994421,-38.325375
144.973572,-37.770178
145.289951,-37.889548
140.942301,-38.052397
145.044488,-37.896441
144.324789,-38.338491
138.599243,-34.918074
145.611475,-42.441581
144.919077,-37.765345
138.620453,-34.996517
144.911117,-37.79727
144.847872,-38.386849
144.7303,-37.5546
138.536952,-35.036733
145.460946,-36.141575
145.033556,-37.620468
145.472012,-37.926898
145.441996,-38.070077
145.645694,-37.793171
145.244699,-37.936823
144.192941,-37.646533
144.990285,-37.792148
138.164047,-35.612359
143.899043,-37.641248
145.100739,-38.011433
145.544292,-37.665043
144.02366,-37.967556
145.075032,-37.789167
144.318571,-38.303382
143.996858,-37.688766
144.22314,-37.902512
145.49614,-36.994787
145.266738,-37.86347
138.314744,-35.528918
145.538777,-38.401449
144.997239,-37.877147
144.960677,-37.655331
145.012589,-37.786422
145.273486,-38.505299
138.63496,-34.969948
144.957218,-38.315117
144.979054,-40.955728
138.514314,-35.110325
145.02928,-37.912621
145.280883,-37.977498
144.178391,-38.420511
138.681427,-34.970138
145.530272,-37.660951
145.160671,-37.967024
145.031673,-37.703831
138.599794,-34.878906
142.533256,-38.355909
144.323252,-38.170047
145.055328,-37.986947
144.934398,-37.738767
138.613197,-35.064611
145.6196,-37.782717
145.141843,-38.184194
144.047142,-37.724574
138.77242,-35.063884
144.296147,-38.352247
144.915088,-37.743465
144.810266,-37.656023
145.609622,-37.614962
145.036613,-37.873955
142.716191,-37.342122
145.16695,-37.837355
145.092351,-37.899979
145.347737,-38.555935
144.984226,-37.843369
145.162301,-38.082334
138.830567,-35.161288
145.40698,-38.535734
145.02182,-37.828423
145.099781,-37.868297
143.865519,-37.537256
145.26961,-37.813775
138.65,-34.8
138.626963,-34.838778
145.130692,-37.94638
145.275215,-37.838651
145.034862,-37.845592
142.02202,-37.749547
144.976563,-38.325920000000004
144.287758,-38.343206
145.088324,-37.613154
145.092277,-37.746051
145.005077,-37.948929
145.099275,-37.891297
138.486668,-34.920019
145.2229,-37.838025
144.894547,-37.84777
138.628182,-34.89482
144.599575,-37.452351
145.363022,-37.784766
138.84132,-35.172184
144.207179,-37.069438
138.223778,-35.411329
144.701191,-37.067787
138.508243,-35.121251
138.518617,-34.851294
144.302063,-36.759113
144.872948,-38.363453
144.390883,-38.158111
145.114503,-38.190278
138.598081,-34.951342
144.937819,-37.771244
142.52868,-36.949269
145.303191,-40.762217
145.103255,-37.626349
138.479523,-34.837739
144.2834,-37.027688
143.392252,-36.368583
145.115062,-37.892418
138.697565,-34.828608
138.595664,-35.015916
144.59192,-37.492825
145.28153,-37.766905
138.555369,-35.189516
144.274681,-37.814375
145.257248,-37.988495
144.070502,-37.629549
138.88457,-35.070531
144.987637,-37.920165
144.65732,-38.2701
144.655975,-37.429645
144.825101,-37.734244
145.096842,-37.833386
144.589234,-37.387608
138.631988,-34.986167
138.311991,-35.444079
144.413124,-36.255027
145.057389,-37.717808
144.814638,-37.780421
138.559227,-35.253079
138.630822,-34.848019
144.76645,-37.667263
145.303446,-37.822271
145.320904,-38.0269
144.359236,-38.005871
145.044189,-37.759755
144.105408,-37.571341
139.440805,-34.522279
144.944644,-37.790334
143.749863,-37.816847
138.554253,-35.109905
145.275515,-38.041757
138.471462,-35.227524
144.951226,-37.78278
145.238587,-37.642692
144.696382,-38.125427
145.217888,-37.808354
144.904952,-37.827817
144.545551,-37.573045
145.022858,-38.370363
144.59824,-37.470788
144.810504,-37.870046
138.070878,-32.750817
144.771472,-38.357984
145.263652,-37.850458
144.586435,-37.483386
145.514167,-36.916112
145.329147,-42.158791
144.731003,-37.843034
138.615335,-34.984852
144.176217,-38.404918
144.088552,-37.633361
144.986196,-37.818126
141.47145,-31.977803
144.45337,-38.22558
144.58296,-38.23653
145.134566,-37.880262
145.104839,-37.855387
145.336799,-37.902375
144.993343,-37.758766
145.052721,-37.966035
145.017192,-37.845198
145.281433,-37.816395
145.034409,-37.804575
138.608903,-34.889068
144.960974,-37.798346
138.515597,-34.885574
140.345506,-36.087178
145.4761,-38.5498
144.933602,-37.785066
144.315302,-38.345008
144.300784,-38.163997
142.637054,-38.327495
145.499091,-37.929649
145.307806,-37.904558
144.937731,-37.753491
138.587022,-34.981275
144.61293,-37.511787
145.01397,-37.70655
145.239625,-37.956032
138.511907,-34.817435
138.909382,-35.038412
145.127261,-38.17533
145.295586,-37.850516
138.697127,-34.915909
138.656512,-34.834486
145.193866,-37.819327
145.663428,-37.746136
138.694116,-35.353315
145.210246,-37.638173
144.370402,-36.855952
145.327113,-37.91303
145.131758,-38.036925
143.883072,-37.646229
145.17021,-38.311876
144.188532,-38.331042
145.320414,-42.148684
145.349217,-37.875544
144.145617,-37.330172
144.896461,-37.808646
144.343689,-38.081347
143.685666,-38.705491
145.104397,-37.993774
138.691725,-34.904933
141.344847,-34.701646
144.954513,-37.811497
145.426657,-37.904231
138.674401,-34.950339
145.072181,-37.679369
138.612909,-34.903002
145.029922,-37.866013
145.644027,-37.630677
142.911326,-38.238879
144.502929,-37.376006
138.528735,-34.909363
138.614,-34.873
145.126756,-37.696147
142.290628,-37.874193
144.83778,-38.378855
144.31542,-36.75992
144.983954,-37.87086
143.808648,-37.583251
145.009701,-37.695644
145.069514,-37.826296
138.679901,-34.91004
145.133423,-37.983387
138.7149,-34.84544
138.633988,-34.906674
138.503901,-34.976825
143.515869,-37.613366
145.11946,-38.069892
145.584747,-38.256172
145.0616,-37.86158
138.547779,-35.075518
145.22197,-37.797717
143.87633,-37.62351
143.89934,-37.6995
144.16372,-37.5116
145.19887,-38.13602
144.84445,-38.43321
145.32282,-37.5577
144.87524,-38.4614
145.2299,-38.19835
145.40196,-37.98418
145.15448,-37.81835
144.37632,-37.59017
145.07027,-38.25766
144.66314,-37.94479
145.40268,-38.21721
145.14718,-37.70107
144.94522,-38.43666
144.77541,-38.3807
145.03195,-37.98308
143.07997,-37.81904
144.20833,-37.8319
142.39301,-37.15685
144.70288,-38.3179
144.54806,-38.27306
144.64207,-37.23252
145.60622,-38.60243
142.49301,-36.95685
144.62037,-37.61141
145.01842,-38.48298
144.259,-37.3412
144.82883,-38.4146
144.69105,-37.41366
144.16639,-37.8617
145.2229,-38.14585
144.53817,-37.49348
144.55967,-38.24017
145.00751,-37.83397
145.32234,-38.16361
145.08098,-38.28487
142.50234,-37.45499
142.02697,-38.31961
145.04299,-38.2735
144.92844,-38.3823
143.90486,-38.37101
144.50966,-37.70683
143.30541,-38.29805
145.37631,-37.62349
145.36574,-37.81123
145.61858,-38.32006
144.81797,-38.41121
145.13595,-36.78159
144.52776,-38.24838
145.20966,-38.34016
145.1333,-37.71167
145.53436,-38.44428
144.887666,-38.492773
145.168717,-38.147064
144.3572,-37.22044
142.98612,-36.3705
145.04851,-38.21675
142.36885,-38.31161
143.85721,-37.9433
142.10493,-34.22246
144.00967,-37.87351
142.74211,-38.37604
144.45329,-37.17055
144.70046,-38.20684
145.17632,-38.25683
145.55197,-38.15738
145.09837,-38.4017
144.8046,-37.6653
145.01568,-37.91071
144.79603,-38.3948
145.12823,-38.19003
144.15475,-38.3468
145.67752,-38.04091
145.1034,-37.68325
145.39515,-38.17423
142.24429,-38.38509
145.67762,-38.05243
145.29299,-38.45683
145.0567,-36.00784
145.39504,-38.006
144.70545,-37.84281
145.04467,-37.71744
145.35964,-37.62349
144.76711,-37.82601
145.43471,-38.1915
144.20966,-37.79017
143.35654,-37.72822
145.31081,-38.20431
144.22583,-38.395
144.15967,-38.35684
142.71918,-38.37458
144.73098,-38.34711
145.249,-37.8357
144.1386,-38.0337
145.32004,-37.63066
145.41253,-37.76757
142.69504,-37.30471
144.67559,-37.98288
145.19267,-37.8985
145.12631,-37.62349
145.18453,-38.12071
144.37708,-38.26808
142.034,-37.896
142.5008,-37.39415
144.42632,-37.60683
144.9855,-38.34163
144.33466,-37.66517
141.99302,-37.25686
145.06618,-37.76286
142.62106,-37.28015
144.0882,-37.39636
145.51373,-37.76652
145.37485,-37.74385
142.60968,-37.30685
142.59621,-37.19119
145.61459,-38.34028
142.38838,-37.12297
143.70676,-37.69261
144.3308,-37.3697
145.06795,-37.73855
145.2456,-38.2325
144.99515,-38.28794
145.62633,-38.70683
144.61799,-37.98183
145.32802,-37.93089
144.49299,-37.64017
144.11083,-37.0318
144.15967,-38.04017
145.12631,-37.65683
145.00975,-35.8631
145.3353,-37.63867
145.382,-37.8619
145.05425,-38.42951
144.293,-37.36105
145.29326,-37.76096
141.219,-37.62976
144.37981,-35.84534
144.31694,-38.38306
144.76526,-38.3732
144.84299,-37.74016
144.90006,-37.61582
144.49674,-37.28355
143.32633,-37.04017
145.37279,-38.20285
145.38626,-37.66043
144.72633,-37.9735
145.54798,-37.68056
145.21529,-38.30273
143.71811,-37.06262
145.62632,-38.29016
145.19298,-37.75682
145.24669,-38.13285
143.24124,-37.28889
145.34858,-37.6128
145.19132,-37.62277
145.29299,-38.12349
141.53326,-38.22826
145.29772,-38.17816
144.29298,-37.04016
144.7481,-37.6158
143.26398,-38.07787
144.62633,-38.1235
145.46729,-38.2046
143.721,-37.69073
143.1359,-37.4225
145.29504,-37.3139
144.3578,-37.2514
144.98651,-37.77053
145.12632,-37.74016
145.03407,-38.37255
143.7123,-37.67348
145.31165,-38.17975
138.703351,-34.804777
143.32154,-37.3324
145.64033,-38.02503
145.20965,-37.77349
145.62632,-38.59016
144.59694,-38.28694
143.87633,-37.70684
145.04695,-38.25793
145.37631,-37.54015
142.07868,-37.2421
145.24768,-37.50063
145.13018,-38.38898
144.72176,-37.5622
145.58679,-38.14939
145.50949,-37.279
145.27673,-37.3649
145.6263,-37.04015
144.17496,-37.91605
145.12632,-38.20683
145.31339,-38.24131
142.98203,-38.62367
145.06502,-38.1972
145.24323,-38.25177
145.36619,-37.87409
145.43469,-38.49416
145.57101,-38.20298
144.79887,-37.89604
145.1638,-38.17768
145.29395,-37.63871
142.16517,-34.18223
145.30035,-37.94671
144.34299,-37.50683
145.07917,-37.61944
145.11834,-37.94394
144.21639,-37.8228
145.19328,-37.8733
145.61944,-38.66944
144.35791,-37.72993
143.45968,-38.37351
145.61385,-38.6518
145.36768,-38.09119
144.80493,-37.744945
145.02937,-37.43781
144.37632,-37.54017
145.07644,-38.24064
144.16,-38.28141
144.17632,-37.00683
144.90027,-38.37294
144.3208,-37.4407
144.25353,-37.82902
142.52845,-37.18307
144.05018,-37.70292
145.0275,-38.38073
144.16417,-38.42917
144.78524,-38.3885
145.32853,-38.20935
142.42316,-37.11784
145.49298,-37.87349
145.11584,-37.78353
142.54301,-37.12352
142.62634,-37.29018
145.19116,-37.51631
144.15056,-37.8639
143.37634,-37.75685
145.1066,-37.6545
145.31123,-38.19465
143.16068,-38.70293
145.35984,-37.8304
144.1939,-37.8425
144.59075,-37.7844
145.38586,-37.9398
145.20964,-37.54016
145.05965,-37.70683
145.63418,-38.13997
144.44329,-37.58259
145.57505,-38.27666
144.68994,-37.44968
145.28918,-37.93754
145.14299,-37.95683
144.90428,-37.86823
144.9678,-37.6383
145.50046,-38.12955
145.39298,-37.75682
145.13222,-37.67778
145.35675,-38.15437
144.2,-36.6
144.91418,-37.83957
142.30015,-37.17565
142.70968,-37.29018
145.26947,-38.1393
143.57232,-37.64757
144.64528,-38.27056
145.18976,-37.76933
143.58089,-38.83217
145.08987,-37.68033
145.18796,-38.35056
145.50458,-38.1523
145.56825,-38.39006
145.15661,-38.83427
145.15934,-38.2596
145.342,-37.6298
145.30965,-37.97349
145.1052,-37.79053
144.57517000000001,-37.32843
145.04101,-37.727290000000004
142.16179,-34.2526
145.26939,-38.1281
145.57004,-37.031
144.00966,-37.70684
145.48417,-37.76759
144.1084,-38.4173
144.94917,-38.33761
143.74297,-36.1235
145.23305,-37.81054
144.53873,-37.35755
142.43176,-37.47581
143.80273,-37.75103
145.10985,-38.172782
142.32634,-37.10685
142.79303,-38.37352
144.3537,-37.8453
145.33988,-38.1819
145.11512,-38.5116
145.15223,-37.68043
145.33632,-38.22701
144.92361,-38.39123
141.5461,-38.41746
144.49947,-37.23151
145.42873,-38.21237
141.97636,-37.90686
144.26073,-37.37923
145.27632,-37.94016
144.45966,-37.70683
144.60508,-37.34929
145.2359,-38.26117
145.07191,-38.41178
145.09169,-38.23208
144.93274,-38.47249
145.09299,-38.29016
145.53987,-38.4332
143.543,-37.70684
145.14299,-38.05683
145.52355,-37.68377
145.44414,-38.12706
145.37632,-37.95682
145.00786,-38.33791
144.73566,-37.54519
145.28762,-38.22129
145.23458,-38.13725
141.54305,-38.3902
145.48384,-37.73302
144.87958,-38.3812
144.20837,-38.38289
145.14381,-37.82695
142.42599,-37.25236
144.37072,-37.84851
145.22632,-38.29016
145.28184,-37.71483
145.58339,-38.11213
144.42633,-38.04017
145.2937,-37.7069
145.63083,-38.67222
145.20256,-38.16648
145.01041,-38.2836
142.33497,-37.29114
145.3581,-38.1991
144.35964,-36.84016
144.7944,-37.6742
145.06329,-37.6123
144.65965,-37.24016
144.1756,-37.8453
145.06583,-38.3158
144.75119,-38.362
145.16718,-38.35448
145.24838,-37.73867
145.23296,-37.90967
144.56317,-37.9743
143.10906,-38.66638
144.15556,-38.41654
143.07199,-38.46349
145.56809,-38.62977
145.52565,-38.07862
145.12632,-38.10683
144.62632,-37.45683
144.85094,-37.55095
145.4215,-36.3132
145.0421,-37.68586
144.76205,-38.3501
144.83327,-38.4254
142.96554,-38.62022
143.82633,-37.4235
144.49412,-37.55924
145.18282,-37.49525
141.87634,-36.79019
145.30965,-37.65682
144.41799,-37.58183
143.37633,-37.07351
142.81802,-38.09852
145.51357,-38.08485
145.11128,-38.13037
145.2081,-37.2478
145.37732,-37.78041
144.67633,-37.94017
144.55966,-37.99017
144.64959,-37.90577
144.04177,-37.66004
144.35452,-37.49065
145.18353,-38.16125
145.00522,-38.29603
143.90966,-37.4235
145.29782,-38.21283
144.9744,-35.8804
145.37629,-36.40682
145.00966,-38.30683
144.55497,-37.42894
145.51512,-38.58044
145.01935,-37.81615
142.30645,-37.10283
145.12632,-37.95683
143.29299,-36.79017
144.54217,-37.02405
144.99909,-38.2788
144.7803,-37.6332
142.08928,-34.2722
145.26463,-38.11021
145.17177,-38.2937
145.2072,-37.7621
145.53649,-38.12265
144.74284,-38.3556
144.50133,-37.9985
145.19529,-37.2479
144.8569,-37.5415
144.06864,-37.68291
144.39768,-37.46794
144.46063,-37.48557
143.92761,-37.65234
142.33468,-37.33185
145.14169,-38.09056
144.23667,-37.8133
145.30965,-37.69016
145.19296,-38.19959
145.10688,-37.72477
144.9041,-37.54637
144.10497,-38.45044
144.27583,-37.7436
144.84719,-37.33106
142.76685,-37.16534
145.66189,-38.0604
144.92378,-38.46512
145.24128,-38.03776
144.12632,-37.3735
145.55022,-37.79865
145.3553,-37.86606
143.914,-37.3922
145.28509,-38.20285
144.08414,-38.44263
145.34657,-38.14557
144.36218,-36.77352
143.87633,-37.45684
144.23306,-38.13306
144.63709,-38.11818
142.4597,-38.20686
145.2934,-37.9685
145.26379,-38.16635
145.19166,-37.73781
144.89061,-38.4832
142.85967,-37.15685
145.19967,-38.15775
145.4454,-37.8835
145.16742,-37.52385
143.73722,-37.77045
141.55831,-38.36693
141.59927,-38.38549
143.73807,-37.73709
145.07935,-37.42782
144.98033,-38.41024
138.687153,-35.0433
145.20413,-37.897
144.64298,-37.3735
142.5264,-37.3143
145.32291,-38.13927
142.25858,-37.14618
144.88614,-38.4696
145.36905,-37.86435
145.20857,-37.74258
144.85132,-37.64849
145.55302,-38.19281
145.40566,-37.813
144.65965,-37.45683
145.38552,-37.74694
144.5512,-38.2573
144.19554,-37.85347
142.47768,-37.36511
143.90966,-37.44017
144.96332,-37.78816
144.87381,-37.74152
142.26465,-37.38966
144.37632,-37.6235
142.46305,-38.3921
143.71758,-37.71336
144.95667,-37.61682
145.33214,-38.00034
144.55871,-38.00574
145.21809,-38.46892
145.58274,-38.18431
144.59558,-37.28687
145.36843,-37.83761
145.34296,-36.39015
144.84152,-38.40752
144.17632,-37.45683
145.40578,-37.78152
145.35964,-37.64016
145.25583,-37.56574
143.58469,-38.58185
142.04303,-37.90686
143.15969,-38.24018
145.29298,-37.62349
145.32631,-37.54016
145.21376,-38.37708
144.16781,-38.33755
144.09299,-37.2235
144.67313,-38.31173
144.37631,-36.55683
142.04303,-37.70686
144.67111,-37.72777
143.62634,-37.70684
145.56745,-38.25668
145.44795,-38.14888
144.00967,-37.89017
144.81581,-37.70711
145.09882,-38.33926
145.31134,-37.81439
145.14519,-37.73529
145.33177,-38.17276
145.39935,-38.1424
145.4525,-36.8608
144.05967,-38.05684
143.20967,-37.29018
145.25963,-37.64601
145.36929,-38.18931
144.9513,-38.422
144.39151,-35.86002
144.87652,-38.40324
144.09631,-38.46644
145.16397,-37.15518
145.3389,-38.2039
144.30627,-38.33631
145.56493,-38.10737
145.10222,-38.1969
144.55967,-38.19017
144.64485,-37.78249
142.3402,-37.23943
145.19663,-38.38265
145.37631,-37.79016
141.993,-36.42352
145.32631,-37.50682
145.157824,-37.999818
144.98963,-37.827201
145.16279,-37.826769
145.296175,-37.870845
144.75818,-37.62006
145.09298,-37.80683
145.34499,-38.21887
145.16143,-38.4943
145.41201,-37.95021
143.25967,-37.30684
144.55,-38.18306
143.762,-37.76697
140.79548,-38.49477
144.0228,-37.67074
145.37629,-37.76946
145.07084,-38.2793
144.24833,-37.8547
145.15784,-38.10554
145.04569,-38.36187
141.37638,-38.37354
142.0597,-37.89019
141.96607,-37.25209
144.43797,-37.45901
145.59964,-38.06781
143.74302,-38.70685
144.98327,-37.88943
145.59549,-37.98665
142.41664,-37.04656
145.27225,-38.2026
145.56683,-38.64616
145.25965,-37.92349
143.74849,-37.55844
144.13622,-37.44657
145.67278,-38.08528
145.08478,-38.00918
142.03572,-38.21138
144.84299,-37.75683
144.90861,-37.66444
145.34309,-37.324
142.93918,-38.46847
144.14083,-38.05755
143.293,-37.37351
144.3033,-37.0246
145.19636,-38.3318
143.48714,-38.68766
145.53608,-38.16097
145.39696,-37.80334
145.25407,-38.23866
145.17108,-38.15904
142.21897,-34.30164
145.4441,-37.74456
145.48944,-36.75506
145.37631,-37.70682
145.6592,-37.98146
138.264558,-35.531436
144.49531,-37.18438
144.40855,-38.0656
143.51694,-38.81694
145.58702,-38.66063
142.87636,-38.29019
145.21908,-37.73012
145.48462,-38.14142
145.15868,-37.51693
143.59302,-38.65685
144.65206,-37.21463
145.20736,-37.8555
144.8259,-37.6989
145.32148,-37.61717
145.42509,-38.14179
143.92041,-38.3722
143.72631,-36.1235
144.17531,-37.90705
144.70967,-38.3735
145.36945,-38.05593
145.60368,-38.631100000000004
145.35226,-37.64765
142.21327,-37.61846
142.04303,-37.89019
145.05554,-37.73565
145.1492,-37.62
145.18452,-38.3253
144.80424,-37.84034
144.7694,-37.6215
145.1821,-37.826
145.19621,-37.78385
145.16967,-38.39533
142.37634,-36.87352
144.75278,-37.555
144.28092,-38.36969
145.38794,-37.8443
145.20402,-37.64878
144.92285,-38.4556
145.13559,-37.99283
144.356092,-38.30872
144.95931,-37.85117
145.21318,-38.28327
145.42888,-38.12581
144.12467,-38.38695
144.66171,-37.98981
142.37634,-37.14019
141.66133,-38.24022
144.95072,-38.4127
142.4691,-37.03679
145.23422,-38.14803
145.20966,-38.45683
145.30167,-38.15621
144.8117,-37.5912
145.30153,-38.14229
144.1759,-37.95694
144.9355,-38.3944
143.91994,-38.60308
144.98731,-38.4821
143.69625,-37.08024
145.25992,-37.6334
145.1902,-38.26048
143.85966,-37.57351
145.49066,-37.67956
145.35103,-38.18829
144.93058,-38.4149
143.37636,-38.70685
144.90967,-38.4735
144.783,-36.926
144.75966,-37.9235
144.56481,-37.47421
145.429,-37.82961
142.67636,-38.49019
145.56621,-38.17831
143.55969,-38.84018
144.043,-38.09017
144.95895,-38.3558
143.94297,-35.70683
144.87045,-37.85861
144.28435,-36.78322
145.28146,-38.1286
142.32432,-37.237
145.18344,-37.70254
145.11417,-38.01278
145.42586,-37.77028
144.91658,-38.4881
145.46991,-37.60678
144.18467,-38.34851
144.97151,-38.35692
145.15965,-37.67349
145.3554,-37.91795
143.50297,-38.83969
145.17259,-38.1287
141.61677,-38.37565
145.1272,-37.86388
142.27635,-37.37352
144.93671,-37.80572
144.71613,-38.3392
142.34516,-37.30446
143.793,-37.70684
145.23141,-38.12112
145.2746,-37.6778
144.77313,-37.91989
145.28564,-37.65638
145.35138,-38.20878
145.34553,-37.93467
145.32664,-37.3257
145.53644,-38.11017
145.09903,-37.58765
141.29304,-38.12354
143.70967,-37.70684
145.2857,-37.2682
144.58425,-38.26758
145.56279,-38.37846
144.1926,-38.4041
142.32634,-37.09019
144.30965,-36.99016
145.28944,-38.23083
144.8,-37.5903
145.28677,-38.24354
143.8322,-37.72775
143.40839,-38.61924
145.20578,-37.8674
145.14129,-38.38587
144.94777,-38.3466
145.67076,-38.66883
145.07632,-37.70683
144.99523,-37.44625
144.0674,-38.41617
145.02996,-36.7195
145.20583,-37.62087
145.25965,-37.95683
145.10726,-35.98161
144.35141,-37.9869
144.0189,-38.48161
144.34855,-38.26881
145.05032,-37.50346
145.2678,-37.3118
145.37721,-38.07396
143.96763,-38.53431
145.3192,-37.2999
144.73497,-37.52721
144.82346,-37.794670000000004
144.97527,-37.47385
145.22633,-38.40683
144.31568,-36.81637
144.62632,-37.6235
144.20223,-38.39424
142.75966,-36.60685
145.25966,-38.49016
144.13601,-38.0491
143.59,-37.7083
145.12632,-38.12349
143.75134,-37.74851
144.75132,-37.58183
145.30946,-38.23044
144.7973,-37.6116
144.193,-37.8235
145.10138,-38.15995
141.84301,-36.75686
145.02978,-38.23356
144.68562,-38.31468
145.3209,-38.14894
145.18197,-38.13971
144.33215,-38.31708
145.14194,-37.45586
143.70965,-36.60683
145.18214,-38.38352
144.86636,-38.39764
144.94558,-37.69052
145.00283,-37.71223
145.15965,-37.70682
144.4,-38.29
144.20967,-38.37351
144.84298,-37.64016
144.99831,-37.54273
145.4117,-38.02483
145.14875,-37.63801
144.35966,-37.65683
145.40562,-38.46835
145.37179,-37.80353
144.65171,-38.30229
145.17873,-36.72547
145.12632,-38.00683
142.63044,-37.31513
143.54885,-37.65835
143.6118,-38.7468
144.87909,-36.74571
145.28705,-38.02943
144.8653,-37.657
145.25291000000001,-37.9481
142.62634,-37.20685
142.52695,-37.22005
145.28353,-38.46449
143.14044,-38.68857
144.46519,-38.07585
144.4346,-37.56516
145.47667,-38.0564
145.37311,-37.4836
145.25965,-37.72349
145.38045,-37.88028
145.43777,-38.21795
145.68835,-38.6501
145.33543,-38.5004
145.20964,-37.37349
144.34298,-36.84016
144.2135,-38.39901
145.1134,-37.69153
145.24542,-37.7197
145.21661,-38.40021
144.81968,-37.7582
144.10966,-37.3735
144.6956,-38.3297
143.793,-37.79017
144.5836,-38.2795
142.40691,-37.2781
143.543,-37.54018
145.25879,-38.1342
144.543,-37.9735
145.16528,-38.51703
145.28605,-38.15268
144.99298,-37.50683
145.20377,-37.9095
143.91733,-37.4901
142.37635,-37.20685
145.54444,-38.09965
144.2677,-37.1949
142.26971,-37.20416
145.56835,-38.18843
145.57159,-38.05995
145.39297,-38.19302
144.2338,-37.86339
144.41077,-38.00258
145.51183,-38.1134
141.00311,-37.896
145.63991,-38.07526
145.36185,-37.58439
145.64109,-37.98359
145.40914,-38.22808
145.6121,-38.6953
144.7653,-37.6456
145.48493,-38.19313
145.55485,-38.02672
145.29298,-37.95682
145.52819,-38.18755
144.20522,-37.89785
145.18273,-37.77823
145.02207,-38.26497
144.0893,-38.3789
141.87637,-38.12353
145.04545,-38.34584
143.70965,-36.6235
144.85139,-38.42444
144.99778,-37.88917
142.42671,-37.19295
145.25029,-37.9625
144.12433,-37.8549
144.35967,-38.10684
144.79296,-36.12349
144.59813,-37.33169
142.08468,-37.16519
144.95966,-38.45683
144.07633,-37.4735
143.94301,-38.55684
144.1288,-38.4249
144.29813,-37.31251
144.8521,-37.5327
145.54428,-38.17763
145.1114,-38.21418
145.2852,-38.21245
145.07729,-37.77205
145.20966,-38.19016
145.41473,-38.21839
144.44896,-37.88627
144.40478,-37.86986
142.32866,-37.26017
142.51337,-37.34163
145.24302,-37.58087
144.29298,-36.8735
145.11499,-37.62847
145.18878,-37.83931
142.34301,-37.20685
144.8129,-37.6044
144.56694,-37.9978
144.70807,-37.96369
144.92689,-38.4336
144.12263,-37.9007
142.34134,-37.27941
144.47629,-35.95682
143.54188,-38.84205
144.7991,-37.641
142.3622,-37.22085
143.58085,-38.62457
144.44428,-38.08711
144.22945,-37.36099
145.42592,-37.92863
145.24411,-37.91885
145.35844,-37.89346
144.36483,-36.12982
145.48514,-38.11479
145.10068,-38.18697
142.04303,-37.79019
145.20552,-37.1659
145.40073,-37.76695
145.44124,-38.17892
144.4471,-37.9403
145.02468,-37.7865
145.21143,-37.9186
145.1573,-38.15737
145.56753,-37.96018
145.17449,-37.74386
144.59299,-37.5735
144.86136,-38.4475
142.75927,-37.14354
145.31064,-37.84502
145.18169,-38.35869
143.91423,-37.50442
143.993,-37.70684
145.07472,-37.87114
145.09299,-38.20683
142.73563,-37.12974
145.01945,-37.98197
145.28247,-37.75433
144.8396,-37.6306
145.15156,-37.98051
144.37632,-37.24016
145.21012,-37.8433
145.38769,-38.21743
145.38988,-38.53373
145.58807,-37.77928
145.54693,-38.42585
144.92332,-36.22825
144.42682,-38.28382
145.19299,-38.30683
145.58857,-38.16446
143.54813,-38.85259
144.82633,-37.81274
144.17101,-37.4943
138.591413,-35.026744
138.633208,-35.45242
144.86818,-38.37222
144.48182,-37.92302
145.27463,-37.5635
145.54299,-38.37349
145.47893,-38.18293
144.92431,-38.3497
145.32837,-37.65028
144.37611,-38.3
145.43793,-38.2064
145.38054,-37.81759
145.60536,-38.66266
145.33274,-38.52392
145.19586,-38.39501
141.62041,-38.39997
145.09055,-37.56499
145.44635,-38.1639
144.99999,-37.60675
145.46190000000001,-38.1336
145.137184,-37.937964
138.713667,-34.788662
144.78361,-37.72183
143.59468,-38.33938
144.43621,-37.79498
145.37359,-38.03156
144.38867,-36.90707
143.48648,-38.67742
145.38151,-38.17338
142.78361,-37.15968
144.26567,-36.80442
144.21679,-37.4944
145.02547,-38.35063
142.8622,-37.42009
144.0491,-38.4344
145.64001,-38.318
145.548,-36.793
143.754293,-37.633719
145.16861,-38.11808
143.91119,-37.55093
145.02327,-37.62606
141.45971,-38.17354
145.28927,-37.64736
144.53414,-38.05929
145.58221,-37.31054
145.13359,-35.9121
144.82632,-37.7235
145.07636,-37.80808
145.18392,-37.0465
144.12257,-37.45403
145.16916,-38.18806
145.34281,-37.80287
145.4456,-37.91267
145.31875,-37.8884
144.50966,-38.05683
145.31885,-38.2189
145.04299,-38.20683
142.40069,-37.2189
142.35879,-37.17502
143.92974,-37.46836
144.62935,-37.96934
145.19367,-38.14419
142.24066,-37.32273
142.07819,-34.16859
144.22666,-37.11632
144.96808,-37.82158
142.60758,-37.24991
145.54298,-37.70682
145.27632,-38.10683
144.8942,-37.82299
144.768,-38.33183
144.31235,-37.83792
145.67632,-38.65682
141.79301,-36.79019
142.35599,-37.24783
144.1431,-38.4262
144.93797,-38.37302
143.91107,-37.45846
143.32633,-37.10684
145.06337,-37.78354
142.45295,-37.0084
143.62634,-37.79018
145.29841,-38.24687
144.25133,-37.91517
144.54986,-37.41262
144.34299,-37.6735
145.27602,-38.11752
145.24537,-38.14365
143.543,-37.62351
145.5269,-38.17766
145.58431,-38.5982
144.9858,-38.2937
144.51213,-37.8178
144.82926,-37.82902
145.22483,-37.77437
144.29297,-36.54016
145.09139,-37.5747
145.45976,-38.21268
142.95028,-37.27556
145.33654,-37.78318
145.17314,-38.36528
144.52336,-38.04105
145.20388,-37.79568
144.57866,-37.74483
142.45764,-37.32136
145.14019,-37.909302
144.15104,-37.82312
145.55971,-38.34347
145.46398,-37.64749
144.70966,-38.2235
145.49295,-35.94015
144.24688,-38.38078
144.99533,-38.3593
144.70965,-37.20683
144.25132,-36.9985
144.94278,-37.67389
144.55965,-37.44016
145.48763,-38.23285
145.40136999999999,-37.87467
144.14983,-35.65174
145.22833,-37.8769
145.19153,-37.88291
145.54299,-38.29016
144.72371,-37.25722
145.05412,-37.78969
144.04514,-38.07994
145.23262,-38.39629
145.5619,-38.62069
145.19796,-37.8055
144.10474,-37.61724
144.20967,-37.8735
144.1471,-37.353
145.30873,-36.61832
141.45971,-38.35687
145.6034,-38.61508
145.01207,-37.96022
143.34037,-38.251220000000004
144.82784,-37.83891
143.82888,-38.44765
144.15968,-38.39017
145.41919,-37.92114
144.37633,-38.1235
143.87717,-38.5672
145.3041,-37.63404
144.19063,-37.4086
145.20755,-37.88045
142.84303,-38.39019
145.21059,-37.2853
145.34255,-37.6544
145.2041,-38.36794
144.8591,-37.525
142.29193,-37.18589
143.62635,-38.62351
144.93959,-37.83034
145.09299,-38.3735
145.59833,-38.66978
144.70964,-36.95683
144.79526,-37.801
145.45023,-37.61485
144.95453,-36.77771
145.11755,-37.79613
145.15965,-37.72349
145.10979,-37.8409
145.4802,-38.20372
145.0032,-37.6182
144.97615,-37.65047
138.687963,-34.999491
145.327467,-38.061359
145.41708,-37.873925
145.403397,-36.867022
145.171613,-37.666079
145.05333099999999,-37.851837
144.984192,-37.90388
137.192846,-35.204642
145.052477,-38.495809
145.37222,-37.927812
145.094135,-37.779465
138.350305,-35.470184
144.128485,-35.632835
138.611664,-34.921112
144.707275,-37.574253
145.35213,-37.814464
145.248835,-37.814226
138.657644,-34.609503
144.684997,-37.371905
145.145108,-38.172791
145.356728,-37.943156
145.4967,-37.7338
145.00953,-38.37219
141.6965,-38.2185
145.41867,-38.11328
142.33037,-37.31792
145.65805,-38.67228
143.70127,-36.58537
145.13347,-37.79548
145.18053,-37.72863
145.22633,-38.44016
144.10786,-38.46402
144.8135,-37.695
142.37637,-38.29019
144.79359,-37.92027
145.16416,-38.27023
142.04591,-38.12477
143.70159,-36.59438
145.58884,-38.30918
144.20966,-37.45683
142.33368,-37.30109
144.45396,-35.94969
144.86312,-38.38473
144.18306,-38.31694
144.853164,-37.773868
145.029626,-38.245006
138.911697,-34.732992
144.828266,-38.482432
145.31433,-37.763079
144.964387,-37.806972
144.486708,-38.270405
145.633241,-37.67128
138.57077,-35.023792
145.011764,-37.900895
145.057475,-37.939399
138.050484,-32.975519
145.253648,-37.82272
145.251927,-37.785217
145.334983,-38.018216
145.038772,-37.773383
145.173639,-37.870614
138.706884,-34.872805
144.96767,-37.858887
145.070191,-37.934019
138.614459,-34.857181
145.083939,-37.816528
145.132671,-38.149633
145.087256,-37.788319
144.397413,-37.409695
145.656538,-38.069053
145.086025,-38.189975
145.146068,-37.718976
138.574556,-34.921352
144.718492,-37.572962
144.385981,-38.1431
145.413025,-37.597008
145.371929,-37.912212
145.212299,-37.828836
145.12767,-38.053058
138.6435,-35.0814
138.732656,-34.886084
145.302866,-38.002522
145.125994,-37.767349
145.03177,-37.643367
145.337284,-38.030255
145.063227,-37.602092
144.466235,-37.373022
144.247375,-37.077636
138.488358,-34.800713
145.313889,-37.982013
145.358564,-37.797719
138.674148,-34.735162
145.390595,-37.982952
145.64383,-37.837201
145.166336,-38.385578
144.821822,-38.382605
145.083497,-37.999692
143.800877,-37.556975
144.667221,-37.875
145,-37.8
145.51056,-37.662148
138.492836,-34.858907
138.6,-34.9
144.995462,-37.781135
138.908074,-35.026657
145.082443,-37.878693
138.7,-35.1
145.85096,-41.119163
138.6,-35
142.369434,-38.202829
144.27507,-38.096564
143.395952,-38.341141
144.037869,-38.065885
138.559509,-35.274174
143.935637,-38.368784
138.70984,-34.95993
139.45236,-34.52478
140.65276,-38.04004
138.67739,-35.08672
138.45841,-35.41387
139.38972,-34.56103
138.57257,-35.57851
136.86395,-35.19571
138.63894,-34.99758
139.35357,-34.65323
138.39521,-35.47168
138.46482,-34.67991
137.53618,-35.60071
136.90417,-35.18829
139.61353,-34.41483
135.79441,-34.51263
138.71883,-34.8863
138.71929,-34.91201
138.56626,-35.34511
138.825,-34.84028
136.89777,-35.24357
138.66082,-35.14804
138.47143,-35.4158
140.32168,-37.41906
136.97949,-35.73827
140.63061,-37.72988
139.01349,-34.58587
138.58847,-35.14222
140.64845,-37.67667
138.67248,-35.01548
137.62781,-35.73267
140.60477,-37.62476
138.93469,-34.7152
137.84525,-34.53332
138.72619,-35.3584
134.18992,-32.8607
136.92807,-35.28197
138.26594,-35.51562
138.63073,-35.56443
135.88097,-34.41682
136.14027,-34.40931
137.88409,-34.55022
137.54684,-33.98703
138.8547,-34.60692
140.33733,-37.17628
138.79173,-35.10254
139.73399,-36.33401
138.9649,-33.98631
139.93453,-37.28301
138.76525,-34.90688
134.51946,-33.71371
138.57695,-34.71663
136.8487,-35.23192
138.1698,-35.58551
138.78932,-34.97019
138.69891,-34.9591
138.70603,-34.96937
139.08601,-33.33028
139.14975,-34.96352
139.8856,-37.21425
138.73971,-35.18422
139.5905,-34.58069
139.31395,-35.14854
136.89392,-35.2569
140.56417,-37.69692
138.79471,-34.94068
140.21528,-37.58743
137.32815,-35.15731
138.39319,-33.59592
137.88508,-34.53129
138.65205,-35.05206
138.88041,-34.91984
136.95461,-35.19118
138.69912,-34.93383
138.47449,-35.20155
138.52407,-35.43206
138.76803,-35.00687
139.33467,-34.3152
139.65903,-34.65522
135.88637,-34.39472
139.63807,-36.17594
138.81371,-34.932
138.62689,-35.12213
138.44303,-34.67354
138.8276,-34.70968
138.66164,-35.00604
137.16377,-35.07377
138.71187,-34.9024
139.23636,-34.94055
138.80678,-35.00885
138.16911,-33.04215
137.84929,-34.54757
138.72451,-35.08282
137.91105,-34.4552
136.91825,-33.7664
138.68124,-35.07011
135.82777,-34.40535
138.71921,-34.93489
138.67914,-35.15806
135.92958,-34.36311
135.73719,-34.53426
139.46991,-34.50756
140.8812,-37.48623
138.79302,-34.84854
138.59245,-35.16712
138.68241,-35.12352
140.59634,-37.71958
135.0843,-33.72366
138.51674,-35.02749
134.48819,-33.72131
138.53579,-35.14857
138.64148,-35.09411
138.6076,-34.91169
137.24941,-35.06363
136.92724,-35.25915
140.37639,-34.22393
138.68014,-35.17333
140.40124,-37.91656
138.59163,-33.91078
135.74779,-34.52914
138.38323,-35.46338
138.65136,-34.97354
138.69076,-35.28074
140.24287,-37.66455
140.41313,-37.91369
139.66353,-34.63851
138.54539,-35.28462
138.90718,-34.68768
138.05942,-32.82401
138.6877,-34.98013
138.65419,-35.08521
138.80137,-34.93187
138.07089,-32.71945
140.31147,-37.42351
138.78222,-35.1275
138.84221,-34.83793
136.83885,-35.99781
138.57525,-35.14771
140.4425,-37.93223
138.6783,-35.03315
137.01347,-35.06498
137.02429,-35.01306
140.60562,-37.73512
138.79615,-34.82141
135.90055,-34.37111
138.83133,-35.05914
138.45026,-35.29246
137.04419,-35.12517
138.67054,-35.07484
140.00182,-37.47157
138.51681,-35.45107
138.51975,-35.44179
139.90276,-36.46361
139.66131,-34.17197
136.91213,-35.17234
136.88284,-35.29598
138.66957,-35.19577
138.97991,-34.77211
138.81604,-34.87503
138.56532,-35.59156
138.67597,-35.04259
138.68045,-35.14392
138.51297,-35.42908
138.81803,-34.83188
138.69307,-34.97108
136.95918,-35.01336
138.70392,-35.02431
135.93457,-34.38862
139.46939,-34.99695
140.02359,-36.74694
138.92315,-34.71077
139.95876,-34.1607
139.80167,-37.08139
137.7706,-35.82033
138.40415,-35.46499
136.89782,-35.2858
139.20273,-35.09695
139.62002,-34.68578
137.23872,-35.11703
137.02835,-35.10895
138.62074,-34.93679
136.88866,-35.26648
138.52764,-35.56195
138.91584,-34.74841
140.7889,-37.68986
135.28405,-33.93095
138.57952,-35.15867
138.86191,-34.6816
138.7955,-34.95963
139.67266,-34.1148
138.72569,-34.87528
139.97989,-37.44224
139.00136,-34.88187
138.87688,-34.88692
136.95272,-33.56365
138.52661,-35.35424
138.70613,-35.03482
137.96816,-35.78681
138.57723,-35.1899
136.88478,-35.27546
138.07514,-32.80466
138.6892,-35.26548
140.14305,-37.57354
138.72912,-34.90554
139.99755,-37.45819
138.90865,-34.72163
134.5031,-33.7262
138.28588,-33.38539
138.75854,-35.04665
140.22566,-37.65723
140.65906,-33.4734
138.31515,-35.62163
140.15694,-37.57076
140.31805,-36.99854
138.55897,-33.3423
140.03665,-37.47247
138.84315,-34.71121
138.80859,-34.71497
136.893,-35.18915
137.74361,-35.12194
138.74804,-35.03983
135.97443,-34.3002
137.21537,-34.90574
138.76422,-34.59221
139.58795,-34.49345
138.83174,-34.68006
138.5819,-35.17232
140.01942,-36.75528
140.15138,-36.99854
139.47379,-34.5167
138.86661,-35.50169
138.90568,-34.86955
138.81244,-34.81737
138.53453,-35.33408
138.42914,-35.41328
138.53973,-35.34326
138.73529,-34.93903
138.79115,-34.88604
138.69027,-35.08134
138.76214,-34.61245
139.38607,-35.18861
137.87706,-34.56355
137.00086,-35.01871
138.78694,-35.00981
138.95104,-34.9189
138.76385,-35.08263
138.68637,-35.05957
138.74261,-34.59802
138.76547,-34.99555
138.57991,-35.1011
140.15138,-37.03188
138.37827,-35.54677
138.56094,-35.15359
139.17751,-34.72714
134.53274,-33.69437
138.85156,-34.86206
138.68054,-34.95886
138.97014,-34.71687
139.91765,-34.15719
136.17878,-35.008
137.8041,-35.81999
139.22332,-35.12926
137.98496,-32.30969
139.63242,-34.28588
138.31845,-33.32845
138.35897,-35.54864
138.48508,-35.62708
138.24132,-33.33
138.81953,-34.7201
140.79371,-38.02586
137.08919,-35.12007
136.81744,-35.99202
136.96229,-35.26501
137.67998,-33.89286
138.82559,-34.91763
137.01089,-35.104730000000004
136.8467,-35.25718
138.60859,-35.1803
138.40462,-35.59998
138.57926,-34.91121
138.76639,-35.02117
140.01196,-36.73402
138.67132,-35.02615
138.96801,-34.53187
138.89509,-35.54705
138.74107,-34.86715
138.698,-34.98462
138.52371,-34.73179
138.82012,-34.75422
139.4633,-34.61736
138.7144,-34.98009
138.65008,-35.13029
138.77244,-34.98678
138.22253,-35.64167
138.5269,-35.62323
137.1367,-35.01771
139.93408,-34.07936
138.69448,-35.15415
138.59931,-35.45888
139.64643,-36.20668
138.73674,-35.08874
138.49532,-35.58019
137.88631,-34.51879
140.30887,-37.12436
138.36615,-35.4634
138.67038,-35.16445
138.33418,-35.54369
174.081714,-39.067942
172.638742,-43.581456
174.704182,-41.267574
174.735986,-41.229592
175.555369,-36.881055
174.765355,-41.275023
175.548675,-36.851786
168.122934,-44.81504
175.891168,-37.610788
175.808665,-36.722453
174.632095,-36.620667
175.596268,-38.01033
175.284333,-37.75138
172.663846,-43.553374
174.591735,-36.93372
174.5875,-38.814167
173.99457,-39.199339
174.469853,-36.946358
174.065924,-39.086362
171.924453,-42.136245
172.299236,-42.730675
176.896462,-39.68743
174.945663,-40.992672
172.655747,-43.461734
172.575792,-43.509595
176.263113,-38.202777
174.702761,-36.82896
174.464157,-36.963109
175.349167,-37.513332
175.52219,-39.332775
172.354357,-43.535648
175.357235,-40.726298
167.882504,-46.982714
174.682186,-36.921033
175.915567,-37.556316
174.107856,-39.075276
174.742392,-41.319256
175.081293,-41.107697
174.939192,-41.173628
174.687023,-36.761206
172.662341,-43.393033
174.768171,-36.851944
172.430128,-43.590248
174.69435,-36.909242
168.12377,-46.89406
174.605978,-37.019171
174.036716,-39.064196
174.712166,-36.930845
175.712713,-37.52823
172.214897,-43.496486
175.551858,-37.142418
172.894438,-43.716775
171.343043,-42.109443
172.400363,-43.41329
174.848443,-36.891396
174.05564,-39.202088
172.405924,-43.574248
173.973418,-36.056864
174.615789,-36.9298
172.591272,-43.552403
170.229919,-46.023476
172.605591,-43.499123
172.64623,-43.306992
175.78804,-40.273408
172.582606,-43.540997
174.788134,-36.894161
172.710603,-43.490525
167.941153,-29.018171
174.109069,-39.204389
172.486426,-43.633685
172.538301,-43.550813
172.478181,-43.563942
172.541046,-43.608726
175.668693,-37.369285
170.233965,-43.249418
175.662873,-39.102248
174.767655,-41.29412
172.617737,-43.663414
174.941554,-37.074231
172.462377,-43.510904
174.738008,-36.911085
175.15335,-37.710237
174.621722,-36.88222
174.136885,-39.029637
175.056581,-40.873685
172.748916,-43.557714
174.91738,-37.38074
174.772209,-41.26015
170.496907,-45.849067
172.75859,-43.783936
172.489823,-43.645705
175.8703,-40.1854
168.748901,-45.910973
174.708958,-36.897658
171.455946,-41.9098
174.897503,-41.309383
174.886964,-41.203511
172.428231,-43.550155
174.733941,-36.792911
174.753495,-41.266082
168.353527,-46.61614
172.598955,-43.484854
174.767225,-36.876678
174.979422,-36.878636
174.692647,-36.720112
172.682264,-43.492061
175.61551,-40.933733
171.824785,-43.467435
174.513821,-35.820434
170.74988,-43.228252
174.779012,-41.310931
174.613161,-36.361806
174.785769,-36.876726
171.86596,-42.121481
175.776763,-38.474628
174.631208,-41.227555
170.63044,-45.853026
174.940624,-40.88542
172.584263,-43.490384
174.928312,-41.227178
172.643313,-43.509643
174.81966,-36.872161
174.25,-36.47
170.593872,-45.872056
170.192892,-46.06414
174.766998,-41.324304
173.127288,-34.821432
172.667004,-43.51526
174.605168,-36.946191
172.558796,-43.426318
170.470779,-45.891292
174.589661,-37.003746
172.563377,-43.523477
172.594554,-43.464062
172.625778,-43.530692
174.8777,-36.865925
172.665563,-43.568808
170.506572,-45.90303
170.676213,-45.854092
172.451952,-43.466367
177.795533,-38.986083
173.812169,-39.183463
172.4939,-43.503425
174.750123,-36.605022
175.679244,-37.055347
176.284462,-37.724231
174.752503,-36.846887
169.23509,-44.229848
175.472802,-36.269153
170.657085,-45.844664
174.689208,-41.29568
175.589005,-38.508667
174.988405,-40.937083
174.178149,-39.449562
174.118448,-35.256842
174.368052,-35.940716
175.749192,-36.904575
174.575139,-36.876371
176.135293,-39.727074
172.598151,-43.45506
172.540335,-43.523481
173.955991,-39.11974
174.798613,-36.862075
174.1086,-39.2413
172.442129,-43.568944
173.866093,-35.16522
172.518363,-43.555504
174.49255,-36.864589
176.864349,-39.531684
174.758238,-41.283488
172.700606,-43.554825
174.103942,-39.324247
175.900576,-40.929479
174.545755,-36.895265
175.583755,-38.5242
174.046643,-39.127174
174.952605,-41.356595
174.677974,-36.905945
170.530385,-45.902339
174.821962,-41.199285
176.246123,-38.168638
174.764859,-41.249783
176.098818,-37.849257
172.717133,-43.557122
176.366345,-37.759975
172.614363,-43.462945
175.546372,-37.026958
175.475262,-40.924405
175.110978,-41.366253
174.725747,-36.877876
175.089889,-38.181786
173.87714,-39.195109
172.484932,-43.495939
174.898502,-41.206599
172.662221,-43.589912
174.731842,-41.3139
172.577018,-43.480714999999996
170.371038,-45.863105
167.681327,-45.428504
168.557284,-46.069377
172.598087,-43.5329
174.306958,-35.713251
172.38275,-42.517616
174.019057,-39.128748
173.190655,-41.346847
167.943244,-29.003975
175.480485,-40.932984
174.706485,-36.720726
176.33667,-38.200937
174.019801,-39.094134
174.665054,-36.40121
172.532258,-43.483044
174.839057,-40.81379
174.75377,-41.299053
167.91864,-46.964216
173.195104,-41.357476
174.784013,-41.32529
169.282883,-44.158675
174.05623,-39.263607
175.015626,-36.783857
174.752284,-36.856411
169.468241,-46.559654
173.303197,-41.306462
174.090923,-39.299166
174.7659,-36.315455
173.856351,-39.449997
167.869993,-46.939392
176.374388,-38.169563
172.469183,-43.651878
174.447725,-35.484024
174.785462,-36.903974
175.568651,-36.639227
176.3699,-37.994036
170.640399,-45.838154
172.77034,-41.066098
174.96597,-37.106925
174.703629,-36.883186
175.618195,-37.21538
174.542011,-36.919169
174.800671,-41.294603
175.145182,-40.769195
173.57282,-41.299834
172.528589,-43.616975
175.12105,-40.74405
174.055908,-39.060658
173.031494,-43.797718
175.350967,-36.163442
168.438488,-46.202043
176.273361,-38.300003
174.707243,-36.81375
174.61815000000001,-36.903452
174.441861,-36.890953
174.758605,-36.7426
174.958029,-37.071961
174.640176,-36.966923
174.529445,-38.944706
175.132886,-36.823322
172.729013,-43.447766
173.843473,-41.291393
174.72391,-36.644633
173.770269,-39.345655
175.412618,-36.186217
172.614616,-43.135496
171.805879,-43.302118
174.290859,-39.161516
172.584554,-43.528017
175.876242,-37.617958
174.460267,-36.916033
174.713806,-36.790336
172.464122,-43.544146
172.418623,-43.478968
175.615878,-40.385495
174.731932,-36.850588
172.421918,-43.529278
172.553894,-43.536441
174.741527,-41.28368
172.548732,-42.709862
168.653214,-45.032389
174.799088,-41.304763
174.123564,-39.029633
172.432279,-43.403816
174.970969,-37.076346
175.146218,-40.853942
176.044259,-37.704414
174.651313,-37.100347
167.575113,-45.451603
174.872476,-41.228699
170.504428,-45.792997
175.080647,-38.428794
175.747758,-40.282015
172.613303,-43.530368
175.854015,-40.121314
175.19477,-38.358506
173.993379,-39.18744
168.302358,-46.42943
174.10665,-39.05179
172.716981,-43.602746
175.335817,-38.025122
175.313944,-37.660553
174.657242,-36.325289
174.539093,-36.941149
174.484131,-36.092092
175.05936,-40.862377
175.322983,-37.798925
168.110908,-46.891173
172.448538,-43.519308
174.907551,-41.278108
174.625687,-36.951042
172.354717,-42.460067
172.644174,-43.433156
173.02855,-41.114386
174.274929,-39.590325
174.886362,-41.088957
174.779171,-41.271686
174.616073,-36.963142
174.7601,-41.337622
172.575853,-43.558828
174.749485,-41.230881
174.789133,-41.339894
175.285991,-37.733848
175.578705,-37.796862
169.389919,-45.225168
174.893143,-37.012295
174.613697,-38.730166
174.961029,-40.979668
172.423791,-43.496418
172.289642,-42.304978
173.275742,-41.285769
172.503554,-43.572297
172.414798,-43.409448
174.704634,-36.923392
174.914903,-41.187388
172.451996,-43.421321
175.117386,-40.761414
169.901255,-45.840138
174.680742,-41.307258
172.360699,-43.807424
175.034521,-41.174342
174.34427,-35.723133
172.53951,-43.588182
174.801408,-41.25377
175.641388,-38.539755
172.622821,-43.551625
172.626514,-43.578723
168.137363,-46.906937
174.898178,-41.22364
172.457021,-43.647594
174.763,-41.346772
175.022758,-40.9648
174.192759,-35.22495
175.671552,-40.952305
173.976538,-39.19895
172.94435,-43.828883
170.518976,-45.855304
176.256679,-38.18078
174.765402,-36.947936
174.782557,-41.290073
174.058011,-35.280224
172.771036,-43.780774
174.553925,-36.055858
174.900199,-36.891551
174.774142,-36.85958
174.765305,-41.305904
174.508605,-37.045467
174.696337,-36.874728
173.968873,-35.218072
172.457078,-43.725128
172.707595,-43.58388
175.031001,-37.76157
175.008597,-40.924676
172.649694,-43.524244
170.56858,-45.892601
174.625061,-36.360006
172.679494,-43.52835
174.045596,-41.296386
175.355659,-41.08181
176.688434,-38.673084
172.534476,-43.446541
172.602065,-43.561914
175.6026,-40.327014
173.861619,-36.086141
174.67128,-41.280824
174.786119,-41.302671
175.271829,-41.294624
174.783363,-41.372877
172.779189,-43.645429
174.722158,-36.866578
173.554277,-41.311294
175.307725,-38.010925
174.697839,-41.2782
176.878029,-39.678812
173.987703,-39.149384
174.925988,-41.180927
175.591914,-40.996352
170.536921,-45.893648
175.665778,-40.961547
172.449068,-43.448304
175.536689,-36.851521
175.85177,-37.439268
174.803234,-41.206028
172.474281,-43.639536
172.633672,-43.566087
174.734376,-41.293002
168.115406,-46.905247
175.091735,-38.06829
174.716995,-41.287350000000004
170.548695,-45.866119
172.953613,-43.814445
172.41163,-43.553477
174.627952,-41.269236
172.658811,-43.539475
174.936167,-39.801332
174.541678,-36.929575
174.80294,-41.216282
174.52236,-36.886325
174.861312,-40.835064
175.660336,-40.414881
173.841608,-35.108341
175.299516,-38.000916
174.773124,-36.940848
174.98401,-41.255454
174.819142,-41.182728
168.087398,-46.83576
174.521605,-36.786396
174.829092,-41.174375
174.803847,-41.323588
174.8025,-37.865
173.965908,-39.261449
172.500449,-43.474418
172.765694,-43.645641
172.829515,-41.791762
171.342133,-42.09375
176.150598,-38.134582
173.049927,-40.937847
174.913847,-36.875971
170.475865,-45.850411
172.480278,-43.442476
175.54832,-36.864279
174.420501,-36.493631
173.427573,-41.177503
173.140087,-34.835958
172.556898,-43.574536
167.971113,-29.021953
175.261737,-37.770979
175.133147,-37.7023
174.743631,-36.726621
170.47748,-45.902471
174.774889,-36.65293
172.750981,-43.649921
176.519357,-37.967234
176.07666,-38.790207
171.867585,-41.63074
174.717881,-36.311528
175.272966,-37.762107
166.909993,-45.639097
175.166064,-40.801589
175.703048,-40.641527
174.900117,-41.290312
175.397621,-39.17541
174.788755,-36.849982
172.639294,-43.495984
174.692803,-36.58453
169.125214,-44.681462
148.13,-37.6994
147.951,-37.1442
146.167,-36.8229
147.189,-37.1434
146.985,-36.6656
147.369,-37.0798
146.306,-37.594
148.332,-37.7546
147.545,-37.3603
147.893,-37.2094
146.671,-36.566
147.903,-37.1433
147.573,-37.2027
147.936,-36.8611
148.005,-37.67
146.455,-36.767
145.979,-37.2814
148.209,-36.9299
148.289,-37.7088
148.042,-37.09
146.155,-36.7417
146.171,-36.7586
146.155,-36.8255
148.177,-36.9302
148.063,-37.7387
146.955395,-36.193349
146.984919,-36.028871
147.007043,-36.021901
149.983158,-36.544012
149.084276,-35.726341
149.156323,-35.779592
149.787043,-36.812455
148.833725,-35.533878
148.949203,-35.768136
147.331399,-42.88502
146.932581,-36.113888
150.004154,-36.598086
148.330063,-36.012353
146.060556,-33.979167
148.666253,-35.566702
149.731758,-37.001168
147.07758,-35.90594
147.17475,-35.62039
147.897283,-35.888225
147.223004,-35.831425
149.110921,-36.886086
146.197808,-34.248462
149.89807,-36.89272
146.104803,-34.189367
148.450743,-35.999643
148.188967,-36.403099
147.614959,-35.440008
148.61176,-35.51192
148.61884,-35.41732
148.424988,-35.888182
147.533832,-35.578742
149.934567,-36.848074
148.95775,-35.896298
147.909451,-34.77903
148.68392,-35.583509
149.364022,-37.171223
148.62488,-35.43647
148.395912,-35.785505
148.490006,-35.726326
148.480405,-35.796404
148.5808,-35.443
147.080949,-35.81124
147.062174,-35.86625
147.361894,-35.134868
148.642871,-35.605631
148.22524,-36.06455
148.61882,-35.46192
148.219454,-35.852868
147.703341,-35.37876
148.62976,-35.35865
148.236105,-36.699618
148.60948,-35.47005
149.359231,-37.15407
148.18559,-36.08142
149.767046,-36.516077
149.859207,-36.68898
147.332409,-35.188643
149.965227,-36.648612
147.266948,-35.799182
148.079544,-35.743312
149.96722,-36.73965
149.614833,-37.209551
147.40496,-35.30122
148.459853,-35.828014
148.45078,-36.688663
148.663803,-35.654457
147.735547,-35.337945
148.496135,-35.663918
148.24567,-35.18122
147.121646,-35.686375
148.60555,-35.40518
149.967897,-37.465103
147.26154,-35.99397
149.876423,-36.944506
148.56628,-35.4226
147.731547,-35.277863
148.497952,-35.650341
148.899711,-36.950161
147.127607,-35.626076
147.8741,-35.21889
149.767938,-36.56806
148.638954,-35.656735
148.444446,-35.858397
149.960732,-37.246403
148.652382,-35.669872
146.94067,-36.08908
147.251132,-35.401216
148.451798,-36.742734
147.919927,-34.836662
149.722738,-36.864623
148.497399,-36.057974
146.93455,-36.03485
148.646691,-35.640425
149.891389,-36.938889
148.275355,-35.769813
148.25509,-36.05534
149.916475,-36.978825
148.630867,-35.628726
147.275073,-35.78123
145.564113,-33.481721
147.778632,-35.231657
148.464368,-35.22282
148.151226,-35.498315
145.56749,-35.831581
148.630006,-35.608342
149.639333,-37.219407
145.751653,-35.165546
146.991711,-36.048908
148.61418,-35.42723
148.15631,-35.87105
148.326312,-35.967398
148.59348,-35.42338
147.039837,-35.666927
147.706811,-35.353445
146.178322,-34.357393
149.928199,-37.230142
147.586009,-35.854018
148.513673,-36.452874
149.542364,-37.294705
147.706918,-35.363178
146.91354,-36.07373
147.397875,-35.436541
148.401757,-35.224472
148.92001,-35.94373
147.576444,-34.877424
148.451968,-36.751746
146.892412,-36.078094
148.283672,-36.029218
148.714599,-35.458945
147.906393,-35.242032
146.275135,-35.933131
149.761766,-36.577146
149.914343,-36.88532
149.860055,-36.922703
147.888554,-35.143331
148.195977,-35.393293
148.176,-36.09049
148.18425,-36.06422
149.97909,-36.69379
148.147572,-36.221237
148.620186,-35.654193
147.595888,-35.842249
148.16501,-36.09659
149.928205,-36.758014
147.609237,-35.457945
148.07527,-35.13807
148.38154,-35.772121
147.704694,-35.87502
147.40112,-34.525656
148.59448,-35.43768
147.515049,-35.597812
146.909986,-36.061324
148.366365,-37.664015
145.633955,-36.311458
147.342532,-35.071547
147.0281,-41.349903
147.820472,-41.46968
147.3499,-43.137035
149.827102,-36.632055
146.040787,-41.096878
147.33084,-42.974042
149.909668,-36.762127
149.866617,-36.653929
148.286362,-41.388825
148.230756,-35.406508
145.836255,-38.131178
149.902801,-37.244273
147.336794,-42.913978
147.336495,-42.865112
147.298447,-42.894417
147.1427,-41.432187
147.310792,-43.03018
147.050056,-38.102737
149.899553,-36.980492
147.725068,-41.143475
146.266615,-38.385932
146.76804,-36.002257
146.469728,-42.078888
146.393043,-41.260395
146.322175,-39.034043
149.900999,-36.633191
149.877643,-36.700936
147.942402,-43.051793
146.325212,-41.194938
145.936568,-38.096582
148.310173,-41.874814
145.79714,-37.680146
146.164536,-38.671443
145.719634,-37.189591
147.80113,-41.462996
149.980565,-36.73137
146.386404,-38.354251
146.654798,-41.527017
146.572483,-41.311439
149.74256,-37.538329
146.995745,-37.934325
146.759068,-41.700093
148.005311,-43.139605
147.335258,-42.950802
149.848988,-36.730144
146.679672,-36.3151
145.976845,-41.413511
148.195123,-41.590137
146.985553,-36.344962
147.172194,-41.465797
148.162597,-41.328925
149.814109,-36.643007
147.224655,-42.578003
147.866116,-43.163128
149.930716,-36.883605
147.877263,-42.95455
145.928563,-38.671866
146.878083,-36.667163
146.093156,-37.07019
149.941117,-37.280953
147.284204,-42.862725
149.917684,-36.750542
147.192892,-43.092875
146.903625,-37.802425
147.079039,-41.382991
146.431278,-38.327484
149.963353,-36.771317
146.194424,-38.20031
147.113962,-43.04347
145.852945,-38.104937
149.863883,-36.782224
149.834879,-36.675893
146.090502,-38.238362
147.382474,-42.878431
145.718403,-38.638561
149.485641,-36.112621
148.529263,-37.792854
147.71688,-36.18192
146.54298,-38.69015
148.152,-37.1646
145.68544,-38.05078
146.31738000000001,-37.92107
147.30963,-38.27347
146.62627,-36.12347
147.54295,-38.02347
147.55291,-38.06741
148.47999,-36.93196
146.06339,-36.8246
145.85988,-37.82549
145.87106,-37.69299
147.67628,-37.97347
148.3791,-37.04497
149.34292,-37.80678
147.5973,-38.0403
148.3389,-37.07873
145.79297,-37.87349
145.70964,-37.87349
145.94113,-36.65627
146.2262,-38.5787
147.9386,-37.8626
148.29938,-37.09104
147.79291,-36.12346
145.97341,-38.84685
145.85557,-36.69244
147.36228,-38.1983
147.2096,-36.97347
147.50604,-38.06949
147.50244,-38.0841
148.40217,-36.93324
148.36731,-37.12456
145.99299,-38.89016
147.72625,-35.95679
148.30395,-36.96658
145.94467,-38.7328
149.49291,-37.74011
145.67629,-36.85681
146.06037,-37.5154
147.50289,-37.90954
147.34296,-38.2568
148.0858,-36.88461
145.943,-37.41912
146.69133,-36.23236
147.27628,-37.6068
147.70961,-37.87346
148.29235,-37.14578
148.19265,-37.80436
148.00961,-37.79013
147.25961,-37.47347
148.41957,-36.93132
149.33213,-37.53473
148.32983,-36.90074
146.94802,-38.47621
147.37363,-38.188
147.65961,-37.89013
147.5695,-38.00881
148.36319,-37.20843
146.44299,-39.02348
145.8479,-37.86503
149.28032,-37.39168
147.54295,-38.04013
145.8763,-37.20681
145.79337,-36.8045
147.528151,-42.955397
147.3451,-36.60819
147.20346,-36.32364
146.27854,-38.91757
145.80528,-36.68722
147.28518,-38.30213
148.08458,-36.41512
147.32095,-38.2372
148.30336,-37.11949
146.66315,-38.2481
146.6957,-36.25491
147.35961,-37.67347
146.27895,-38.77148
148.47179,-37.00684
147.41654,-38.19843
146.94297,-38.59014
146.14854,-38.2041
146.59297,-38.17348
147.09909,-36.79976
148.42964,-37.00749
146.29298,-38.37348
148.29991,-37.31155
146.76677,-38.49681
145.93541,-38.8824
148.41576,-36.91819
145.77755,-38.1432
145.85888,-37.81646
147.95961,-37.89013
148.82262,-37.18028
147.72628,-37.74013
147.2503,-38.2361
148.32521,-37.04124
146.24299,-39.09015
145.89295,-36.70681
146.30703,-37.51801
148.33057,-37.088
146.07406,-38.0198
148.29896,-37.37696
147.30112,-37.92976
148.40359,-37.01634
146.90234,-38.31045
146.50766,-38.60672
147.27711,-36.0823
147.54291,-36.11161
145.73444,-38.15722
148.3202,-37.31015
146.33252,-37.9562
148.41011,-37.1158
147.56192,-37.99066
147.85124,-37.67831
147.9492,-37.8436
146.87776,-37.83492
146.04294,-36.04014
148.15009,-37.75341
147.68759,-37.97142
148.34604,-37.05306
145.68722,-36.85025
148.27046,-37.38804
146.4113,-38.63525
147.41919,-36.24644
145.72708,-36.88133
146.02051,-36.83724
148.36292,-37.07841
145.70835,-38.09603
147.05066,-38.33713
148.0714,-36.87663
145.92109,-37.88378
146.5797,-38.66013
147.24296,-38.29014
147.65572,-37.98756
146.18476,-36.14884
147.51287,-38.06019
145.94299,-38.75682
147.08977,-38.1464
146.00131,-37.89848
147.62135,-37.97558
146.6263,-38.20681
146.88924,-38.46372
147.68775,-37.9457
147.89107,-37.8815
147.62628,-38.04013
146.68676,-36.26209
145.81296,-37.98815
147.22296,-36.12706
145.7385,-37.68004
147.58033,-38.0515
145.87994,-38.59622
147.30117,-38.2393
147.39644,-38.18383
146.56745,-38.67149
147.22932,-38.24923
148.64292,-37.8013
147.72485,-37.97478
147.4468,-36.0981
148.44867,-37.14072
146.69573,-36.24589
146.0463,-38.084
148.24575,-37.1162
148.33736,-37.05881
146.61549,-38.66042
146.76298,-38.44651
148.2969,-37.10019
145.87988000000001,-37.25064
146.84177,-38.28605
148.35408,-36.95131
146.15251,-38.0695
145.782,-36.799
146.95444,-36.20444
146.34295,-37.19014
147.54295,-38.09013
146.95964,-38.54014
147.35204,-37.66038
147.3109,-38.24803
147.3167,-37.9681
148.23969,-37.39777
145.74296,-36.84015
145.67276,-36.84288
145.85782,-37.89054
145.93663,-38.3336
147.85961,-37.79013
146.47191,-38.82929
145.79295,-36.70681
146.65109,-36.27372
146.60436,-38.66399
145.99299,-38.82349
148.35,-37.07646
146.8763,-38.62348
145.944,-36.85551
146.8763,-38.45681
146.80963,-37.99014
145.92632,-38.84016
147.8586,-37.92251
147.04862,-38.1122
148.39877,-36.97263
146.1763,-37.823480000000004
147.61102,-37.36286
146.983995,-43.004424
146.345178,-41.177053
147.70961,-37.6068
147.47776,-38.14639
147.58156,-37.71458
148.37301,-37.09633
147.32084,-36.14758
146.52631,-38.50681
147.6126,-38.0184
148.26762,-37.35017
147.54295,-38.1068
146.25876,-38.83083
146.38711,-37.13356
147.27716,-38.25504
145.71164,-38.3328
147.7023,-37.9761
147.27709,-38.17861
146.21827,-36.13283
146.89297,-38.37348
146.14299,-38.84015
147.46539,-38.1575
147.2908,-37.992
147.44382,-36.07596
145.87631,-37.87348
146.15965,-38.84015
145.90369,-36.89003
146.90538,-38.61416
147.72,-37.323
147.32629,-38.27347
148.32257,-37.38946
146.69699,-37.90542
148.3561,-36.92757
147.53722,-38.07924
146.88813,-38.62856
146.91536,-38.32429
145.8671,-36.8149
145.68465,-38.01515
146.62811,-38.66341
146.05994,-37.60877
147.4346,-38.18325
148.41302,-36.96164
146.83615,-38.30777
148.25396,-37.45782
146.2098,-36.2233
148.53331,-37.05299
147.22301,-36.1469
147.31777,-37.93553
148.5278,-37.10096
147.43856,-36.12827
148.32625,-36.92345
146.91793,-36.16513
147.55962,-38.02347
146.31927,-38.5248
147.42629,-38.02347
148.44988,-37.02849
148.40885,-37.09166
149.48233,-37.76159
148.40396,-36.91798
147.37629,-38.2068
147.29099,-37.90062
146.37628,-36.79014
147.49408,-36.82492
147.3257,-37.9107
146.88635,-38.29781
147.86144,-37.87382
147.21498,-36.05405
148.95155,-37.5625
147.90961,-37.9068
146.69821,-38.71384
147.49437,-37.90207
145.97632,-38.87349
146.84134,-38.1369
148.3888,-36.92785
147.26288,-38.17617
147.83584,-37.92267
146.3261,-39.02048
146.18707,-36.2053
147.52418,-38.067
147.69412,-36.24877
148.41329,-37.00881
148.31594,-37.34264
149.982348,-36.632912
147.45754,-38.13046
148.30828,-37.01808
145.70248,-38.31142
147.24323,-38.24365
147.38821,-38.16932
148.20745,-37.7018
147.47381,-36.81058
146.97155,-38.0363
146.31738000000001,-37.6996
146.54028,-36.18228
147.43787,-36.1756
146.56911,-36.19862
148.29426,-37.00204
148.1596,-37.50679
148.4102,-36.98823
148.29443,-36.95596
147.34294,-37.27347
147.51493,-37.9146
148.54862,-37.10005
145.7808,-38.07344
146.27721,-38.8843
147.74295,-37.97346
146.04025,-38.80221
148.97626,-37.75678
146.44884,-37.06086
148.31895,-37.12691
146.61817,-36.17354
147.53401,-36.27393
145.91575,-37.4277
148.45975,-37.13592
145.67568,-37.83257
147.54805,-38.0591
147.29397,-38.266
148.50474,-37.0619
148.42638,-37.05674
146.66277,-36.14663
146.68896,-38.72463
147.60007,-37.99865
146.4263,-37.95681
148.54292,-37.04012
147.82627,-37.62346
147.746,-37.91913
147.69293,-37.14013
147.84294,-37.7068
148.38908,-37.03174
147.2884,-36.99417
147.4159,-37.90418
147.46828,-38.09415
146.85962,-37.50681
148.10138,-37.28454
148.38407,-37.09273
147.37628,-37.77347
145.76613,-38.1044
147.25669,-38.32506
146.04297,-37.87348
148.30607,-36.98144
147.71253,-37.75945
147.87396,-37.87463
146.24294,-36.15681
147.38338,-37.9944
148.41352,-37.06723
146.6424,-38.1796
146.5943,-38.2928
146.94002,-38.46474
146.25962,-36.74014
148.75125,-37.41512
148.04294,-37.87346
147.48023,-38.07359
147.05766,-38.325
146.25719,-38.08913
148.40958,-36.94012
146.55964,-38.42348
146.84483,-36.26871
146.89297,-38.54014
148.5677,-36.99356
148.34148,-36.91709
147.4593,-38.0817
147.27629,-37.92347
147.2888,-37.9417
147.4369,-36.1448
148.18939,-37.24598
146.93053,-38.59531
148.31327,-37.06299
145.70963,-36.87348
149.56017,-37.71486
148.38685,-36.94402
145.71726,-38.18632
147.48816,-38.08354
146.14437,-38.35543
147.44557,-38.17157
147.47126,-36.20748
146.57324,-38.65077
147.69294,-37.59013
146.76319,-38.1492
147.72628,-37.7568
145.72444,-38.0978
146.98204,-38.0426
146.87631,-38.64014
148.32623,-37.09714
146.60562,-38.60722
147.30963,-38.29014
146.38123,-37.9853
146.00169,-38.09445
148.6049,-36.98547
147.62894,-38.02368
147.06584,-38.33889
147.32629,-38.22347
148.65303,-37.10558
147.1156,-38.148
147.56561,-38.06014
148.35752,-37.35529
146.34997,-38.20585
148.32202,-37.02729
147.74296,-37.73763
148.31072,-37.41343
146.59179,-38.66892
147.87625,-36.04012
146.34937,-37.50345
147.90961,-37.8068
147.27701,-38.2641
147.38514,-36.11223
146.85596,-38.62943
145.95964,-38.12348
146.69294,-36.37347
148.50263,-36.97683
147.40046,-38.1669
146.93332,-38.42261
148.59112,-37.38314
147.29639,-38.2557
148.38718,-36.96399
145.77893,-38.6605
146.196594,-41.427777
145.727554,-36.528079
147.70958,-36.12346
145.7527,-36.4686
148.18313,-37.41364
146.91888,-38.4196
147.23701,-38.2353
148.39392,-37.0586
147.2623,-38.25507
146.19135,-36.04881
147.71201,-37.96477
147.361557,-35.161096
146.840882,-36.313136
149.002883,-35.643995
149.849779,-36.680942
145.681983,-37.709016
147.122787,-41.433816
145.787157,-37.669464
145.764916,-37.600588
148.416268,-37.665034
145.742564,-37.773166
147.811482,-42.887229
146.102225,-42.010121
147.711729,-37.955303
146.768476,-36.316302
145.700319,-37.741028
147.682278,-37.889639
147.561525,-37.862742
147.271044,-43.10862
147.251039,-42.788618
146,-38.2
146.438968,-38.616329
147.511036,-42.858616
147.32104,-42.878618
149.635463,-36.923308
149.8741,-36.933802
149.706651,-32.182575
150.268556,-31.959182
149.711603,-29.737669
149.872031,-30.644993
149.865418,-30.466035
150.110626,-30.989105
149.830848,-32.39351
150.326356,-30.370589
150.891403,-30.362432
150.819864,-30.863425
149.332078,-30.497771
149.8076,-32.360275
150.271731,-30.352592
148.60153,-32.279
150.054637,-31.962107
149.2698,-30.556332
148.196342,-32.719424
151.197795,-29.891392
149.293604,-30.52106
149.552253,-30.797776
148.903492,-30.926368
150.086467,-31.881294
150.082699,-30.59682
150.917237,-30.337626
149.757161,-32.202431
150.971985,-30.94086
150.369698,-30.461054
149.068183,-31.265003
149.727161,-32.211431
149.819579,-32.383423
149.874721,-30.487
149.251576,-30.57839
150.214601,-31.938623
149.880411,-30.522165
149.797348,-30.448226
151.132733,-29.830641
150.751237,-29.952841
150.123823,-31.070103
149.408227,-30.509723
149.046755,-30.548052
149.704886,-28.744039
150.936735,-31.051794
150.625366,-31.392894
150.340491,-30.357422
149.785091,-30.462379
150.24991,-30.406334
149.742641,-32.246677
149.476154,-31.131766
150.16423,-30.571213
150.874872,-31.072799
149.909363,-30.628986
150.071547,-30.562874
150.01818,-30.643905
150.186474,-30.567343
150.77435,-30.964651
150.19963,-30.54778
150.49538,-30.40345
149.792561,-32.369058
150.19449,-30.561009
150.308697,-30.44713
150.333335,-30.329858
148.185792,-32.728544
150.555588,-29.670617
150.458926,-32.113911
150.906777,-30.931702
150.511151,-29.660994
150.091249,-30.587654
150.896381,-31.057658
150.231768,-30.715029
150.885559,-30.351643
149.2392,-30.550735
149.791607,-32.341341
150.634583,-29.936518
150.729927,-31.059252999999998
150.210924,-30.295628
150.800772,-29.316479
150.167276,-30.280008
149.834602,-30.667603
150.270992,-30.384377
150.838518,-30.2791
150.010322,-30.631296
150.656613,-30.560106
150.91043,-30.365261
150.26788,-30.39314
150.635781,-31.38438
150.305743,-30.361958
149.775632,-32.175958
150.78543,-30.387681
150.226083,-30.752196
145.862528,-31.529784
151.026187,-29.954858
150.252704,-30.750191
150.09615,-31.077545
149.827407,-30.649783
150.49441,-30.426404
150.157587,-30.538052
149.01727,-31.307725
150.300077,-30.739171
149.900554,-30.537755
150.796347,-31.522447
149.297606,-30.542221
149.847087,-30.554236
150.246469,-31.975206
150.250768,-31.004184
150.225678,-30.369616
150.884748,-31.051798
149.801295,-32.384633
149.842548,-30.593303
150.882874,-30.342243
150.222354,-30.350969
149.817897,-32.395509
149.484363,-30.632596
149.833919,-30.533341
149.225411,-30.573926
148.98197,-31.276586000000002
149.573329,-32.614457
151.097833,-29.792917
150.345998,-30.444808
150.273756,-30.417832
151.025944,-31.129341
150.219934,-30.288659
150.032097,-31.751363
150.315976,-31.111839
148.751418,-31.792901
150.132134,-30.677354
149.30691,-30.532083
150.169626,-30.579699
150.170454,-30.794822
150.15508,-30.764231
150.334833,-30.478
149.812879,-30.46721
149.883635,-30.503815
150.014147,-31.855416
150.330494,-30.722737
149.84625,-30.633841
150.237189,-30.483415
150.281978,-30.388585
148.941244,-32.628939
149.413746,-29.942518
150.25055,-30.38913
151.013404,-29.941223
150.781273,-30.419245
150.031192,-30.346276
150.145712,-30.545001
149.806826,-32.34925
150.001152,-31.74843
150.83493000000001,-30.34773
149.851578,-30.65168
150.340584,-30.419609
149.843308,-30.454602
149.863776,-30.490791
150.111889,-30.540973
151.43226,-31.07285
149.893741,-30.628925
150.163622,-30.559647
147.513075,-30.689233
150.336122,-30.711778
150.215402,-30.757202
149.907569,-30.647102
150.086746,-31.101562
150.796975,-30.376596
150.321803,-30.716224
149.833901,-30.638205
150.179082,-31.828196
149.802089,-29.963944
149.979768,-30.291221
149.298998,-31.198395
149.245065,-30.561953
150.309353,-30.421349
149.254856,-30.522547
150.348744,-30.491065
150.279901,-30.316786
150.50366,-30.41478
150.128987,-31.099762
150.201453,-29.762343
150.32506,-30.345606
150.098766,-32.307199
149.878326,-30.548643
150.3916,-28.634836
149.177354,-30.568425
150.208551,-31.824609
150.044052,-30.601641
149.788438,-32.388084
150.255986,-30.374402
149.792363,-32.379064
150.219069,-30.743998
150.249925,-30.739071
150.238562,-30.378691
149.794316,-32.397191
150.318492,-30.457662
150.25932,-30.33608
150.632004,-29.924238
148.871647,-30.917155
150.16353,-30.547294
149.711161,-32.170432
150.342563,-30.700732
150.815113,-31.546734
151.102243,-29.894265
150.163304,-29.846346
149.900643,-30.511387
148.954291,-31.367882
149.811598,-32.377379
149.818338,-32.367665
149.161366,-30.975505
150.149902,-30.553893
149.834022,-30.579758000000002
149.056745,-28.966959
150.022711,-31.876923
149.871959,-30.633543
150.093676,-30.061948
150.119955,-31.081317
149.772161,-32.212431
150.4704,-30.41666
150.859818,-30.352884
149.786512,-30.452701
150.290796,-30.616462
150.096897,-31.086525
150.110379,-30.529675
151.389375,-29.584351
150.75212200000001,-31.056764
149.28087,-30.532578
150.211492,-30.721791
150.33397,-30.46357
149.238177,-30.581708
150.072471,-30.601635
149.754261,-32.137675
150.190801,-30.293141
149.86364,-30.453855
149.302072,-30.982881
150.293419,-30.334344
150.86323,-30.29511
150.729428,-31.076255
150.87619,-30.024712
150.85573,-30.31386
151.110282,-29.762752
150.35964,-30.489896
150.660168,-31.393733
150.89089,-31.132173
149.937593,-29.398926
150.611441,-31.682088
149.85502,-29.46412
149.728919,-32.190131
149.5624,-32.62104
149.844745,-30.574299
149.853488,-30.623293
150.72648,-30.749714
150.111299,-31.000821
149.907654,-30.52545
149.938598,-32.345703
150.985027,-29.122739
150.504769,-29.835331
150.072288,-31.076384
150.608987,-31.099258
149.824145,-30.667759
150.618531,-31.103223
149.21108,-30.636452
147.185843,-31.597744
149.901076,-29.2982
151.283013,-31.134182
150.931955,-30.563296
150.85105,-30.28096
150.297627,-30.607929
150.267976,-30.740114
149.293854,-30.550867
150.83592,-31.548261
149.871237,-30.541049
150.750037,-31.352193
150.290819,-30.764243
150.597107,-29.842669
150.307884,-30.7651
150.290089,-30.045853
149.856567,-30.61133
149.83565,-32.263778
150.283418,-30.307481
149.795405,-32.352956
150.125091,-30.534461
150.1152,-30.75977
150.846954,-30.044321
150.746134,-31.069683
150.837348,-30.328989
150.932034,-31.092748
149.244019,-30.572046
150.323438,-30.403815
148.82981,-32.077276
150.26373,-30.36202
149.532595,-30.8815
150.071111,-31.087115
149.835694,-30.471696
150.311517,-30.438238
149.229683,-30.562235
150.273985,-30.637409
149.982009,-31.763069
149.761807,-30.834197
150.83908,-30.28994
150.266764,-30.407702
149.759152,-32.26528
149.358107,-30.497265
150.176178,-30.530425
150.106036,-30.559186
150.301332,-30.434728
150.352602,-32.150251
149.896765,-30.646432
149.830313,-30.524135
150.144168,-30.288524
150.658727,-31.40857
149.306623,-30.520812
148.523012,-32.264661
150.35207,-30.73217
150.174445,-30.550918
150.212965,-30.770312
150.742413,-31.08801
150.333134,-30.440951
150.958261,-30.525688
149.92010200000001,-30.63547
150.176481,-32.371457
150.264129,-30.500136
149.890852,-29.731587
150.345471,-30.723291
150.29599,-30.597171
150.85289,-30.337228
151.362551,-29.782001
149.574818,-32.593386
149.482899,-32.657371
151.372198,-29.746271
150.299861,-30.977651
149.761305,-30.348345
149.526537,-30.37418
148.267011,-30.370506
151.078788,-29.99097
148.748337,-26.639578
148.634499,-32.253757
149.487914,-32.582475
149.067338,-30.94816
153.051737,-26.47643
152.843642,-29.58693
153.496998,-28.546915
152.523459,-29.512559
152.313903,-28.971419
153.53192,-28.847
152.991396,-28.43032
153.53488,-28.20023
153.610807,-28.642182
153.53406,-28.5099
153.454849,-28.691641
153.63033,-28.643151
153.005429,-28.363949
153.321541,-28.826067
152.974855,-29.157294
153.321595,-29.43831
153.495011,-28.290119
153.516099,-28.792537
153.602028,-28.703755
153.487372,-28.192096
153.405069,-28.866055
153.288872,-29.355344
153.456825,-28.743135
153.608891,-28.651373
153.069248,-28.378226
153.487338,-28.2041
153.330455,-28.765813
153.304552,-28.818786
153.453096,-28.945166
153.461826,-28.212901
153.570475,-28.358184
153.550558,-28.209255
152.039565,-28.845975
153.286852,-28.823695
153.460563,-28.18435
153.30064,-28.810438
153.277091,-28.938586
153.524804,-28.471082
153.32252,-28.361704
153.595487,-28.63338
153.524924,-28.865486
153.539846,-28.519341
153.348373,-29.438015
153.535866,-28.171472
153.598649,-28.649613
153.573567,-28.722292
153.56374,-28.860918
153.523227,-28.688035
153.213116,-29.511692
153.525448,-28.500524
153.609367,-28.733508
153.32766,-29.4883
153.309061,-28.827703
153.362309,-29.247966
153.488397,-28.221906
153.524966,-28.6747
153.300507,-28.392912
153.516809,-28.545598
152.740848,-28.777957
153.436004,-28.908031
153.538991,-28.538705
153.541152,-28.412188
153.491994,-28.815322
153.548222,-28.507096
153.260696,-28.815302
153.534246,-28.822977
153.220606,-29.487465
151.69359,-29.55402
153.117385,-28.630114
151.656377,-29.41203
153.336227,-28.826934
152.647773,-28.731713
153.452532,-28.957109
153.299897,-28.661887
153.460708,-28.534478
153.499302,-28.520918000000002
153.387431,-28.64584
152.517698,-29.504605
152.719456,-28.731881
153.555649,-28.599765
152.466188,-28.412463
153.032785,-29.074689
152.022814,-29.066812
153.539087,-28.739414
153.226842,-29.259519
153.592858,-28.660251
153.437344,-28.794447
153.537165,-28.801516
153.61172,-28.673719
152.139572,-29.261931
153.566591,-28.202942
153.428543,-29.08892
152.464619,-28.500943
153.097089,-29.566113
153.559715,-28.832106
152.151094,-29.348419
153.231568,-29.269593
153.562544,-28.377119
153.334145,-29.448132
153.366486,-29.386789
153.480409,-28.749372
153.528849,-28.811246
153.420788,-28.808592
153.422947,-28.595667
153.446938,-28.826208
153.578771,-28.756207
153.409409,-29.187359
153.591832,-28.711021
153.223178,-28.599319
152.23592,-29.017389
153.042155,-28.87767
152.715556,-28.659663
153.275915,-28.806988
153.34075,-29.36116
153.371935,-28.498661
151.898796,-29.352214
152.17386,-29.47694
153.403152,-28.977469
153.523515,-28.186975
153.602251,-28.742566
153.560132,-28.636651
153.50708,-28.234034
153.408972,-28.819236
153.411366,-28.903042
152.956454,-28.69304
153.006542,-29.598278
153.450937,-29.040108
153.275632,-28.819715
153.28685,-29.31393
152.114731,-28.917862
153.544168,-28.551683
152.256429,-29.085647
152.743102,-28.902973
153.571371,-28.3701
153.265227,-28.799577
153.03374,-28.409471
153.284125,-29.418707
153.571776,-28.600085
153.438471,-28.6024
153.439254,-28.948986
153.497831,-28.707392
153.502897,-28.172541
153.532562,-28.530743
153.582378,-28.788736
153.612271,-28.704611
153.552328,-28.845574
153.26984,-28.717051
153.576783,-28.627368
153.39451,-28.49081
153.330966,-28.778704
151.653763,-29.264235
153.363966,-28.647836
153.354788,-29.453764
153.361518,-28.99227
153.359406,-29.444243
153.028273,-29.353124
153.508213,-28.586543
153.416531,-28.912052
153.298099,-28.800769
153.471472,-28.684218
153.382771,-28.332233
153.351677,-29.408639
153.543134,-28.682486
153.359044,-29.418713
153.40971,-29.06529
153.329417,-28.969878
153.55217,-28.370328
153.3998,-28.909485
153.60052,-28.682886
153.417364,-29.119642
153.425642,-29.133155
153.259652,-28.596037
153.613389,-28.720853
151.925988,-29.317127
153.279838,-28.578349
152.25602,-29.056808
153.46774,-28.893832
153.58939,-28.640628
153.293728,-28.844074
153.214777,-29.278258
151.961655,-29.48271
153.526619,-28.391019
153.238101,-28.580227
153.610691,-28.688128
153.430626,-28.522348
153.518882,-28.655447
153.45538,-28.796319
153.48034,-28.62778
153.301948,-28.303978999999998
151.91417,-29.324585
153.536768,-28.573764
153.301477,-28.453522
152.527377,-28.278022
153.380347,-28.482711
153.555152,-28.55051
153.543167,-28.498614
153.280258,-28.315883
153.368915,-29.367985
153.466459,-28.948198
153.158813,-28.534738
153.434157,-28.588163
153.203144,-29.447763
153.454562,-28.479395
152.312845,-29.514733
153.340276,-29.431239
153.587036,-28.808265
153.568538,-28.758056
153.523308,-28.405393
153.545439,-28.586886
153.30009,-28.719144
153.339787,-28.575591
153.448359,-28.442776
153.520713,-28.177618
153.619327,-28.653185
153.556672,-28.715734
152.367106,-29.250567
153.045757,-29.376037
153.562825,-28.261947
153.547292,-28.614876
153.491609,-28.736086
153.419575,-28.343185
153.359658,-29.479836
153.5438,-28.529795
153.373075,-29.094501
153.490107,-28.679555
153.58163,-28.8577
153.512789,-28.690474
153.44948,-28.840874
153.563638,-28.608243
153.532788,-28.398852
153.491013,-28.164419
153.598546,-28.851477
153.534943,-28.791417
153.432876,-28.971056
153.594414,-28.833399
153.28829,-28.80931
153.436753,-28.309172
153.586654,-28.87166
153.319648,-29.428582
152.098818,-28.47819
153.518139,-28.478416
153.476099,-28.454906
153.052772,-28.858318
152.971834,-28.335372
153.286967,-28.798662
152.260262,-29.095596
153.390743,-28.902242
153.430641,-28.55052
153.576088,-28.641404
153.207077,-29.332233
153.226795,-29.24775
153.592081,-28.729263
153.399874,-28.322539
151.892563,-29.109671
153.191686,-29.561587
152.429056,-28.695211
151.65045,-29.516179
153.052801,-29.366941
153.291011,-28.752383
153.493694,-28.801258
153.547878,-28.329392
153.489536,-28.948813
153.331616,-28.413622
153.391347,-29.173405
153.56982,-28.31666
152.267182,-29.105201
152.064956,-29.543001
153.359413,-28.658223
152.67747,-28.396907
153.553022,-28.534271
153.208234,-29.394507
153.458201,-28.570088
153.246217,-29.467061
153.363354,-29.434726
152.042248,-28.825028
153.563498,-28.582067
153.036033,-29.365028
153.321081,-28.816944
153.489905,-28.631883
153.214749,-29.448594
153.546819,-28.22065
153.317193,-29.633459
153.537132,-28.330419
153.237349,-29.484314
152.301072,-29.123884
153.332351,-28.813621
153.323074,-28.389614
153.409011,-28.694006
153.350975,-28.76838
153.577025,-28.811273
152.685556,-28.424006
153.500769,-28.557125
153.261713,-29.350188
153.37005,-29.396863
152.315569,-29.107713
151.97071,-29.268859
153.268734,-28.852968
153.52331,-28.22606
153.470126,-28.813019
153.285095,-28.398247
153.220686,-29.466236
153.022476,-28.412815
152.79886,-29.16053
153.541994,-28.810032
151.896774,-29.100868
153.168061,-28.555314
153.530961,-28.722133
153.484034,-28.461642
152.196261,-29.58662
153.547082,-28.455668
153.566635,-28.850262
153.502312,-28.301197
153.273666,-29.19673
153.575055,-28.825723
153.401932,-28.607784
153.248215,-28.74106
153.03081,-28.84987
153.384597,-28.596232
153.335584,-29.572043
153.589754,-28.797776
153.481576,-28.541999
153.34298,-28.519817
152.930563,-27.56427
153.033118,-27.539771000000002
153.105667,-27.323352
153.396658,-27.940978
153.032192,-26.609385
153.001074,-26.357553
153.455584,-28.103281
152.61724,-26.894905
152.942128,-26.656722
153.080603,-27.538486
152.2266,-27.297372
152.949757,-27.416425
153.00488000000001,-27.269825
153.327531,-27.997522
153.103728,-27.908462
152.815096,-26.714302
152.607494,-28.163903
153.119522,-26.678747
153.100098,-27.521046
153.299911,-27.836058
152.971115,-27.420521
152.816383,-27.532837
153.100525,-27.541675
153.093051,-27.565035
152.90801,-26.432093
153.1747,-27.82349
152.867619,-27.371128
152.09256,-27.70255
153.079841,-27.948134
152.974498,-27.551899
152.8,-27.266667
152.859445,-25.295278
153.004317,-27.357301
153.344848,-28.096988
153.117997,-27.077317
152.953095,-27.553512
152.741426,-27.605845
152.265989,-27.311078
152.77615,-27.80578
152.822627,-27.199189
153.310561,-28.569125
153.083491,-27.212741
153.131272,-27.563433
153.381039,-28.017922
152.237705,-27.44688
153.011359,-26.397712
152.755645,-27.660463
152.810596,-27.239044
152.944696,-26.726331
152.995117,-27.458312
152.805577,-26.691807
153.425772,-28.118561
152.836227,-27.52746
152.994674,-27.479861
153.158547,-27.593719
150.658495,-22.852539
153.04836,-27.623549
152.918707,-27.088049
152.814895,-27.191555
151.985155,-29.512237
152.807541,-27.432509
153.080883,-27.51222
152.827806,-27.426409
152.982544,-27.269928
152.975241,-27.024885
153.053208,-27.297281
153.059765,-27.550314
153.124164,-26.775188
152.784255,-26.762878
153.041351,-27.510296
153.004865,-27.38648
153.48619,-28.556276
153.380508,-27.96085
153.217097,-28.700267
153.016711,-27.467494
153.436879,-28.873298
151.850942,-28.593209
153.185994,-27.578071
152.879228,-27.572240999999998
152.673318,-27.868864
153.20754,-28.066268
152.827215,-28.127751
153.029076,-26.380182
152.949676,-27.383497
153.117298,-27.578061
152.696737,-25.528605
153.473532,-28.019953
152.947798,-27.501821
152.902437,-27.332997
153.107803,-26.676005
152.631867,-27.5613
152.719161,-27.576152
152.966067,-27.227868
153.45615,-28.652525
153.074006,-26.690914
153.197573,-27.548287
152.940327,-27.517653
153.334833,-27.918634
152.76056,-27.331284
152.838903,-27.954897
153.344362,-28.055493
152.823472,-29.504986
153.073705,-27.294679
153.062072,-27.373483
153.099122,-27.478163
153.088347,-26.52063
152.286198,-28.284063
151.946454,-27.575798
151.965317,-27.552097
152.975619,-27.484082
153.263054,-27.436952
152.169741,-27.442021
153.180046,-27.784953
153.436733,-28.133641
152.78418,-27.79604
153.051182,-27.579622
153.163593,-27.58476
152.84809,-27.45987
152.949569,-27.443513
153.03362,-27.55024
153.169548,-27.216271
153.165238,-27.090737
153.148011,-27.790307
153.005732,-27.481551
153.055629,-27.490824
153.179388,-27.33778
153.021343,-27.335004
153.101922,-27.734818
152.962387,-27.514345
153.539908,-28.138702
153.078578,-27.470608
153.064001,-26.722013
152.729557,-27.577899
153.563671,-28.389417
153.351419,-29.396836
150.474596,-23.490649
152.945588,-27.195168
152.861495,-26.744398
153.110097,-26.399001
151.937087,-27.4539
152.964045,-27.622983
153.401637,-28.257805
153.015022,-27.497197
152.96106,-27.501396
152.884158,-27.398454
153.444912,-28.867118
152.95603500000001,-26.806124
152.931218,-27.133942
153.045563,-26.402955
151.949862,-27.492326
153.207843,-29.456932
153.085314,-25.909939
152.961654,-27.210361
151.937296,-28.832658
153.274578,-28.180386
151.98625,-27.525856
153.289953,-27.531336
153.115717,-27.792845
152.936978,-27.16707
152.696153,-25.539726
153.036292,-27.496948
152.636765,-28.026021
153.019517,-27.513463
153.252595,-28.952595
153.191102,-27.748751
153.29003,-28.832859
153.041112,-26.698749
153.421265,-28.872944
153.402249,-28.335808
149.961523,-26.119264
153.440959,-28.157787
153.047984,-27.483086
153.52983,-28.699187
153.006562,-27.467108
153.03194,-27.577706
152.945098,-26.472518
152.978333,-27.494792
152.884628,-27.71271
152.673231,-27.883601
152.82872,-27.564445
169.263253,-19.482578
153.038403,-27.680619
153.287937,-28.852303
153.216715,-27.665497
153.322499,-27.979555
153.390696,-28.378013
153.094535,-27.509879
152.606625,-25.931442
153.50128,-28.190262
153.079072,-27.705688
152.935976,-26.282324
153.417865,-27.966537
153.100256,-28.666665
152.905303,-27.533245
152.23791,-28.008128
153.113672,-27.506804
150.45067,-23.419694
153.319685,-28.314954
152.335175,-27.446225
152.790115,-27.610096
151.945771,-27.585808
166.445553,-22.295896
153.123708,-27.456036
152.891793,-25.293742
151.992058,-27.553674
153.01037,-27.396628
153.283356,-28.045867
153.569283,-28.3315
152.957397,-27.348447
153.027876,-27.930806
153.094233,-27.495494
153.00545,-27.555182
152.999113,-26.544097
152.952695,-27.452243
153.034607,-26.390064
153.023703,-27.751241
153.067029,-27.454022
152.931879,-27.445626
153.407116,-28.622479
153.339935,-28.966215
153.022944,-27.477987
152.957538,-26.670581
152.014033,-27.570039
152.941208,-27.405208
152.997689,-27.433938
152.679162,-28.133297
153.047639,-27.322751
152.98056,-27.224045
152.276964,-27.556954
153.040204,-27.380528
153.068828,-27.346883
151.878815,-29.530577
152.5,-27.4
153.003783,-26.648897
153.1,-27.7
153.1,-26.8
153,-27.5
152.949016,-26.692379
152.719375,-25.280122
152.946945,-26.896465
152.089498,-27.323857
152.7,-27.5
152.9,-27.4
153,-27.4
153.02554,-26.398518
-172.44639,-13.6
-171.75056,-13.9167
-170.71083,-14.3
-170.55444,-14.2872
-169.66444,-14.1667
-171.64111,-13.8683
-112.00567,33.58383
-122.953853,49.263034
-118.085345,33.947236
-117.069862,32.778098
-124.513811,49.264152
-117.233042,33.955701
-118.370809,34.177031
-123.313347,44.917008
-124.224936,43.237962
-118.205674,33.995007
-118.309804,34.059662
-122.460542,47.416815
-116.999975,32.691402
-117.182588,34.047829
-122.460448,47.445646000000004
-118.309606,34.030174
-122.627602,49.162504
-122.104893,36.964411
-122.233972,37.534644
-122.239612,37.455252
-121.912106,36.971398
-122.153083,37.445745
-119.869521,34.429208
-117.095743,32.765699
-124.130187,40.928381
-116.632091,31.750806999999998
-119.26121,50.709444
-117.289833,33.860428
-116.44525,33.772144
-118.951663,34.232143
-117.169594,34.070546
-118.367389,34.055514
-124.253042,42.071275
-122.465773,47.398692
-123.325272,49.395633
-122.406122,37.679307
-117.244262,32.840635
-123.469087,48.450363
-117.901808,33.775233
-117.077116,32.945946
-118.979278,50.828547
-122.441078,37.75882
-118.23737,34.105002
-122.516439,38.015201
-122.306364,37.560548
-121.726893,38.014105
-120.995716,39.235585
-119.358392,34.687988
-122.370819,41.335033
-112.422519,33.637026
-118.425453,33.954433
-122.058172,37.376186
-116.498383,32.10223
-121.770834,37.964454
-123.169992,49.356726
-122.548927,45.542068
-124.173125,40.815195
-124.262895,43.402478
-118.030488,34.110576
-123.112633,44.028289
-123.042968,49.296162
-123.070356,44.017639
-156.51291,20.790097
-122.448403,38.292828
-122.41748,37.734638
-117.741355,33.586984
-117.507286,33.898392
-116.927554,32.818332
-112.06781,33.489101
-117.282795,33.905274
-118.085985,34.183628
-122.239417,37.487163
-117.135449,32.754988
-122.272653,37.842192
-123.311577,48.444689
-123.225722,49.275716
-117.789527,34.066679
-117.797128,33.89257
-118.213959,51.017197
-159.633544,22.148044
-118.121516,33.772792
-122.760031,48.117055
-124.194656,43.411822
-122.639703,45.396266
-123.328238,48.462608
-123.305561,44.595643
-117.890801,33.710438
-118.138033,33.619999
-159.414332,22.075295
-117.23201,33.917066
-122.385903,37.581505
-118.633641,34.134273
-122.667593,49.117767
-122.067053,48.032645
-118.086626,34.150703
-118.262938,34.09197
-125.556703,48.946567
-123.352945,49.388402
-118.743657,34.395181
-124.140014,44.018703
-117.24476,33.941369
-122.008576,37.171129
-117.754209,33.649374
-159.428087,22.215812
-121.904762,36.616642
-122.52772,38.111245
-116.256295,43.663383
-159.644097,22.150744
-119.834692,39.484204
-122.641384,47.335106
-121.907288,37.6721
-118.236031,34.319831
-117.003625,33.238822
-120.669682,47.59295
-118.528161,32.905653
-157.76358,21.35602
-117.848368,33.580839
-122.482727,47.382971
-131.438953,52.600191
-120.849619,37.524933
-122.223612,37.471295
-118.270017,34.254419
-118.396278,33.737793
-116.858763,32.737583
-118.575836,34.184525
-123.079428,44.03996
-117.837913,33.777345
-117.228908,33.082308
-116.990447,32.670323
-122.545957,38.067152
-118.215396,33.738822
-117.059414,32.751814
-122.297387,47.618172
-122.336037,37.548186
-123.347531,48.873563
-125.072761,49.746972
-119.464173,49.864777
-157.796798,21.316235
-131.985168,53.270935
-118.704485,34.102113
-123.036736,44.051036
-117.224953,33.947845
-117.276323,33.809524
-117.64539,33.980874
-119.871826,34.413789
-119.591995,49.486447
-121.53564,38.543488
-131.952674,53.508513
-118.053147,34.146545
-131.934606,53.571896
-121.709927,37.941837
-122.133903,37.422597
-118.4029,33.988933
-122.257697,37.397922
-117.998803,33.659484
-118.304947,33.7128
-117.972519,33.691387
-122.152881,37.367561
-123.792108,39.361487
-115.074433,36.044272
-122.554728,45.476731
-117.080933,32.775363
-122.258063,37.384903
-117.914818,34.089987
-111.939231,33.450019
-122.851262,49.061303
-124.70546,49.452537
-117.95707,33.911713
-123.081825,49.018038
-119.575757,34.416045
-122.199539,37.39229
-122.419323,37.709172
-123.430345,48.519305
-124.224889,43.413485
-122.377442,47.70597
-113.556595,37.0895
-115.099117,36.090893
-116.17312,33.672358
-122.023281,36.965972
-122.111299,37.440944
-122.678329,38.447666
-118.247068,33.782257
-117.259322,32.92723
-118.365333,33.907613
-119.192183,34.244117
-118.270382,34.121501
-122.302847,37.974399
-122.63462,45.503527
-122.92678,49.250937
-118.238543,34.095543
-122.455902,37.792487
-123.445949,43.305621
-122.477037,37.767795
-114.999266,36.077126
-115.26673,36.325109
-123.877865,46.142072
-122.790278,43.849948
-117.893162,33.645316
-116.912115,32.835185
-116.92827,49.656242
-117.22235,32.952922
-122.475197,38.511937
-125.891962,49.14275
-123.57338,48.349053
-123.289594,44.578578
-158.021289,21.356737
-118.117989,34.154483
-117.738257,33.578159
-123.113214,49.341697
-122.156015,37.973461
-123.080186,43.996595
-117.206165,32.890288
-118.226707,33.832824
-117.132755,33.152667
-159.719399,22.171747
-122.478762,37.782245
-122.587747,45.408957
-121.090911,38.710255
-118.268555,34.145304
-117.30707,33.186403
-121.933577,49.039707
-119.51832,34.419163
-123.304863,44.541617
-123.120748,49.163761
-117.317226,32.908932
-123.001336,44.073995
-122.892984,49.116172
-123.136463,49.161996
-118.984959,34.177052
-123.016968,44.00214
-117.027615,32.840835
-121.755653,38.517327
-155.6863,19.7986
-118.806795,34.161053
-118.25396,34.238407
-124.058284,44.431792
-122.023731,36.981318
-122.701775,49.120853
-123.268435,44.588977
-122.764475,49.074547
-123.349267,48.41653
-123.354247,48.406867
-122.504845,37.757269
-115.752222,32.793666
-117.249712,33.045406
-122.2742,47.436943
-123.171792,49.14624
-117.578553,49.468013
-122.330728,37.2781
-118.260417,34.105292
-117.950601,33.933618
-123.053114,49.338489
-124.39332,42.611903
-119.605933,49.49823
-131.306301,52.332101
-116.289824,33.7436
-117.253447,32.725288
-118.128541,34.152288
-131.590887,52.582046
-123.859048,49.183059
-118.50673,33.895471
-112.303441,33.482132
-122.245238,37.468887
-120.71887,35.619915
-121.404895,36.85151
-122.196486,37.594023
-118.412513,34.007531
-123.220942,48.548711
-121.324326,38.16678
-116.474914,33.766046
-122.586864,48.825783
-117.111228,32.640228
-118.181671,34.190835
-121.837864,37.229875
-123.188237,49.324989
-123.129219,45.520112
-122.253468,37.590667
-118.18367,34.099208
-122.276719,37.100166
-122.30623,37.865702
-122.524758,47.394733
-149.575028,-16.988658
-122.264148,37.909782
-117.241013,32.719478
-118.565947,34.082595
-122.395609,47.530798
-122.867722,45.474987
-117.643197,33.59722
-116.996238,32.760363
-121.797323,36.657938
-118.559188,34.070953
-122.303149,47.657135
-118.033204,33.698024
-118.412376,34.025916
-117.12762,32.553148
-155.133822,19.606937
-119.242561,34.266037
-117.297107,33.888168
-116.955599,32.630068
-123.140336,49.295478
-111.679459,33.402752
-118.275545,34.088242
-123.969692,49.172316
-125.906431,49.153587
-118.436234,34.108237
-123.150908,45.014606
-116.590481,31.876925
-124.169205,40.842092
-118.211517,34.124172
-119.665445,34.420758
-118.553313,32.99565
-117.150371,32.738649
-122.047714,37.331738
-119.546883,49.194012
-121.672707,37.738156
-122.820305,45.449701
-118.201352,33.708817
-117.237297,32.962733
-117.379528,33.884651
-117.125445,34.016674
-118.161558,33.912297
-124.21463,40.749292
-123.147723,49.2274
-123.528884,48.382688
-121.527609,36.962505
-121.937988,37.258797
-118.362519,34.114692
-121.477152,38.580146
-122.644541,45.481446
-119.704125,34.422164
-122.957588,38.411734
-117.268837,32.831663
-116.988245,32.838095
-122.692606,38.548651
-117.883468,33.653756
-116.329936,33.195383
-118.819473,34.286745
-118.39377,34.14792
-118.170066,34.073853
-157.818099,21.299759
-119.411275,49.942111
-122.876991,47.821785
-121.905987,37.682351
-122.499908,45.630797
-118.427925,32.805837
-117.011771,32.713178
-122.504662,37.731785
-159.430364,22.177148
-123.152742,44.069397
-123.353728,48.892018
-121.957135,37.233148
-117.117101,33.025536
-122.411107,48.572062
-117.917905,33.798752
-122.623173,45.508209
-123.55678,49.393977
-149.572235,-17.658199
-124.139308,43.307674
-118.422089,34.185431
-116.957863,32.776555
-118.229747,34.07378
-119.743206,34.402844
-132.020644,54.025917
-118.538688,34.456633
-118.224563,34.18763
-123.654415,46.147396
-121.788044,37.651886
-123.483964,48.45295
-123.185085,49.397126
-117.243936,32.66773
-121.803685,37.334955
-119.441753,49.918489
-122.491565,37.621594
-124.97688,49.679567
-117.241491,32.930179
-119.577597,49.483878
-122.475601,37.7924
-123.076217,44.030603
-122.46985,47.388087
-118.558017,34.399307
-123.969823,45.234472
-121.812958,37.214583
-159.61427,22.157467
-123.395303,48.437562
-117.150485,32.756318
-121.319849,38.627279
-122.482657,37.509077
-119.708012,49.594057
-119.657525,37.374222
-118.27243,34.055011
-122.913725,48.693425
-122.564737,38.58548
-119.569872,49.492085
-122.426047,37.599638
-119.247025,50.26942
-117.274577,45.426972
-122.252073,37.460559
-117.384955,33.206921
-116.561174,33.851759
-117.302798,33.985498
-123.087477,49.322353
-118.380638,34.190638
-119.257393,34.27475
-123.509595,48.817021
-117.775642,33.832553
-122.339062,47.563072
-118.140694,34.087259
-110.344205,24.110903
-117.920553,33.811926
-123.288751,48.522797
-159.623076,22.149512
-122.289699,37.873196
-118.474463,34.02205
-122.109167,47.599975
-124.376748,43.141752
-118.390903,33.839909
-119.474151,49.841096
-124.08607,49.242847
-122.694489,47.608366
-122.453758,48.752445
-156.444047,20.691303
-122.619874,45.52997
-108.426887,30.838697
-123.394003,48.478333
-116.919525,32.772412
-117.77257,33.865454
-122.040148,37.358317
-122.153428,37.738828
-121.385475,38.665192
-116.986493,33.767443
-118.384537,33.997735
-117.278137,33.098114
-123.376625,48.463154
-122.313333,37.935768
-122.401956,37.789058
-118.408997,33.37788
-123.3604,49.396925
-122.326145,37.261784
-115.171958,36.121853
-121.983988,37.335318
-116.373563,33.700959
-117.056123,32.803185
-123.074439,44.874675
-132.052431,53.252737
-122.525332,37.947632
-119.832085,36.811309
-121.894722,36.597338
-119.470507,49.030263
-122.212013,47.696895
-118.477195,32.867737
-122.125283,37.454147
-123.102578,49.258305
-122.284758,37.842983
-122.243729,37.394236
-117.228194,32.85485
-122.062169,37.253157
-118.320386,34.092626
-155.750173,20.22128
-117.813111,34.114418
-122.513305,37.634571
-117.720045,33.551257
-122.879066,38.42107
-122.353293,47.836951
-120.353602,50.69983
-122.731668,38.310883
-118.110104,34.125012
-116.572049,34.051281
-122.503684,47.365354
-123.345938,48.441212
-117.0187,32.52038
-122.297593,47.793762
-123.976081,49.185729
-117.924212,33.870365
-125.541778,48.936942
-116.992513,33.090836
-119.841087,36.826458
-121.971755,37.512325
-116.975746,32.622051
-122.40139,37.758335
-123.061661,48.992783
-123.132278,49.3303
-121.9363,37.248276
-123.258301,44.582846
-121.940978,37.39655
-117.125791,49.604384
-122.508252,37.528647
-123.031941,44.937207
-122.935718,49.231108
-122.938418,45.560443
-124.07788,40.865945
-117.200858,33.96582
-118.066944,33.916111
-122.24553,47.372762
-114.988186,36.087907
-122.849722,49.228611
-123.250018,49.263638
-122.2975,47.551597
-121.921938,36.993525
-119.497431,49.896874
-122.263777,37.802403
-115.162721,36.281144
-118.206673,34.023013
-118.456842,34.015708
-122.122867,37.431183
-117.271915,33.867269
-117.228265,33.82477
-122.304926,47.630304
-118.456208,34.237633
-122.67159,48.018786
-122.800378,45.438045
-122.478336,47.44736
-118.347228,33.781961
-119.007081,36.069875
-118.399482,34.339773
-124.229984,43.439635
-117.121863,32.611945
-118.325983,33.771358
-122.975267,50.49268
-122.49685,48.732087
-157.832402,21.33554
-122.707815,38.330346
-122.784791,49.050169
-117.326126,33.169941
-122.714133,38.44368
-123.38028,44.54377
-117.879342,33.737625
-119.479096,49.827653
-122.231078,37.805992
-124.15119,40.5964
-117.046117,32.816983
-122.215722,39.717305
-121.875062,37.245708
-122.363676,37.429711
-117.389836,33.984814
-118.48755,34.006625
-123.194502,49.346399
-122.295983,47.688142
-123.034606,47.101581
-159.413045,22.085813
-122.498991,37.745528
-116.961857,34.343688
-118.824028,36.129222
-118.364265,34.09818
-117.383018,33.914131
-117.134339,33.10257
-117.317234,33.956952
-157.926316,21.652313
-123.205917,49.270322
-117.883897,33.887042
-157.897902,21.39696
-117.054942,32.764917
-117.545542,49.624993
-117.662078,33.554421
-122.503736,47.35172
-122.70942,38.480808
-122.672038,45.472669
-159.502561,21.898355
-117.841975,33.743614
-119.53543,49.088733
-122.378,47.571781
-119.716223,34.440184
-118.471825,34.141737
-122.307751,47.671751
-117.513161,33.795581
-115.021352,36.102073
-122.569123,45.477975
-117.216034,32.754765
-122.392707,45.513746
-122.037316,47.771604
-112.061007,33.457078
-123.26283,49.293138
-118.477112,33.999796
-121.955376,36.993019
-118.730033,34.1365
-122.81271,45.494745
-122.373757,47.696125
-119.541161,49.226795
-111.886889,33.26025
-118.630406,34.191123
-123.202767,47.423087
-117.054061,32.650241
-118.440122,34.075125
-116.967087,32.812194
-122.998078,45.532856
-117.087428,32.662817
-118.082858,34.106562
-117.708195,34.105817
-122.044294,49.096394
-123.760273,46.099935
-123.534745,48.370778
-118.566078,34.172307000000004
-116.358138,33.232545
-176.183787,-13.299112
-117.151047,33.158303
-118.509545,34.162042
-117.63666,33.782012
-149.822037,-17.534437
-122.109633,47.719833
-122.45723,37.75922
-120.675277,35.627931
-122.509026,37.94714
-117.884861,33.679541
-122.990727,46.818926
-117.796913,34.091584
-159.474965,22.199427
-122.32468,37.587724
-122.848749,45.565364
-122.702238,38.436233
-122.703462,45.575737
-123.529348,43.225413
-122.149057,36.903823
-122.958463,47.066543
-121.81706,39.334316
-118.243438,34.224628
-159.466653,22.223353
-159.609039,22.202096
-122.663464,38.018164
-118.777987,34.154264
-119.290512,36.326092
-122.512222,45.533467
-118.388408,33.849182
-157.693792,21.269036
-122.445696,45.58231
-121.054597,38.918945
-122.528167,37.997783
-121.716767,38.560248
-122.828117,45.549844
-117.229124,33.210249
-123.832612,46.190708
-121.415367,38.459092
-122.579956,49.168461
-111.932493,33.424231
-119.280745,36.279888
-123.254008,44.551578
-124.159996,40.862404
-118.343217,34.143947
-155.989683,19.633875
-122.306617,38.324817
-112.08975,33.631401
-122.267708,37.875552
-121.870942,49.114136
-117.823631,33.80161
-122.644705,45.523555
-122.234663,37.827295
-122.752043,38.456246
-122.637805,49.176425
-118.544515,32.970645
-123.795885,48.970501
-122.928931,43.894825
-123.181874,49.253273
-118.091294,33.752187
-118.006602,33.702383
-121.928247,36.604819
-122.095611,37.400742
-122.201805,37.91267
-122.020848,37.327646
-118.329717,34.013876
-131.562425,52.594538
-116.605151,31.91905
-117.038047,32.792603
-117.639587,33.701672
-122.546242,38.015914
-118.48192,32.876595
-117.139072,32.916703
-122.697717,45.266836
-117.11691,33.141763
-156.242238,20.762353
-118.461978,34.188653
-123.085328,44.601413
-118.134505,33.789908
-117.799492,33.783917
-117.383309,33.992518
-122.69034,38.453838
-117.045792,32.703158
-117.828221,34.056406
-116.306015,43.583939
-117.66238,33.6853
-121.539085,37.039284
-121.279319,38.84972
-122.642183,45.42485
-121.445321,49.387949
-115.139123,36.10953
-121.996208,47.708928
-118.517738,32.948292
-121.572813,38.539183
-118.392595,34.01812
-117.273483,33.013322
-124.145468,40.776475
-118.04403,33.799458
-122.711602,38.452897
-122.724137,45.572425
-122.639333,47.609065
-122.301523,37.5359
-122.302189,47.913689
-118.204505,33.803412
-111.558145,33.133697
-110.289825,30.986488
-124.068755,40.872667
-122.19732,47.480574
-117.764815,33.712754
-122.848229,45.432746
-121.9795,37.293312
-122.64552,45.548805
-122.854553,38.402522
-123.098465,44.049566
-118.247253,34.148439
-122.846672,38.472725
-124.014336,46.229746
-122.836839,42.304283
-122.583586,45.157906
-119.701113,34.450754
-117.348927,33.864051
-118.319438,33.970577
-117.350376,33.996182
-121.778463,38.557433
-117.795802,33.721964
-122.436142,38.574339
-122.88678,47.141113
-159.661408,22.105164
-123.15753,49.269245
-122.42317,37.6662
-117.908513,33.622657
-118.356342,34.063566
-117.890006,33.725864
-122.933265,45.49891
-117.13478,32.741112
-157.753264,21.28995
-112.067944,33.606861
-124.963788,49.712367
-119.62383,49.571867
-118.122633,34.199386
-117.308729,33.911457
-122.924111,45.469416
-122.63343,47.57549
-119.6437,34.41687
-124.082992,40.784008
-118.542455,34.407006
-119.624505,49.810558
-122.104411,37.372464
-122.070511,37.390275
-117.181885,32.77611
-124.109314,40.765585
-111.836643,33.380414
-122.28377,37.46634
-122.914878,49.221993
-121.918663,37.754422
-117.371588,33.186672
-116.542901,33.855422
-123.054608,49.023156
-121.4535,38.558667
-131.367874,52.428636
-117.310856,33.109326
-122.262626,37.86597
-123.301055,48.48882
-117.665381,33.65725
-122.207162,47.619708
-121.966233,37.035464
-122.73999,38.09219
-124.153348,41.070774
-117.173378,32.713947
-155.071761,19.70243
-118.151584,34.135061
-116.957078,32.726906
-116.933664,32.861127
-118.257756,33.922091
-120.398914,50.652046
-123.232906,44.068226
-122.294188,47.670067
-117.044119,32.977438
-122.261017,37.9005
-121.965172,37.249467
-118.832832,34.24666
-122.470908,37.670053
-117.516432,49.647461
-123.384356,43.157052
-119.378375,49.892263
-119.850517,34.442995
-124.156984,49.175242
-124.065211,44.82819
-123.196938,45.2281
-118.127015,34.095287
-157.747452,21.218288
-117.347705,33.207401
-119.24115,50.203974
-122.91665,49.275222
-117.039471,32.655628
-118.498337,34.013683
-122.338953,40.619695
-119.646426,49.509453
-117.902563,33.66572
-159.661797,22.114302
-117.319382,33.973279
-122.068691,36.982395
-157.803803,21.336312
-122.004953,37.362362
-123.167798,49.250734
-122.975113,49.274637
-119.460989,49.889177
-118.294485,34.146781
-111.551078,33.255108
-123.13058,44.648705
-122.981242,45.565417
-122.384934,48.032598
-122.460547,47.433896
-122.439094,37.722343
-124.989679,49.780687
-122.79611,45.45893
-118.127201,34.186431
-122.092266,37.372015
-122.009919,47.564605
-117.142661,32.76257
-122.472868,37.805909
-114.949505,36.036724
-122.087342,37.954076
-122.916989,38.371868
-123.370154,49.376765
-118.852242,34.17783
-122.709782,48.742493
-117.056869,32.820186
-117.784364,33.730057
-117.19416,32.80547
-122.501953,37.597203
-123.069816,49.238969
-122.251719,37.486439
-159.58494,22.218901
-123.121521,49.268301
-122.659246,48.755317
-123.85932,49.027787
-157.954767,21.684123
-122.372962,47.403226
-118.621869,34.492138
-117.239389,32.87195
-122.433479,47.661368
-122.503462,47.382529
-118.200981,34.091751
-117.396698,33.838335
-117.907563,34.133614
-116.06119,34.135946
-121.79813300000001,37.25245
-118.223587,34.123272
-118.098267,34.086803
-122.198662,37.473267
-117.393141,33.802565
-117.117617,33.874412
-117.316579,33.861647
-117.71985,34.10968
-111.902044,33.537516
-118.223614,34.112121
-118.412294,34.098388
-122.774583,48.028116
-125.538152,48.92532
-117.380214,33.946585
-117.06873,32.763838
-116.111963,34.119255
-121.422645,38.525505
-122.348882,48.752751
-118.48883,32.899413
-123.169391,49.260994
-123.001085,49.235391
-118.345974,34.000563
-117.371375,33.928304
-118.400185,33.762745
-118.196158,34.12255
-122.560578,47.224145
-117.211622,32.870455
-117.295943,33.935773
-111.734873,33.361215
-117.22918,32.84013
-121.90785,37.244578
-122.679857,42.059351
-122.966286,45.583065
-117.738962,34.123403
-117.228805,32.796283
-117.322554,33.82214
-123.278817,44.572655
-121.490297,38.549719
-122.476142,37.723503
-121.625584,38.443514
-124.110029,43.966216
-158.103457,21.586333
-123.115844,49.280849
-122.345304,37.579362
-116.76155,32.71513
-122.30204,47.643315
-122.011344,36.987853
-122.500878,47.435705
-123.111039,49.322145
-117.087642,32.611902
-176.612537,-44.095884
-118.155922,34.112603
-117.727201,33.575042
-117.241667,33.827781
-156.218505,20.910088
-117.916253,34.156708
-118.225171,34.140757
-123.2649,49.360163
-118.100447,33.785382
-122.4328,37.773346
-119.801658,36.29023
-122.797317,47.132836
-118.198095,34.054502
-122.894853,45.43392
-118.02237,33.898647
-122.32115,37.532833
-117.230835,32.820557
-122.686664,45.557544
-123.198977,49.17357
-124.940767,49.308405
-117.388916,33.939714
-117.240864,33.96834
-122.434143,38.273366
-117.263716,33.95314
-116.359872,33.725819
-132.074708,53.255388
-110.815274,32.278239
-117.6224,33.74687
-122.503176,47.406042
-122.583928,48.802503
-123.079392,44.965722
-118.461937,34.03154
-122.101772,37.391917
-121.933473,37.296232
-118.88992,34.222795
-118.403261,33.799244
-104.99559000000001,39.747959
-131.823105,53.242483
-122.252147,37.80756
-118.568537,34.40262
-121.731797,37.69085
-116.970283,32.846847
-116.302124,33.772646
-121.655248,37.166982
-117.26988,33.083398
-123.194441,49.243893
-118.507309,34.744396
-121.737867,38.548799
-122.832826,45.479782
-122.261185,37.496365
-123.94548,45.734295
-122.489446,37.897491
-122.159583,37.454412
-117.286727,33.914451
-121.496078,38.567474
-117.828994,33.635603
-122.807705,44.004278
-117.09171,32.733135
-124.042444,40.801514
-121.183303,38.665508
-123.690119,48.785292
-149.573578,-17.541643
-121.80589,49.19269
-123.81378,46.189728
-121.85684,37.734393
-122.607894,45.533675
-118.111472,33.7811
-117.229355,32.727
-123.064254,44.047231
-112.033639,33.423858
-122.698108,49.227024
-117.310646,33.872632
-117.211931,33.842266
-123.32749,48.412671
-123.514154,48.861702
-122.86220900000001,45.560958
-124.062341,44.623814
-117.035644,32.699438
-122.828347,49.137002
-123.064685,49.202814
-117.348127,33.220378
-159.7141,21.897899
-117.214849,33.98719
-123.112622,44.066678
-121.719987,36.578708
-117.25288,33.98684
-117.873502,33.895343
-122.360345,47.526192
-122.921184,48.049885
-117.04067,32.762721
-122.313419,47.322401
-120.320852,50.672457
-113.608825,37.055572
-122.908547,49.202834
-119.346911,46.300634
-117.798027,33.752144
-119.42888,49.894507
-115.126678,35.985017
-122.734384,45.504341
-117.128109,32.911481
-123.343461,44.454797
-122.534433,37.985757
-122.632767,45.528217
-118.525804,34.375259
-124.183411,41.741217
-122.212197,47.594066
-118.526763,34.465358
-110.955919,29.072967
-122.173562,37.420619
-122.293245,37.563775
-122.107428,37.402028
-122.817898,45.540802
-122.288381,37.8823
-118.424892,34.036569
-118.453322,34.064578
-117.086536,32.554789
-118.074278,34.575275
-117.211171,33.884138
-122.26524,37.891449
-155.864395,19.939882
-122.855406,45.550483
-157.832192,21.282764
-123.470977,48.721091
-106.408464,31.664758
-157.818991,21.266778
-116.599197,31.8355
-121.725372,38.570275
-117.266983,32.965613
-117.086525,33.12493
-123.970178,45.763062
-122.919252,45.578831
-122.643224,48.293156
-118.441322,32.88387
-122.079758,47.866507
-119.066757,34.368382
-122.259081,37.854647
-117.166145,33.143372
-120.103733,34.616953
-117.382694,33.844492
-122.3968,37.576013
-123.174134,49.216797
-119.674928,49.603517
-123.219872,49.223122
-117.250379,32.870157
-124.188753,40.77208
-117.247687,33.95568
-117.047487,32.71492
-123.955442,45.897222
-123.088447,44.024792
-121.853964,37.709338
-121.603313,36.696176
-122.431542,37.734772
-121.156163,38.651056
-116.877639,32.739726
-119.881038,34.425116
-121.969006,49.112815
-123.339209,48.424272
-123.155987,49.308547
-122.372481,47.817779
-122.287605,47.657853
-118.517732,32.886072
-118.105904,34.159648
-159.592863,22.2119
-116.361672,33.265717
-124.093835,40.863489
-121.980493,37.198182
-117.084952,32.821115
-118.337384,33.961186
-119.816628,34.452631
-122.011373,36.97192
-123.365619,48.478899
-123.082422,49.250124
-176.631266,-44.071231
-117.272752,33.975484
-115.118382,36.040905
-121.775459,36.648572
-159.657385,22.144059
-118.311943,33.891904
-118.840446,34.301381
-117.78135,33.540775
-122.087333,36.954892
-120.644767,35.261447
-121.230089,38.63588
-117.124774,32.720461
-111.76915,33.23547
-116.993062,32.652314
-122.232039,47.169788
-118.709479,34.132549
-118.035249,34.136717
-124.134489,40.794188
-122.437856,37.454763
-124.081132,40.875545
-122.01382,37.609382
-122.018836,38.244012
-122.326871,47.679702
-156.446904,20.714352
-122.12233,37.476805
-122.252787,37.871028
-122.813548,38.173997
-121.735687,37.949712
-118.094666,33.776666
-122.466075,37.741052
-119.463464,49.906815
-116.997112,32.846007
-123.849317,46.17736
-118.539695,32.958898
-118.049868,34.158569
-122.91142,47.282146
-122.073693,48.012899
-114.159574,50.887228
-117.907447,33.96639
-117.333241,33.828539
-117.020961,32.810037
-120.9246,37.688
-121.881669,37.335881
-121.776589,39.222892
-122.61295,45.598387
-117.106239,32.735901
-118.293589,33.865806
-118.115107,33.741526
-117.061251,33.068166
-118.8413,34.228193
-121.816619,37.392444
-121.937466,36.917225
-121.881681,39.397863
-124.116598,44.020561
-119.197689,34.282053
-118.142325,34.117978
-123.088593,49.095356
-118.400597,34.010661
-106.659002,35.069824
-121.920096,37.335935
-119.280367,34.428317
-123.004424,49.305917
-118.429825,34.139556
-123.151163,39.130518
-122.066117,37.643403
-117.723273,33.480318
-123.108814,44.091495
-122.750882,38.57657
-124.078175,40.885527
-118.541663,32.938825
-122.014489,39.220397
-123.140205,49.069242
-119.662333,49.837818
-118.259793,34.224221
-117.128515,34.069965
-122.504346,38.19507
-123.018153,38.469551
-118.082875,34.161033
-117.929105,33.988079
-118.648524,34.134829
-122.129717,37.14183
-119.731519,34.405023
-118.532759,32.945252
-122.67193,39.026281
-122.421936,37.804536
-118.285214,34.187712
-122.799081,45.474126
-118.355296,34.181635
-122.138894,37.736542
-122.444524,37.742849
-122.634457,38.259198
-155.009431,19.633197
-118.220305,33.925919
-117.986305,33.878063
-156.458847,20.768615
-119.257225,50.240833
-123.457546,43.266965
-122.265053,47.674053
-123.307525,48.460697
-122.047637,37.899895
-117.105761,32.544287
-157.816405,21.331553
-122.503655,47.337875
-157.72287,21.39533
-124.043417,41.160252
-124.206296,40.685776
-118.355345,34.009854
-157.814255,21.30803
-117.133172,33.091755
-121.768473,37.681869
-117.782534,33.872178
-120.850844,35.392618
-118.485201,34.123923
-122.825772,49.268805
-122.940375,49.182963
-114.971197,36.090378
-121.350437,38.553316
-132.101564,53.254825
-123.532027,48.426735
-117.015044,32.722122
-121.971534,37.341515
-121.778357,37.150583
-124.187624,40.854888
-121.903787,37.258612
-159.61967,22.106817
-116.968206,32.662688
-119.627312,49.490375
-155.08529,19.703374
-122.490598,48.712739
-121.914955,49.097794
-122.279892,47.794707
-122.300617,47.960275
-119.563637,50.816816
-122.70703,45.531055
-122.702347,49.300453
-122.308495,37.517045
-118.118668,33.805156
-122.086578,48.033745
-118.867438,34.267192
-117.523628,33.9039
-118.041679,35.198614
-123.821357,39.368401
-123.143592,44.739137
-122.463755,37.770813
-123.130522,49.007537
-117.201679,33.996587
-121.876305,47.538188
-117.97477,33.705963
-156.021912,19.678388
-121.950774,49.094586
-116.674624,32.962405
-121.036547,39.235437
-123.998901,45.005615
-117.16832,32.923
-117.134606,32.971751
-118.486636,32.917516
-121.732238,38.412618
-123.812486,46.976422
-117.309335,33.805706
-121.047552,37.694165
-116.38936,33.733221
-122.353312,47.692375
-176.559538,-43.95197
-117.521865,33.891206
-123.917015,49.511941
-117.235257,32.746854
-117.119779,32.763991
-154.970825,19.572092
-117.844302,33.654834
-157.691987,21.296883
-121.93743,37.347445
-117.160172,32.723583
-122.894399,47.103568
-117.890162,33.540469
-122.900305,38.399028
-121.940319,49.105241
-117.090951,33.510368
-123.015329,45.02763
-122.160972,37.351344
-122.203353,48.720333
-117.035133,32.963214
-123.06233,44.09095
-122.141061,37.386303
-117.96547,33.929853
-117.044208,32.935871
-123.377183,48.442725
-117.278193,33.984277
-122.154271,37.297047
-117.246408,33.813895
-123.120675,44.043847
-123.058128,44.020458
-117.060244,32.636589
-122.604119,38.351513
-117.235619,49.580893
-122.420175,47.657955
-121.882682,36.774026
-155.919678,19.474888
-122.423767,37.743912
-123.272362,44.560446
-116.983704,32.642068
-121.835543,36.618505999999996
-122.969683,45.572199
-123.95919,49.086064
-121.76043,38.551942
-118.166292,34.134597
-119.121722,35.365266
-123.709162,48.777728
-122.577758,48.817879
-117.221014,32.943467
-117.07405,32.630812
-117.117246,33.502019
-122.478163,48.742225
-117.344728,33.954517
-122.775772,49.293045
-121.300163,38.633011
-117.347156,33.900885
-117.298387,49.483905
-117.715057,33.527469
-119.839348,39.535709
-117.124244,32.745647
-112.269212,33.62485
-117.754178,33.751297
-117.730008,33.585209
-119.393472,49.904622
-122.332024,47.576927
-122.655756,45.575808
-121.780436,37.247258
-116.979065,32.653413
-117.214206,32.819753
-122.695574,48.732336
-123.139647,49.238608
-156.969914,20.794174
-122.275108,37.492168
-123.341738,43.216489
-124.259231,43.389214
-118.486183,32.887988
-122.206956,38.135603
-122.853234,45.575872
-122.343724,40.55662
-120.458693,46.516688
-122.668194,45.410282
-124.168337,40.79353
-121.262272,38.721037
-114.219025,33.689413
-116.288473,33.076319
-118.061893,34.077555
-122.249322,47.677278
-123.811511,39.406806
-122.20018,37.840197
-117.240997,32.802447
-122.412903,37.752895
-122.901908,49.212432
-176.525178,-43.976558
-155.145895,19.755866
-118.451012,34.073406
-122.4227,48.75647
-117.84897,33.663123
-117.732585,33.989819
-117.750467,33.513938
-122.051772,37.887067
-122.211543,37.80247
-117.652813,33.573846
-123.292337,44.566919
-116.90615,32.805187
-117.745103,33.505549
-177.08021,-13.75548
-63.06274,18.07825
-61.26241,16.25339
-71.436568,4.064393
-71.436698,4.092539
-61.69009,16.03344
-61.52699,16.35006
-76.162743,3.609983
-76.538082,3.331977
-61.53677,16.23652
-71.560029,3.990741
-71.578134,4.008243
-74.114583,4.759889
-73.110538,7.084131
-74.072213,4.702306
-78.493434,-0.285516
-75.031735,9.346977
-73.637403,5.914209
-65.760803,18.331378
-79.053319,-8.132818
-64.8784,32.277167
-73.741427,5.092471
-64.6529,32.347119
-64.865545,32.303621
-61.116688,16.1732
-64.72226,32.313248
-71.517067,19.218057
-66.589738,18.172422
-70.870822,19.062672
-61.651806,16.036946
-71.387658,8.520434
-64.869541,32.26756
-64.740211,32.330145
-78.517658,-0.210978
-65.647857,18.314412
-79.745889,8.876682
-78.482078,-0.180614
-61.768681,16.350462
-64.779006,32.277308
-78.404267,-0.197473
-43.033183,-6.776476
-79.569939,8.99934
-60.877495,14.443252
-59.633942,13.157861
-76.891337,0.086906
-64.669832,32.342817
-66.077694,18.454948
-80.522935,7.932816
-70.413995,5.491642
-78.399382,-0.235216
-74.114453,4.515001
-78.481833,-0.125175
-66.067558,18.356092
-78.47,-0.095556
-75.052873,9.164083
-74.032586,4.75232
-79.595993000000007,9.11565
-74.86464,5.878534
-74.213333,6.805778
-68.892297,12.107314
-65.809478,18.289993
-66.111817,18.124553
-65.305192,18.303438
-67.159155,18.297542
-66.740539,18.242532
-65.791872,18.299217
-52.329497,4.855014
-69.446533,19.052615
-79.147092,-2.84282
-71.709433,18.31173
-61.11655,14.668552
-69.468048,19.067665
-61.7542,16.14378
-64.839174,32.320301
-71.141882,18.022379
-73.223862,5.671619
-74.117146,4.664257
-70.18538,19.602683
-80.114814,8.601406
-70.517566,19.028416
-66.303544,10.233138
-78.501221,-0.201964
-52.290279,4.935122
-74.127853,4.664642
-66.030798,18.442994
-78.430672,-0.198509
-75.801347,6.026792
-74.093391,4.73157
-80.960551,7.591969
-61.66928,16.05697
-61.56563,16.09653
-61.66349,16.04497
-73.038949,5.831581
-70.679581,18.820298
-72.544192,18.923819
-79.758009,-0.3361
-61.404012,10.651488
-79.224981,-2.777008
-76.150017,-0.637022
-79.894925,-2.13038
-64.710403,32.351156
-66.285792,17.974504
-38.485875,-3.744877
-66.162614,18.118472
-71.58217,18.311618
-74.150109,4.641677
-61.37135,16.32028
-78.930794,-2.061211
-79.783726,9.240833
-39.311031,-6.359569
-73.520717,5.742417
-75.579546,6.22364
-67.26903,18.356808
-78.546906,-0.267628
-78.775198,-0.048717
-68.893916,12.135704
-52.301749,4.948061
-66.879269,17.980642
-61.161473,13.32033
-71.876013,18.877037
-66.206098,18.10407
-64.823332,32.251983
-65.621008,18.376244
-32.410638,-3.842581
-79.808008,9.307107
-78.109536,-1.456492
-65.855834,18.17406
-38.240307,-6.208502
-78.781862,-0.060219
-69.179391,19.286732
-72.450899,18.2571
-35.208893,-5.906088
-75.718891,4.140931
-79.534288,8.957319
-78.375383,-0.221498
-50.063186,-6.059561
-78.840987,-3.936785
-66.225018,17.958745
-66.484357,18.421822
-81.312861,8.01237
-64.858652,32.271003
-66.998,18.129
-62.211066,16.763503
-70.900454,19.077917
-32.429737,-3.85763
-65.726999,18.339601
-68.99002,12.16957
-78.631203,-3.75002
-78.987319,-2.909382
-60.98765,16.31644
-61.08121,16.31731
-66.096022,17.973045
-79.510692,8.975964
-78.694536,-1.596116
-47.020769,-5.593442
-63.235302,17.638215
-63.227939,17.625248
-63.238009,17.628236
-61.59204,16.25167
-61.5398,16.19761
-53.24036,3.91451
-75.12644,6.53437
-60.9421,14.67521
-37.043255,-5.567711
-76.484319,3.436464
-73.20955,-1.744483
-76.535256,3.350778
-61.7295,16.1861
-61.5455,16.2725
-61.77833,16.36423
-61.38745,16.25742
-75.83,5.87
-75.64,6.09
-75.59,6.18
-75.88,5.66
-75.74,6.21
-75.29,6.73
-75.61,6.18
-74.58,6.18
-75.56,6.34
-75.59,6.21
-75.67,6.61
-75.72,5.67
-75.71,6.11
-75.52,6.57
-75.77,6.33
-75.07,6.91
-75.2,7.99
-75.4,6.49
-75.83,6.56
-75.98,5.97
-74.71,6.5
-75.91,6.73
-75.82,5.6
-75.62,6.16
-75.98,5.93
-75.35,7.58
-74.79,6.56
-75.73,6.44
-75.02,6.6
-75.56,6.47
-75.65,6.16
-75.45,6.38
-74.77,6.42
-75.42,6.97
-75.68,6.92
-74.87,7.5
-75.82,6.86
-75.8,6.07
-75.77,7.18
-75.51,6.35
-75.61,5.75
-75.71,6.04
-75.63,5.62
-75.15,7.07
-75.79,5.8
-75.75,6.51
-75.46,6.65
-75.33,6.44
-72.588191,4.576475
-72.654882,4.448112
-76.486481,3.4121
-74.228694,11.053231
-63.20893,18.03505
-61.01929,14.65485
-61.53747,16.44249
-61.593,16.1297
-61.01788,14.54869
-60.96418,14.77386
-60.9788,14.47557
-60.93357,14.73107
-76.29205,3.848372
-72.165417,5.794861
-74.079361,4.742528
-76.557442,3.365139
-76.570303,3.378561
-76.531203,3.373636
-76.605444,3.346214
-76.614503,3.372756
-76.571925,3.347617
-74.143139,4.648331
-74.112222,4.730833
-74.136944,4.723056
-74.131479,4.712698
-74.16582,4.62401
-74.041139,4.803028
-74.204389,4.605417
-61.59035,15.83724
-76.573417,3.774833
-76.676083,3.729472
-76.679611,3.738667
-76.10775,4.590083
-76.223669,3.851847
-76.173442,3.396753
-76.165208,3.240692
-76.62685,3.417511
-76.196411,3.904897
-76.654678,3.411775
-76.12805,3.869506
-76.599542,3.542075
-76.174905999999993,3.385753
-76.200167,3.825078
-76.211369,3.820861
-76.625681,3.440694
-76.0652,3.546531
-76.617303,3.399294
-76.043867,3.58455
-73.958378,4.9472
-76.660645,7.868403
-75.597697,6.151886
-73.742173,7.388907
-73.910009,7.371154
-72.611556,5.209556
-75.859939,6.771023
-62.8319,17.90436
-53.23477,3.92404
-75.849772,6.835925
-75.841494,6.854021
-72.613028,11.156722
-70.110306,-18.417607
-57.935071,-34.920779
-71.553853,-33.04346
-58.474704,-34.578617
-71.362861,-40.159501
-70.486457,-30.199772
-46.898451,-22.742586
-48.92424,-26.912499
-40.01403,-18.977322
-47.39568,-23.534345
-43.288762,-23.014581
-59.327437,-33.152435
-46.552601,-23.698517
-62.265842,-38.731836
-58.712116,-27.489089
-58.487989,-34.520236
-55.298824,-34.84418
-48.632349,-27.080896
-65.267029,-26.732173
-56.008056,-34.854444
-47.954237,-19.764953
-58.418962,-34.598452
-58.531341,-34.492499
-62.307723,-38.743342
-42.033825,-22.426264
-73.027733,-41.124305
-71.271711,-41.131727
-58.122372,-35.056072
-73.131955,-40.569721
-73.063756,-38.031628
-57.595843,-37.946817
-58.498616,-34.616601
-62.282778,-38.690556
-59.279217,-35.004369
-76.873773,-12.254299
-60.758917,-31.673169
-66.138666,-17.407205
-57.964279,-34.895138
-68.853427,-32.926418
-71.288525,-40.134286
-76.99015,-12.082722
-66.047081,-11.024677
-72.308249,-35.237833
-46.649541,-23.676237
-58.419735,-34.580387
-57.947845,-34.9084
-71.062699,-39.950801
-72.987946,-36.746175
-71.631028,-37.748158
-45.922551,-22.866462
-44.001136,-19.909497000000002
-44.62108,-19.842765
-58.60424,-34.569733
-77.596428,-11.10278
-57.953566,-34.920482
-62.271389,-38.764167
-77.059401,-12.053727
-52.237009,-31.766382
-58.443357,-34.601424
-47.777086,-15.756745
-73.666235,-41.884027
-47.859659,-15.729922
-58.481418,-34.588743
-60.932481,-31.455414
-71.627053,-33.041292
-73.258705,-39.804408
-58.745751,-34.576601
-66.071975,-11.007203
-58.274989,-34.811275
-42.187607,-21.54521
-56.2154,-34.819162
-57.527866,-25.304937
-43.460742,-22.756132
-40.277375,-20.274381
-70.528304,-33.334109
-72.431837,-36.834772
-58.443087,-34.574997
-72.054955,-39.52133
-71.196617,-41.10373
-58.563263,-34.687408
-58.52732,-34.454269
-77.024742,-12.163409
-48.93023,-23.10877
-72.18572,-39.30301
-57.952885,-34.8951
-58.59983,-34.487842
-58.512139,-34.67928
-51.102731,-30.060266
-56.20343,-34.910592
-66.511108,-45.092462
-77.05804,-12.065601
-43.309206,-22.564143
-60.209874,-29.463512
-58.789108,-23.501763
-61.29897,-51.72678
-71.30352,-40.161797
-73.234528,-38.496033
-60.760809,-31.661658
-53.15758,-27.97949
-71.433183,-32.493603
-58.312819,-34.663399
-72.896515,-15.20963
-54.483963,-25.614791
-51.968782,-29.12177
-76.913286,-12.254742
-58.693009000000004,-34.397751
-58.366753,-34.616347
-58.021431,-34.888962
-42.738972,-22.417687
-47.474482,-23.512804
-34.866992,-7.096883
-60.520188,-31.731045
-58.394778,-34.585258
-58.40416,-34.730978
-46.641048,-23.057273
-68.302951,-54.801892
-65.378249,-17.531352
-48.477172,-27.656961
-58.372517,-34.602928
-72.773611,-36.816611
-43.242794,-22.427493
-58.877084,-34.813927
-71.20725,-41.11055
-72.091395,-39.340148
-36.354955,-7.414624
-46.99922,-22.9348
-72.941734,-37.940993
-62.268292,-38.701737
-44.868191,-19.72874
-58.653509,-34.669487
-64.80011,-23.817135
-58.485875,-34.632767
-109.349686,-27.112723
-34.833394,-7.148953
-63.74441,-35.647758
-71.346181,-32.414386
-45.275876,-22.510653
-70.652468,-33.395132
-41.692958,-21.424116
-34.926472,-7.224872
-43.218013,-22.918488
-52.418049,-31.800634
-58.415202,-34.733912
-58.360176,-34.601795
-46.459914,-23.666558
-46.971067,-23.235406
-58.462403,-34.551503
-71.417515,-41.169744
-58.472523,-34.515171
-58.545527,-34.440896
-71.944988,-40.199712
-38.508829,-13.002685
-40.214704,-14.332127
-38.378876,-12.936092
-60.664449,-32.949864
-62.260033,-38.714859
-71.955313,-39.302015
-44.554875,-20.062675
-58.510283,-34.52767
-58.304085,-31.801099
-46.723767,-23.563558
-62.24675,-38.713243
-71.648645,-33.322762
-72.591187,-38.725922
-72.939256,-49.303896
-61.772504,-37.189101
-55.715988,-34.747459
-60.488176,-31.756131
-52.076474,-29.468969
-70.015717,-15.834433
-70.3921,-33.365575
-42.042302,-20.962874
-39.173382,-14.796767
-49.236953,-25.492697
-52.225841,-27.888404
-71.629957,-33.623633
-57.575166,-38.024131
-60.756018,-33.021783
-58.443632,-34.53925
-43.186502,-22.96978
-62.248647,-38.605631
-47.316905,-23.312245
-60.741303,-32.903831
-77.02844,-12.13334
-54.274758,-34.671919
-36.716105,-9.397743
-58.754021,-34.371952
-57.916092,-34.860863
-63.174105,-17.794278
-60.658203,-32.964783
-72.654476,-41.744078
-72.532314,-41.4303
-48.139043,-15.783879
-70.612133,-33.377975
-58.473853,-34.549807
-54.873446,-16.387423
-54.500718,-15.421501
-37.55037,-10.074186
-50.680679,-17.573079
-62.901746,-30.927912
-70.185205,-27.738657
-70.90394,-32.790998
-69.492274,-22.426755
-69.483251,-22.433305
55.39769,-20.99421
55.41041,-21.199
55.4352,-21.30925
45.19437,-12.79033
55.28943,-20.9648
55.64242,-20.96333
55.49378,-21.31231
35.16843,-16.025401
22.802454,-34.032121
72.434819,-7.238808
30.853323,-29.801171
32.023894,-20.639587
28.202967,-25.829429
80.498643,5.81881
46.826299,-16.321676
88.2869,22.4245
28.299975,-25.745144
55.486145,-21.118835
75.241975,12.085733
75.398811,11.876203
47.735662,-14.3671
76.601432,8.870062
28.27871,-25.775417
47.041456,-19.875062
18.491013,-33.79725
45.082534,-12.763268
31.630019,-26.174792
22.448517,-33.963828
55.692008,25.281747
28.577535,-20.208431
80.160777,13.065584
78.548118,17.775697
44.597003,-20.066044
55.746194,24.682098
80.76814,6.969366
80.487953,16.644585
19.655941,-34.152226
27.975388,-26.058582
48.527386,-18.99328
28.315564,-15.370037
26.341482,-29.061104
25.619667,-32.15448
30.785843,-29.818826
22.071388,-33.96611
27.986686,-26.094225
58.164074,23.586376
75.657499,12.929087000000001
55.577284,24.876398
47.544492,-21.287231
30.869512,-29.781891
26.533897,-33.315976
77.572474,13.067431
55.468392,-21.170946
30.745889,-30.297564
80.225524,12.91841
18.457092,-34.087814
23.046469,-34.035086
22.476061,-33.94324
18.502726,-34.059579
76.126742,11.178997
55.551192,-21.370345
28.064028,-26.059164
31.994224,-20.673803
29.904147,-29.420087
77.308169,12.961704
77.598608,12.972216
18.45835,-33.982922
55.280911,-21.152915
18.465224,-33.994356
79.93388,23.168579
49.172434,-12.525177
76.357038,10.100485
35.251381,-8.586149
72.42099,-7.398503
80.103772,6.845363
77.688685,12.975234
77.482684,12.899667
29.860366,-29.360819
32.443657,-25.931702
77.680097,12.918313
79.883349,6.890023
18.362371,-34.017349
78.662368,12.584399
30.737199,-30.274523
45.148347,-12.991186
19.035476,-34.336974
45.127947,-12.787126
18.414404,-34.191204
85.323961,27.717238
28.187792,-25.777233
55.725922,-4.283032
55.546875,4.915833
72.447222,-7.241182
75.698631,26.830989
18.460567,-34.039842
72.926668,3.531961
76.119843,10.43935
20.36985,-33.9929
77.567091,13.016951
18.417736,-33.926686
76.502574,26.017327
28.037091,-26.093597
81.850912,25.412508
88.333086,22.537068
22.548561,-33.995318
18.415956,-34.131246
47.73022,-14.306897
31.021258,-29.728931
27.959841,-26.116777
76.356827,26.018777
73.340828,27.790825
72.959706,19.173127
18.37549,-34.197995
18.674176,-33.829856
72.833527,19.110594
29.849052,-25.890036
18.456404,-34.053437
31.088442,-17.837693
17.238013,-22.719056
47.734984,-15.156311
55.840626,-4.370882
76.828025,12.032864
46.699262,24.746833
29.409094,-20.22821
79.323811,12.904713
18.470238,-33.935647
77.647734,13.06534
48.342854,-13.392222
47.816577,-13.593462
57.729024,-20.142562
31.02917,-29.639933
74.601736,26.445591
18.64806,-33.89804
73.776967,18.545889
27.83281,-26.102968
76.955832,11.016845
45.140713,-12.925689
73.30749,28.02094
57.769926,-20.173227
77.572728,13.08384
48.324065,-13.394461
18.434965,-34.046498
72.963769,4.43172
72.745513,4.193454
28.23218,-25.760747
47.536848,-18.927061
31.088662,-29.726464
76.330737,10.126569
25.964117,-24.557286
18.416206,-34.042314
47.281427,-18.198312
18.440229,-34.055179
18.865737,-33.937347
80.094568,12.911187
80.157443,12.912904
32.786374,-26.992617
18.347683,-34.055428
47.39866,-21.246852
43.645113,-23.281219
77.767463,12.86237
18.873751,-34.062542
78.699783,10.786127
18.508828,-33.856823
55.637325,-21.097753
46.820016,-16.309637
20.115561,-33.790852
55.747659,-21.36469
30.782164,-29.800966
79.952676,6.601634
72.457619,-7.406669
55.718197,-4.309545
26.266671,-29.08402
38.980614,-5.507462
78.505382,17.454239
80.27327,13.033635
26.209067,-29.082318
22.609856,-33.982569
80.254521,12.987623
18.56727,-33.992392
55.560305,-21.354447
55.720303,24.21153
27.115508,-29.183763
76.983936,8.442303
31.47927,-25.498273
46.845703,-16.283233
19.864791,-33.769692
27.478464,-21.069572
55.483523,-4.756276
75.673173,12.918342
57.442129,-20.415532
76.486227,10.102078
55.830118,-4.358525
18.609117,-33.86641
31.014056,-17.743655
18.487115,-33.996032
18.903158,-34.35416
75.824301,11.17244
36.79222,-1.266258
28.271677,-25.823928
76.662012,12.377517
22.463191,-33.947324
28.62379,-20.15063
80.096964,6.836678
72.46558,-7.347713
31.080934,-17.81155
73.979601,15.286082
27.964832,-25.683692
51.178745,25.006714
25.645375,-33.978438
28.17358,-25.909417
77.268503,28.495555
49.850685,-17.010461
45.120534,-12.796506
47.763866,-14.324697
30.753717,-30.282559
18.362547,-33.812711
18.48072,-33.984695
31.143537,-17.71574
30.050849,-23.801608
18.49138,-33.961699
28.236451,-25.83268
29.216898,-22.310868
19.373918,-33.854201
18.483234,-33.949211
30.01047,-23.847838
30.838611,-29.780278
27.505683,-21.136334
45.13831,-12.98065
20.336,-33.496
80.2,9.7
45.14743,-12.8206
55.56885,-21.33963
55.32963,-21.11012
55.30457,-20.94406
55.44699,-20.93302
55.21888,-21.10677
55.33328,-21.16607
55.31715,-20.92712
55.42158,-21.23361
55.32225,-21.04448
55.64931,-21.09184
55.53067,-20.94676
55.64425,-21.15197
55.55856,-21.22316
55.43763,-21.3202
55.55774,-21.15886
55.59676,-21.31741
55.55267,-21.16763
55.43299,-21.18553
55.42904,-21.19755
55.49762,-21.35021
55.49136,-21.18566
55.49549,-21.21166
55.4383,-21.20381
55.41817,-21.17633
55.53601,-21.18485
55.62245,-21.287960000000002
76.846367,11.342352
76.695497,11.529665
76.63826,11.564783
76.620097,11.549766
76.646005,11.572638
76.882905,11.337869
76.790959,11.335904
76.628781,11.555385
76.894407,11.33407
76.805384,11.329118
76.914796,11.319294
76.902565,11.327657
76.674515,11.547247
45.1487,-12.91917
75.168142,19.241417
75.821893,25.121458
88.46363,22.44179
68.66923,-49.13558
40.83955,-20.74312
39.263107,-4.485225
45.09865,-12.92409
37.6552,-6.8628
38.807,-10.7274
37.4095,-6.4825
37.6496,-6.8159
37.6819,-6.833
32.4462,-25.8755
18.7745,-4.9772
32.436,-25.8777
39.0485,-10.4797
38.2916,-4.7466
37.3933,-6.517
37.4012,-6.4951
37.3865,-6.4853
37.6466,-6.8052
37.6743,-6.8239
37.6638,-6.8374
37.6638,-6.7918
38.5313,-10.7507
37.2751,-6.2242
37.688,-6.8104
18.85,-5.0333
37.5355,-6.9376
30.36,-22.99
37.6351,-6.7967
37.6686,-6.8151
37.6628,-6.7699
18.9553,-5.101
37.4003,-6.5058
37.34,-6.1901
37.6356,-6.843
37.6733,-6.8056
37.6762,-6.8461
18.8916,-4.9997
37.6528,-6.8296
38.2541,-4.5661
37.379,-6.4305
37.3598,-6.1937
37.6733,-6.8363
18.914,-5.066
37.4183,-6.4929
38.2702,-4.5757
26.2667,-0.1667
37.6657,-6.8268
18.9092,-5.0579
32.5436,-25.8989
55.5643,-21.11449
48.467,-18.702
46.793,-16.338
48.813,-18.695
46.963,-16.227
48.427,-18.792
49.092,-18.048
48.578,-18.198
47.143,-16.229
49.586339,-15.035829
55.53241,-21.13317
73.473473,3.902661
80.619957,5.943718
73.151093,-0.693495
73.717056,4.45441
72.560982,23.026503
85.36554,27.723591
151.725146,-32.810797
150.721596,-32.242682
151.423968,-32.748754
150.947592,-32.353624
152.448914,-32.094107
151.42236,-33.12877
151.192351,-32.537891
151.741575,-32.791131
151.695805,-32.957323
152.103271,-32.760669
151.133985,-32.648093
151.835702,-32.810748
151.571699,-32.97276
151.568078,-33.189568
151.690988,-32.921195
151.756772,-32.786953
151.513586,-32.90845
151.651302,-33.069592
152.528607,-32.268645
151.945374,-32.11956
151.113283,-32.724049
151.48644,-32.787159
150.863577,-32.418295
151.974586,-32.119719
151.743992,-32.844714
152.072479,-32.724971
151.594687,-32.924658
152.417786,-31.998405
151.743405,-32.948249
150.91063,-32.284159
151.600176,-32.915701
151.740911,-32.213121
151.945132,-32.29394
151.287367,-32.666495
152.174326,-32.347112
151.600523,-32.984726
151.975853,-32.190354
151.111736,-32.661117
151.762142,-32.726192
152.142979,-32.627445
151.096379,-32.402694
151.803369,-32.665717
152.485169,-32.15845
151.407328,-32.966352
151.556994,-32.941063
151.766113,-32.912697
151.457606,-32.824236
152.093417,-32.784952
151.750633,-32.633173
152.32343,-32.159457
150.934535,-32.31197
150.643778,-32.292662
152.457333,-32.022524
151.327573,-32.165544
152.315826,-32.615625
151.070318,-32.48972
151.793456,-32.687119
152.530087,-31.979962
151.123133,-32.399882
151.473479,-32.805711
151.752262,-32.592599
152.118011,-32.78152
151.804385,-32.808545
151.556417,-32.863141
151.83182300000001,-32.840733
152.161304,-32.719577
150.860573,-32.363538
151.114756,-32.496879
151.767079,-32.836511
151.530155,-32.983623
151.71754,-32.71072
151.69385,-32.96674
151.373253,-32.814121
151.684998,-32.997431
151.068544,-32.41379
152.422456,-32.08948
151.34444,-32.867479
152.501273,-32.412879
152.066372,-32.7162
151.003358,-32.604825
150.996322,-32.424932
151.508052,-32.813886
151.593455,-32.945886
150.958568,-32.370127
151.96375,-32.1455
151.536389,-33.074444
151.860012,-32.745966
151.165639,-32.557977
151.940746,-32.221872
152.11972,-32.719671
152.083779,-32.683404
152.152392,-32.759207
151.952718,-32.562518
151.556706,-32.887025
151.587762,-33.023792
151.695074,-33.006922
152.085134,-32.77236
152.012479,-32.738691
152.543623,-32.228906
151.958073,-32.168044
151.618095,-32.548974
150.67639,-32.29113
152.107758,-32.621509
151.702023,-32.895768
151.618735,-33.192247
151.559735,-33.023179
151.576672,-32.897887
152.077457,-32.779424
151.743361,-32.61957
152.54549600000001,-32.074745
151.05683,-32.473501
151.111265,-32.381824
151.820081,-32.863853
151.097623,-32.492797
151.510584,-32.825363
152.478605,-31.942302
151.766918,-32.76048
151.95477,-32.262105
152.534915,-32.072001
152.117371,-32.738218
150.80421,-32.247054
151.5196,-32.883114
151.663374,-32.979529
150.647855,-32.128706
151.929818,-32.494122
151.640127,-33.117012
151.61354,-32.881576
151.657234,-32.954997
152.544877,-32.242343
151.577692,-33.015404
151.546928,-33.163119
151.701382,-32.883949
151.573365,-32.77032
151.511869,-33.143765
152.162228,-32.734918
151.611319,-33.081599
151.890137,-32.816689
151.589235,-33.199681
151.816824,-32.787154
152.184787,-32.71883
151.79422,-32.800468
151.536474,-32.887913
151.013705,-32.554715
151.967956,-32.447659
151.945458,-32.164819
152.141129,-32.651879
151.805122,-31.399646
151.516697,-33.175389
151.642252,-32.961262
151.175111,-31.617732
150.817916,-32.342676
151.77558,-32.754189
150.886626,-32.328301
151.954262,-32.24442
152.157815,-32.750223
151.700624,-32.993451
151.347797,-32.77744
151.539308,-33.176084
151.651463,-33.017926
151.955421,-32.305401
151.093519,-32.382509
151.310605,-32.190615
151.603084,-32.813329
151.123937,-32.236758
151.610938,-32.911311
150.941464,-32.408765
151.719534,-31.726899
151.63743,-32.881292
151.584011,-32.952651
152.063797,-32.671973
152.171642,-32.668411
151.017193,-32.628725
150.845184,-32.21263
151.147212,-32.780517
151.083142,-32.715721
151.918092,-32.8016
150.714327,-32.273426
151.611401,-33.159746
151.569652,-32.926227
152.508437,-32.070096
151.54364,-32.864252
151.71087,-33.00885
151.113984,-32.39253
151.556411,-33.193497
150.851959,-32.393169
151.317665,-32.174462
151.891036,-31.872245
152.322513,-32.211776
150.86762,-32.050634
151.830474,-31.390858
150.667182,-32.155479
152.204258,-32.74259
151.490564,-33.07316
151.899446,-32.786388
152.450866,-31.952579
152.342554,-32.374887
152.070022,-32.738986
151.541581,-32.902403
151.108099,-32.702067
151.519787,-33.151074
152.376617,-31.979301
151.051059,-32.795613
152.451117,-31.831742
151.47397,-33.103623
151.586989,-32.843311
152.532116,-32.205508
151.484187,-32.712217
152.464738,-32.04852
151.528097,-32.899278
151.65837,-32.94168
150.591763,-32.265074
150.880608,-32.45229
151.170667,-31.629395
151.64704,-32.927942
151.954917,-32.158402
151.794973,-32.5858
151.011077,-32.340077
151.601851,-32.959964
151.589511,-32.697087
151.703302,-32.815575
152.439303,-32.114014
151.623078,-33.16218
151.505923,-32.797358
151.621279,-32.933974
151.76892,-32.61854
150.960923,-32.137746
151.931581,-32.280502
152.527997,-32.181135
152.526319,-32.032918
151.556469,-32.905323
152.560634,-32.232675
150.976355,-32.319016
150.70233,-32.310937
151.400356,-32.707034
151.858926,-32.67035
150.938623,-32.347093
152.192552,-32.742307
152.167802,-32.681744
150.68064,-32.270141
151.963209,-32.035235
151.484761,-33.099245
151.683327,-32.828541
151.079698,-32.703068
151.750463,-32.72112
152.054995,-32.764902
151.608958,-33.037559
151.875809,-32.766952
150.805718,-32.512024
150.827231,-32.387824
151.502225,-33.033767
151.210571,-32.791117
151.713837,-32.44789
152.519526,-32.199538
151.150447,-32.945927
151.399031,-33.06322
151.418026,-32.786605
151.694238,-32.833364
152.486694,-32.169246
151.933103,-32.148898
151.294888,-32.921962
151.453811,-33.129358
151.612596,-32.8049
151.951228,-32.323615
150.768272,-32.363664
152.527012,-32.343684
151.975131,-32.166607
151.450375,-31.98941
151.636916,-32.752505
151.417807,-32.874075
152.519488,-31.982629
151.257522,-32.650449
152.306713,-32.610127
151.62522,-32.913794
151.032229,-32.356256
151.570888,-32.941525
152.08863,-32.730796
150.757908,-32.373291
152.112798,-32.768855
151.690114,-32.312496
151.275547,-32.225277
151.131913,-32.720439
152.170615,-32.75121
151.507993,-32.979752
152.1417,-32.760938
151.317514,-32.875687
151.307568,-32.733212
151.634597,-32.767765
151.617,-32.854
151.671567,-32.064086
151.646231,-32.760848
151.554549,-32.929643
151.659632,-32.588036
151.588039,-33.112373
151.736895,-32.402041
151.707016,-32.82822
152.497514,-32.141043
152.219004,-32.388921
150.973796,-32.368722
151.466919,-33.112017
151.975967,-32.784047
151.097112,-32.461976
150.79883,-32.001411
150.663607,-32.303546
151.801077,-31.798357
151.49652,-32.721483
151.978742,-32.540523
151.379417,-32.880027
151.330965,-32.783058
151.487529,-32.777308
151.624871,-33.147419
151.778019,-32.866158
151.255139,-32.879663
151.587617,-32.685935
151.49713,-33.135302
150.917968,-32.7785
151.004063,-32.398902
151.981589,-32.097976
152.122566,-32.752687
151.628677,-32.946266
151.518642,-32.804584
151.57866,-33.045799
151.569378,-33.169687
152.393183,-32.035315
151.631721,-33.123494
151.579679,-33.217406
151.623093,-32.816741
151.955751,-32.650004
152.47475,-32.400727
151.621745,-32.86226
151.59461,-32.807823
152.54197,-32.220005
150.959571,-32.355298
151.781004,-32.884404
151.414462,-32.534671
151.549557,-33.119487
152.441965,-31.937203
151.668176,-33.012857
151.554275,-32.739193
151.969236,-32.329158
152.130221,-32.733798
151.586421,-32.090226
151.753501,-32.807171
151.974673,-32.656817
150.661425,-32.291855
151.646182,-32.908419
151.945112,-32.277513
151.68845,-32.948227
151.478377,-33.119483
151.579396,-33.161239
151.620785,-32.922025
151.816735,-32.852107
152.018146,-31.948166
152.578697,-31.963184
150.602162,-32.171458
152.072343,-32.757738
151.522858,-33.191696
151.530368,-33.040071
151.044442,-32.373301
151.625149,-32.799314
152.434829,-31.979573
150.689664,-32.287658
150.868157,-32.392839
151.66419,-32.925421
152.54003,-32.002553
150.817734,-31.889916
151.857833,-32.531311
152.008491,-32.62273
151.085213,-32.468573
151.499189,-33.104285
151.633601,-33.102674
151.546571,-33.031293
151.331923,-32.825457
151.011896,-32.592792
152.517751,-32.31371
151.696136,-32.934778
151.71697,-33.00009
151.803151,-32.856748
152.082075,-32.762771
152.260205,-32.594256
151.591789,-32.818161
151.866595,-32.757995
151.680053,-32.973393
151.457989,-33.071233
151.258694,-32.777537
151.162342,-31.623863
151.581553,-33.185673
151.533247,-33.200644
151.359776,-32.576376
152.008346,-32.170767
151.628902,-33.132482
151.853642,-32.754116
152.104547,-32.739931
151.97645,-32.154977
151.594018,-32.899397
151.88005,-32.73936
151.386575,-32.78325
151.750543,-32.521822
151.156542,-32.498761
151.702139,-32.847679
151.561062,-33.033258
151.924028,-32.791869
151.628064,-32.88662
151.700864,-32.976699000000004
152.143079,-32.728474
151.996655,-32.778843
152.126548,-32.524724
152.152102,-32.649563
150.944766,-32.219946
151.95976,-32.13093
151.554756,-32.841764
152.033688,-32.660893
151.49206,-32.953947
151.534245,-33.187732
151.658303,-32.915945
151.794428,-32.869468
151.952686,-32.314137
151.59652,-33.183502
150.81518,-32.432288
151.092644,-32.351565
151.906449,-31.832643
151.61459,-33.17823
151.966723,-32.1853
151.560043,-32.974916
151.469453,-33.069552
150.861189,-32.305282
151.198417,-31.611749
151.682544,-32.848517
152.513863,-32.371431
150.828632,-32.439656
151.596585,-32.826254
151.019945,-32.347963
151.719167,-32.950556
151.683205,-32.964608
151.852639,-32.825371
151.875331,-32.720043
150.93751,-32.378343
150.717479,-32.624949
151.480202,-32.815056
151.633051,-32.938039
151.867646,-32.737112
151.453443,-31.443295
150.846466,-32.359748
151.204399,-32.552605
150.819656,-32.233722
151.47124,-32.007704
151.997805,-32.625893
151.966834,-32.109334
151.29515,-32.65036
152.360529,-32.009894
151.600318,-32.906683
151.048664,-32.65887
151.663378,-33.004498
151.304992,-32.182381
151.04515,-32.394337
151.310757,-31.460836
151.250406,-32.757972
151.817094,-32.680657
152.510638,-32.054768
152.181454,-32.733241
151.646981,-33.0019
151.564469,-31.38635
151.638822,-32.798219
151.56478,-33.14087
151.73444,-32.871019
151.549909,-32.780561
150.670219,-32.317473
151.721016,-32.824704
150.792364,-31.983874
152.107316,-32.783248
151.548029,-33.0183
151.703661,-33.015981
151.63619,-33.071858
151.771412,-32.814374
151.941331,-32.318643
152.15059,-31.642792
151.961708,-32.292454
151.044355,-32.634824
151.713978,-32.883721
151.748465,-32.320706
152.450264,-32.234121
151.523144,-33.140584
152.324761,-32.505441
152.224964,-31.705192
151.66936,-32.93528
152.23984,-31.858075
151.788931,-32.844921
150.345318,-32.332246
151.694643,-32.912414
151.792364,-32.882998
151.770687,-32.855553
151.7287,-33.002758
150.826719,-32.026222
151.81735,-31.838824
151.683286,-32.909083
152.555816,-32.020239
151.74965,-32.581678
151.7875,-32.861161
152.454755,-32.225922
151.767217,-32.928503
151.717287,-32.858598
151.78247,-32.91962
151.587,-33.001
151.355891,-32.679101
151.4106,-33.040517
151.764159,-32.890492
151.745771,-32.871234
151.50765,-32.850511
152.483148,-32.394558
152.504824,-32.377056
151.6008,-33.2013
151.670411,-32.990778
151.61,-33.05
151.712558,-32.908782
151.671853,-32.953583
151.57344,-33.006087
151.623916,-32.960681
151.236099,-32.8619
-13.72,29.059999
-16.58,28.33
-13.41,29.23
-17.290001,28.139999
-17.889999,27.77
-17.190001,28.139999
-13.82,28.969999
-15.66,28.16
-17.290001,28.049999
-13.61,29.15
-14.13,28.34
-15.76,27.889999
-13.72,28.969999
-14.23,28.34
-16.826601,32.739151
-25.759035,37.836601
-31.105631,39.697885
-17.084819,32.714347
-17.032205,32.679662
-17.804259,28.797568
-17.769688,28.69436
-16.27972,28.530307
-16.315906,28.487398
-16.275751,28.494102
-16.896419,32.661881
-25.685977,37.74839
-17.896678,28.641815
-16.761809,32.711997
-17.088489,32.696258
-16.268665,28.518047
-25.670897,37.749136
-28.319392,38.495987
-25.793535,37.838712
-17.95759,28.710975
-16.880714,32.748145
-16.313246,28.524111
-28.121917,38.409902
-27.212249,38.732495
-27.318631,38.708272
-28.424207,38.474223
-28.478016,38.553308
-28.361437,38.430471
-28.464829,38.471217
-28.462755,38.501269
-28.274761,38.479514
-28.207811,38.44871
-28.247666,38.422023
-28.527094,38.524373
-27.202854,38.752015
-27.228644,38.641104
-28.055749,38.412887
-28.434532,38.421398
-28.327681,38.482693
-27.241392,38.702365
-28.137628,38.429397
-28.375727,38.551275
-28.497636,38.488402
-28.429154,38.514012
-28.443695,38.45297
-28.536622,38.495034
-27.151844,38.717319
-27.157226,38.670028
-27.276638,38.769915
-27.282272,38.74143
-27.246598,38.797376
-28.402791,38.548582
-28.409285,38.556715
-28.351158,38.461671
-28.45964,38.530451
-28.4904,38.516168
-28.30171,38.495916
-27.356348,38.770718
-27.046583,38.705395
-27.176623,38.700734
-27.187845,38.68191
-27.098152,38.729933
-27.275965,38.729851
-27.291575,38.762715
-28.496806,38.535821
-28.231398,38.398304
-27.192757,38.714328
-27.344453,38.699296
-23.475382,14.978942
-17.291785,28.16188
-28.356328,38.518609
-28.278791,38.442207
-27.276353,38.678804
-27.341341,38.712008
-27.333398,38.749776
-27.078722,38.651101
-31.233947,39.44675
-16.843945,32.696214
-16.847222,32.739763
-16.878911,32.738248
-16.25211,28.46368
-17.987085,28.772964
-16.808927,32.72688
-16.966022,32.826163
-16.919627,32.780682
-17.173317,32.840988
-17.183179,28.179716
-25.313653,37.770328
-22.920247,16.612294
-16.328754,28.500656
-31.258182,39.456324
-17.975164,28.762266
-25.693428,37.844692
-31.167616,39.400402
-16.948806,32.770806
-28.346131,38.540394
-17.230682,28.117411
-17.81,28.78
-13.662657,29.110346
-17.755344,28.717539
-17.907461,28.80836
-25.758152,37.847837
-25.741615,37.8257
-15.809134,13.43941
-17.050669,32.780063
-15.417751,27.958764
-17.813985,28.673
-17.230591,32.823964
-16.849977,28.316855
-16.221788,28.56627
-28.526653,38.534302
-17.167082,32.806259
-17.211223,28.130668
-16.8098,28.3176
-25.215281,37.759784
-16.819667,28.331851
-17.824802,28.663479
-17.92,28.76
-17.82,28.76
-16.89,28.33
-17.19,28.05
-16.58,28.24
-13.93,28.61
-15.46,27.89
-16.68,28.33
-16.68,28.24
-13.82,29.06
-27.190933,38.794421
-27.355202,38.781529
-27.296436,38.660899
-17.1,14.75
-23.666666,15.083333
-15.487,14.102167
-15.97,12.83
-17.233334,14.833333
-16.549999,14.966666
-16.833334,14.166667
-17.441334,14.689
-17.266666,14.716666
-16.64,12.45
-16.366667,13.683333
-16.233334,12.8
-17.418667,14.69
-15.5,13.366667
-15.674666,12.568666
-15.187333,14.018666
-16.416666,13.75
-16.542999,12.4765
-16.335667,12.886666
-16.6,13.033334
-15.441667,14.1025
-17.106167,14.773666
-17.121,14.773833
-16.4,13.716666
-16.25,12.66
-15.6595,12.539667
-27.26191,38.70208
-25.34541,37.75796
-25.33994,37.74887
-25.32292,37.74863
-25.32829,37.76223
-25.32808,37.77124
-27.14669,38.73383
-31.1858,39.44249
-31.21922,39.41876
-17.83,28.8
-16.538221,28.407463
-16.138153,28.577957
-17.115446,32.801003
-16.552792,28.414503
-16.836205,28.21139
-16.839659,28.226744
-95.370278,29.781783
-100.303659,25.744858
-82.731742,27.704326
-95.585675,29.75291
-96.942611,33.223993
-80.610146,28.020086
-79.81201,19.780744
-90.052339,29.965878
-95.341408,29.716037
-84.373693,33.90538
-80.399519,26.138511
-80.188303,26.266892
-103.43525699999999,25.533147
-101.248375,21.014653
-97.293047,30.070293
-94.567849,31.527626
-97.18377,32.678087
-97.702697,30.416156
-82.561777,29.41291
-80.265472,26.004553
-89.569817,20.992353
-97.286726,32.060656
-80.347103,26.058793
-98.659153,29.577154
-95.559404,30.186193
-96.357359,33.119558
-97.167642,26.099117
-102.565941,22.771996
-86.500307,30.407098
-85.19635,35.144578
-80.436802,27.287201
-97.73661,30.299189
-97.508263,32.736314
-96.706853,19.351788
-101.008678,25.415711
-96.771394,32.801522
-81.103051,24.711028
-90.932112,30.503122
-98.306717,19.057189
-96.639782,33.197247
-80.194959,26.056141
-96.641545,33.093716
-96.762314,33.234619
-100.205262,25.633081
-80.367479,26.090941
-98.366247,26.179878
-81.956207,26.550945
-79.975241,32.639057
-82.169662,26.481208
-80.350703,25.710905
-98.474681,29.428172
-91.119421,30.418044
-81.821126,30.510106
-80.379683,25.754911
-89.221809,13.684585
-95.062735,18.4926
-82.14401,26.975141
-95.569443,29.772223
-76.288747,36.885919
-86.275712,30.368697
-95.444138,29.725422
-80.213677,26.028239
-97.743925,30.523346
-90.319512,-0.708575
-82.686291,27.719181
-80.896332,34.161748
-81.043395,29.22413
-90.094906,30.25824
-81.398396,30.176606
-96.6459,32.871714
-82.701533,27.844059
-97.152429,32.716769
-84.866128,34.632453
-96.854878,33.013944
-80.351258,25.629787
-82.868209,24.627853000000002
-90.064378,30.410595
-80.301038,27.479098
-98.243754,19.036451
-80.276877,26.12919
-81.798732,24.557429
-96.464447,32.939288
-84.026169,34.006209
-97.792873,27.133226
-82.451436,27.073056
-82.476398,28.90886
-97.348297,27.685137
-97.399822,32.820973
-97.704961,30.278153
-98.426017,30.103793
-88.811764,33.464698
-99.434702,27.573657
-88.543131,30.354741
-95.116857,29.598923
-81.76052,28.037265
-82.017211,26.452158
-80.278634,25.715251
-78.503587,38.036771
-91.123954,30.532727
-82.772672,27.92376
-82.722687,28.152833
-81.641888,29.634559
-96.884572,32.913331
-95.627779,29.726643
-81.102569,32.047814
-80.178935,26.252452
-82.633117,27.944629
-80.07923,26.301561
-96.633273,33.021222
-81.358528,28.585089
-98.509528,29.508419
-80.049469,26.677805
-95.575094000000007,29.624289
-99.107687,19.455353
-77.922614,34.235397
-98.29221,29.366598
-95.383676,29.911206
-94.17878,36.073648
-97.581636,31.776864
-97.222673,27.62063
-87.006218,14.007315
-97.27534,32.74659
-77.34304,25.078276
-91.156962,30.512768
-94.144969,18.127062
-98.491943,29.424999
-95.765534,29.806641
-86.15859,34.205736
-90.025115,29.879097
-90.031387,29.887222
-99.200277,19.249535
-96.806288,33.119625
-95.09493,29.507454
-81.70326,30.302894
-96.942955,32.840922
-96.796988,32.776664
-82.643088,28.313945
-97.717918,30.677763
-95.556424,30.211361
-88.542039,30.414694
-80.283881,25.36446
-97.61131,30.344671
-106.049123,31.934128
-80.332872,25.695944
-90.169687,30.327102
-81.56266,30.079838
-78.966435,33.682587
-95.288527,30.015596
-82.575316,27.997867
-97.646629,30.413477
-96.911191,33.042717
-88.795189,30.409482
-98.354814,29.595756
-80.323642,26.148643
-80.239264,26.113711
-91.112902,30.343546
-98.531608,29.474042
-91.187147,30.451468
-80.296099,27.091015
-96.703561,32.783028
-100.406212,20.613564
-90.155087,30.38393
-96.865926,32.751636
-97.81825,29.997218
-82.041306,26.904587
-82.610061,27.798231
-98.412094,30.277461
-98.398737,29.548758
-97.780793,30.214286
-80.328132,25.762806
-80.258262,26.214159
-80.212405,26.305776
-80.283584,26.022394
-90.151093,30.238735
-96.759862,32.775543
-80.38205,25.697737
-84.010871,33.988451
-95.726959,29.852939
-81.93159,26.864961
-80.673159,25.682508
-80.279838,27.110036
-90.31655,-0.747922
-95.529724,29.810833
-82.269471,29.654797
-96.702309,32.841438
-81.38063,24.705622
-81.680692,30.428595
-87.463585,20.136763
-96.685747,32.856995
-98.68093,29.513225
-97.283009,32.91
-82.528253,27.287942
-97.805887,30.46086
-80.101158,26.25557
-97.051288,18.839588
-80.711907,32.189332
-82.347434,29.656795
-80.390594,26.116593
-97.256407,32.767831
-90.137459,30.299121
-81.373893,31.142557
-80.389181,25.730893
-86.4926,30.514347
-91.08066,30.468246
-84.389337,33.774662
-92.633406,16.705788
-80.175912,26.659447
-80.204803,25.747662
-98.38129,29.459612
-95.491745,30.158295
-81.457808,30.511641
-96.774736,33.085602
-81.168564,19.315739
-93.209975,30.655647
-97.087495,33.075708
-97.775833,30.301267
-81.272452,24.661779
-97.969138,29.938779
-80.30096,25.296932
-97.042206,33.079467
-97.953668,30.288528
-99.73264,19.295267
-80.127944,26.916855
-85.294125,35.112295
-95.436785,29.80355
-98.787145,29.570371
-80.217903,26.195127
-84.053478,9.958819
-81.8068,26.4381
-80.096794,26.189934
-97.476773,35.348822
-99.675781,18.845422
-81.785599,28.854945
-80.172971,26.28453
-95.528358,30.011327
-94.645467,31.626249
-92.648147,16.73405
-85.612987,30.243955
-81.036914,29.24821
-97.82448,30.106933
-95.05128,29.473415
-80.326915,25.913098
-80.369522,25.176148
-97.23831,32.587372
-81.875177,36.866648
-82.773522,27.96082
-79.134903,33.776859
-81.946617,28.030744
-92.493897,34.752898
-80.862132,25.758197
-90.087794,30.417858
-82.385262,27.097748
-96.556249,28.548968
-80.121405,26.905638
-90.050735,30.323718
-81.492054,28.524609
-97.205179,32.580184
-97.572659,25.986928
-103.944322,23.75583
-95.379406,29.868013
-86.56005,33.707228
-82.13243,26.979028
-82.745835,27.906618
-98.71966,29.514397
-80.122677,26.229762
-80.424246,25.60198
-100.81807,20.572995
-80.460803,27.630392
-96.683862,32.913898
-96.843149,32.909257
-78.532198,38.549914
-82.307034,26.921876
-81.199169,28.599272
-80.555222,26.416975
-84.639175,10.436898
-80.322796,26.132411
-90.159252,32.232531
-80.174755,25.786055
-96.708392,33.191943
-98.211216,26.231593
-81.477122,28.596317
-81.013594,29.177642
-82.364397,27.724902
-95.722681,29.604694
-80.568468,24.965202
-100.361282,25.664901
-97.918493,30.501714
-80.395295,25.142435
-80.060919,26.859917
-90.028761,30.214081
-84.043485,9.917351
-96.312551,29.5919
-80.246884,26.03683
-94.653417,31.614936
-82.300882,28.126932
-82.578492,27.313455
-94.677933,31.330021
-81.354405,24.670348
-80.155833,26.115561
-103.390839,20.729885
-84.299362,33.929608
-81.096833,32.081214
-84.283394,33.813761
-90.96985,-0.956922
-86.911446,35.756701
-81.639218,30.260553
-82.728724,27.878009
-98.378349,19.035633
-90.087078,30.364623
-98.192703,26.189976
-100.273499,25.619244
-82.820063,27.962595
-80.34475,25.636755
-87.08126,20.627267
-76.262472,36.763408
-82.41949,28.037216
-84.27115,33.840753
-95.668736,29.607155
-82.112665,26.444621
-87.44165,30.303721
-81.331864,29.895745
-97.759137,30.457737
-80.303545,26.060464
-103.71167,19.261702
-97.047408,28.053367
-97.852501,30.215327
-98.080063,30.20396
-100.028672,16.929042
-82.652485,28.273605
-95.598075,29.541837
-80.104614,26.8696
-81.3865,28.738118
-90.104508,30.275211
-76.344362,37.021761
-80.338942,25.573826
-97.057398,27.829888
-89.997486,29.234977
-87.01845,20.381121
-81.46768,31.192453
-80.837805,24.80768
-98.150996,26.06811
-80.334507,25.613719
-82.361022,26.966328
-84.147697,10.014053
-79.880675,19.68545
-87.538226,17.205673
-86.046052,31.112954
-97.759569,30.445321
-80.330855,27.290038
-80.050561,26.762955
-82.75322,28.166145
-97.199797,31.550147
-95.464172,30.049727
-90.573979,32.923149
-97.010318,32.475335
-76.221783,36.748384
-80.838312,25.911736
-84.853007,30.289124
-81.938255,26.718597
-79.930978,32.769908
-81.405883,28.429889
-82.423858,8.521651
-97.867143,30.172183
-98.595616,29.69411
-99.053619,19.309024
-81.454178,31.356578
-78.908788,35.988718
-100.987973,25.463941
-96.694578,32.958226
-81.413105,30.475328
-96.727754,33.162949
-80.610272,28.070631
-89.289149,13.676025
-81.760914,28.07825
-82.557067,27.385237
-82.457198,27.38586
-82.660019,28.314281
-96.728032,33.035321
-86.829151,33.425204
-95.814358,29.387447
-97.726849,30.220799
-100.262445,25.595847
-98.228717,26.293586
-96.788246,32.792046
-87.332634,20.364929
-81.296504,24.691035
-99.633641,21.84986
-95.487422,29.74086
-82.25061,28.234467
-92.333559,34.763094
-97.598736,30.465411
-98.682747,29.68952
-97.735961,30.28877
-97.626221,26.176463
-96.878096,33.124976
-91.879891,30.091361
-100.159121,25.416615
-77.840897,34.419145
-95.641136,29.879784
-97.086263,33.139662
-80.723914,28.349947
-88.809845,19.897132
-81.383711,28.478898
-81.473031,34.211174
-82.791076,27.90333
-96.721866,17.002194
-83.031753,29.124458
-76.063417,36.903338
-95.590628,29.851318
-81.557425,28.365316
-83.92105,17.411829
-80.367204,25.657586
-80.189247,26.640562
-96.790135,32.953054
-98.185977,19.187092
-87.694053,30.41138
-95.168857,29.644636
-80.854408,24.801708
-95.554545,30.011702
-96.77908,32.853271
-81.763914,28.375749
-93.756158,16.084962
-97.545856,32.895126
-79.294997,33.340172
-82.798317,27.961596
-99.027182,28.909392
-86.970244,20.474267
-80.25183,27.216609
-80.134272,26.183337
-97.649829,30.304328
-82.624664,27.783157
-80.565247,28.090088
-80.278728,25.681237
-81.582966,30.627043
-82.60355,27.821254
-81.053839,29.32207
-76.892107,20.015555
-95.423537,29.689446
-80.087776,26.70163
-87.061856,33.754978
-80.444481,25.597858
-87.039992,20.662373
-85.70787,11.020207
-76.075135,36.828455
-86.040302,12.246333
-81.700632,26.378068
-94.390867,33.50627
-80.2094,26.01125
-97.69846,30.312823
-81.609313,28.704458
-92.650325,34.493736
-84.986566,32.520407
-97.119818,32.77947
-105.443183,20.489118
-81.357677,28.772259
-92.064933,30.17823
-97.651189,33.691517
-97.163681,32.677338
-81.351991,27.183259
-81.620121,28.474331
-95.054475,29.510767
-82.352941,29.691368
-97.271002,32.879643
-94.984761,29.733172
-80.267692,26.23931
-80.309732,25.622651
-84.596054,33.399952
-80.244239,26.056344
-80.157469,25.67615
-81.452684,31.220724
-81.20648,29.59202
-94.002514,30.918035
-96.601658,33.21698
-80.911003,24.776712
-92.703494,15.00856
-79.658645,38.314256
-83.990453,33.392661
-97.15178,33.13628
-81.279695,28.787367
-80.684514,32.307511
-97.32927,32.39863
-80.371986,25.979706
-83.925041,33.389301
-82.713372,27.781725
-80.25757,27.198897
-97.153972,33.020809
-82.332337,29.657633
-95.116519,29.586234
-96.343282,30.742841
-80.34925,25.603542
-91.154739,30.397631
-81.258541,28.98625
-79.002741,33.579463
-81.647538,26.579657
-90.328238,-0.756038
-82.315513,29.655078
-96.777314,32.839304
-97.888841,30.392519
-84.234177,33.792329
-81.438984,30.658328
-81.811117,24.546716
-98.221947,29.626213
-88.149609,21.145466
-97.150691,32.676273
-97.535427,30.179511
-97.09613,33.146833
-86.884736,20.8392
-86.996926,14.246944
-98.366213,29.544267
-87.806763,30.685963
-95.444307,29.837542
-99.005151,21.982723
-82.524075,28.422341
-99.093337,26.48146
-80.924556,29.037467
-87.227907,33.848703
-80.141219,26.012408
-98.73503,29.854528
-80.713897,28.22632
-86.168755,12.021845
-90.936553,30.542463
-81.780228,26.460338
-80.196717,25.780178
-82.690435,27.910083
-94.416344,18.147015
-91.013322,30.40722
-81.56028,26.355686
-80.700456,24.874663
-80.611655,28.331055
-80.165001,26.177118
-95.570917,29.97354
-95.129469,29.70722
-78.813828,35.972332
-90.95828,30.561969
-84.356441,33.885102
-97.801498,30.265437
-81.601742,28.161471
-97.087537,32.708854
-98.363864,30.476953
-90.109725,29.91808
-95.636522,32.522317
-80.349065,25.739751
-81.512528,28.529036
-86.228078,12.098288
-88.537079,17.734754
-80.484558,25.04861
-92.24175,34.758085
-80.093131,32.604899
-80.324714,25.667747
-80.284408,26.190044
-80.135809,26.815425
-80.228967,25.734413
-95.679982,29.837738
-86.806583,33.516586
-81.101158,28.647389
-96.716362,33.185092
-81.801994,26.313935
-80.355935,25.191697
-82.402856,27.792504
-97.408153,32.334359
-88.771252,30.361578
-98.490806,29.408865
-96.626045,33.279358
-80.759103,25.728793
-82.015267,26.855405
-97.369526,32.561231
-89.019668,30.393047
-82.401644,29.749157
-85.405228,9.863272
-81.41326,28.639916
-94.076722,33.48042
-98.379905,26.185641
-89.689765,20.982491
-80.047347,32.830569
-82.442048,27.517189
-97.864228,30.547289
-97.349115,32.904345
-97.340024,27.717352
-88.231308,30.640737
-97.056759,33.196542
-82.35091,29.642545
-98.296537,19.053091
-88.199422,20.692984
-97.758536,30.417972
-81.764978,26.471862
-81.777205,26.99761
-97.622928,30.278018
-84.931084,35.101828
-98.722766,29.797732
-81.11982,29.309107
-82.476396,29.40866
-96.709717,32.88188
-80.069961,26.366253
-97.629196,30.429289
-80.228408,26.179625
-88.299165,18.491298
-80.292473,25.725998
-98.493294,29.375021
-95.077335,29.564628
-83.005265,22.79598
-88.412761,30.400756
-95.672252,29.634059
-88.393603,30.352605
-84.124725,10.416789
-80.14183,25.775287
-95.660899,29.911474
-92.07577,32.401364
-97.674781,30.491466
-95.137092,29.579313
-101.347025,20.673613
-80.279046,26.157172
-81.5875,28.389915
-80.112647,26.78852
-96.752845,32.98588
-80.196012,25.758501
-96.671504,32.957399
-80.947503,29.108787
-82.678618,28.00288
-90.96235,-0.951033
-96.728845,32.874109
-97.335,32.891944
-89.803251,33.784371
-82.362595,29.663187
-88.76009,30.391386
-100.858512,25.442623
-81.357811,24.687662
-97.199837,33.156952
-96.689444,32.948736
-80.45773,25.687135
-89.338445,31.256505
-97.85379,30.577971
-86.992123,14.001982
-97.723389,30.357508
-97.396344,32.868152
-96.872161,33.020896
-81.226528,28.444368
-97.47559,32.844233
-81.772087,26.105967
-81.049812,25.905078
-97.15048,33.196265
-81.127003,29.474971
-82.122903,26.975465
-97.19303,32.8209
-88.427719,30.443995
-91.09562,-0.79208
-90.959787,-0.971738
-97.761835,30.53577
-100.268211,25.646352
-96.773677,32.954607
-98.165043,33.212028
-90.225647,33.399033
-82.483475,27.181187
-97.350117,27.672291
-95.393128,29.721097
-88.172317,20.819425
-86.516077,30.963915
-81.560176,25.973577
-82.410341,27.426433
-80.249122,27.183175
-82.494598,27.951649
-81.299586,28.639761
-77.060881,18.392445
-81.729251,28.027023
-82.44432,27.097981
-80.400545,26.093011
-94.75519,32.501753
-80.854722,25.798611
-92.03643,30.134703
-80.449549,27.864317
-98.186101,26.284481
-80.330653,25.925997
-82.323197,27.914472
-97.098251,32.948101
-81.311452,28.644167
-97.174287,26.137465
-88.952281,30.594323
-80.429591,25.738865
-98.032316,27.490066
-80.318065,25.609054
-89.978238,29.24382
-90.109536,29.936925
-103.503537,25.564396
-80.191142,25.769908
-80.420807,26.1012
-97.056186,33.003239
-81.743889,30.269533
-98.533325,29.537372
-82.689737,27.710695
-81.239687,29.73352
-97.648299,30.454547
-88.708022,30.375733
-98.173162,26.183028
-81.783151,36.120333
-80.225842,25.759698
-101.219612,19.70829
-80.362153,27.444258
-90.145529,29.986271
-88.747559,17.245744
-77.406928,25.076992
-80.83037,25.76457
-96.777717,32.828735
-97.337595,27.704675
-88.106925,30.256455
-89.671116,20.92501
-82.409674,27.38002
-82.287073,29.608599
-80.409292,25.122885
-82.776348,27.884732
-81.722473,25.923732
-80.853978,28.696764
-97.366675,32.753387
-80.103482,26.223952
-80.350082,25.667052
-80.202095,26.710838
-82.783297,27.949722
-80.277986,25.841211
-95.251596,30.342719
-80.168099,26.667184
-95.129455,29.499758
-99.169578,19.412303
-90.063845,30.29376
-91.172224,30.40538
-87.364853,30.519772
-81.277625,28.256778
-80.787095,28.874488
-98.501634,29.433365
-81.387254,28.692443
-82.694533,27.740642
-96.989372,32.928397
-95.982877,32.941103
-81.414119,30.769878
-80.401279,25.611015
-82.302778,29.678333
-89.518622,20.231017
-96.36293,30.679628
-85.136244,35.029583
-90.066925,29.955375
-80.158944,26.486495
-80.39383,25.599972
-81.465127,28.417627
-81.627297,30.304506
-97.079375,32.801558
-87.204362,30.525395
-82.606368,27.949806
-81.392903,28.559777
-80.153133,26.099967
-97.870001,30.216161
-81.997863,28.858035
-97.109689,18.851895
-95.320137,30.292275
-81.419937,28.365463
-84.859932,29.665033
-80.530542,28.011128
-80.043244,26.825345
-84.926514,10.27678
-80.587127,24.952422
-99.231729,19.305146
-86.466533,30.85396
-86.600956,33.170312
-80.441592,27.730609
-96.781042,33.076226
-87.327042,30.44328
-102.723549,20.836462
-86.697528,34.781507
-97.832018,30.162206
-80.929437,29.089675
-81.231033,32.189912
-97.496381,25.914095
-80.165886,26.941062
-81.822105,26.7505
-81.26227,28.896022
-101.220583,19.688013
-97.375543,27.647535
-80.250283,26.18873
-95.636292,29.567697
-96.771975,32.820978
-95.502976,30.217603
-90.175702,30.37757
-89.643713,21.021453
-100.265384,25.578329
-96.896232,33.081668
-80.520287,25.468017
-81.345715,30.0152
-103.51493,20.729922
-98.485253,29.528984
-95.97509,29.821162
-97.280344,32.885972
-80.438864,25.083603
-80.137317,26.122439
-92.388244,34.7742
-98.471921,29.463689
-96.86847,32.740478
-84.020885,34.039963
-77.679353,34.35957
-82.502902,27.283764
-97.958093,26.127102
-87.459926,15.77765
-93.082214,34.065266
-82.505873,27.306462
-96.743252,33.064494
-96.477219,32.806484
-96.67055,33.103158
-84.256142,30.428133
-98.500533,29.622075
-80.385986,26.098345
-95.601624,29.848143
-96.139112,15.767993
-96.807587,32.786628
-91.145643,30.477782
-81.493799,30.594473
-80.260597,26.764325
-81.352255,30.147736
-82.223593,26.602872
-82.432399,27.325618
-92.639883,16.740098
-80.170412,26.257255
-86.832273,21.159963
-96.715153,32.826399
-84.438959,33.996284
-95.284342,29.711124
-95.264378,30.212045
-81.694463,26.633248
-89.609262,-0.895487
-91.0439,30.497378
-97.126843,33.055325
-82.63565,27.766522
-95.470829,29.730827
-82.605487,27.722136
-100.052675,25.871298
-88.991502,13.74875
-92.834804,29.737507
-95.57669,30.033804
-97.358736,26.229889
-96.296824,33.087948
-81.890696,26.494505
-96.659498,32.839663
-80.495468,32.401703
-84.286314,33.777128
-97.144425,33.212667
-75.614028,35.942375
-80.150676,25.717342
-81.785478,24.548383
-98.269114,29.581387
-80.052059,32.622046
-82.097558,26.439553
-95.439811,30.047496
-81.742783,25.949004
-98.33092,26.181127
-80.085297,26.823775
-82.547662,27.360398
-96.669576,33.273422
-97.295256,32.901242
-91.153786,30.42217
-82.269363,27.95475
-100.046568,21.932478
-95.056228,29.573765
-82.047662,29.177832
-89.595914,20.310421
-96.318738,32.98144
-82.273421,29.694896
-98.520999,33.899308
-97.517555,31.63302
-76.237309,36.917931
-98.489605,29.665541
-87.828876,30.577533
-82.754372,27.80695
-99.390803,18.907996
-95.346392,30.176141
-97.756031,30.379612
-76.104418,36.625455
-87.28932,30.512673
-97.175988,27.874534
-80.362365,25.756184
-85.649413,33.5577
-95.684722,29.880837
-96.73797,33.19714
-80.121777,26.022397
-87.1923,30.441755
-80.27385,26.014606
-95.223213,30.044853
-87.1679,30.618548
-97.347155,26.228822
-81.349104,29.093533
-97.39766,32.992579
-86.954738,14.190742
-88.367142,16.517556
-86.58241,34.746056
-85.740536,30.329516
-105.423209,28.299325
-93.750179,32.52513
-81.303724,29.943755
-81.269622,29.865058
-96.558081,33.217525
-80.165114,25.848558
-80.128205,26.584705
-89.357392,13.711532
-81.383331,19.315804
-80.545923,25.556279
-97.47583,32.67152
-79.989415,32.784059
-80.397352,25.574597
-90.055519,30.399004
-97.386728,32.703042
-90.117423,30.265645
-80.307312,25.742963
-99.155683,19.42444
-80.363,25.2851
-82.65638,27.883125
-76.178063,36.786979
-82.04863,26.44528
-95.601074,29.748981
-86.097717,11.980616
-84.274056,33.70129
-81.314739,29.883278
-80.11446,26.887939
-81.784875,26.17528
-99.179137,19.377476
-81.194557,28.534143
-98.620042,29.583658
-88.567963,17.052664
-82.108106,29.148793
-82.523581,28.202777
-81.441156,27.495425
-84.651098,34.01636
-80.211028,27.121025
-96.726182,33.075172
-97.733523,30.502668
-95.705178,29.738699
-80.381433,26.068677
-103.398152,20.710151
-80.409355,27.627988
-95.631338,29.94275
-82.779691,27.992983
-82.797516,27.838121
-99.220669,19.652771
-82.35089,26.950815
-85.130072,32.707745
-96.79554,33.151432
-82.65471,27.824445
-96.349555,30.636691
-81.790276,26.718889
-82.396079,27.453554
-81.3834,28.668503
-82.737162,27.760772
-89.645325,30.568603
-80.241362,26.083795
-83.734034,10.937794
-89.531363,-0.887122
-96.894573,33.021448
-91.015136,-0.852153
-80.131844,25.764989
-81.038261,28.72552
-80.60633,25.383058
-86.739106,36.025556
-89.86675,30.118637
-90.303497,-0.741128
-97.417581,25.852337
-77.538405,26.09407
-106.449913,23.242163
-80.850618,35.220797
-82.708869000000007,28.045338
-80.172494,26.353767
-81.352473,28.516109
-81.332846,28.570569
-91.01513,-0.873345
-84.98683,29.726703
-80.159661,25.688587
-97.289505,32.881295
-95.395877,29.915536
-81.438908,26.336105
-97.735437,30.272745
-100.342811,29.862308
-96.90305,32.655031
-90.87931,30.451752
-98.289589,29.41303
-80.185423,25.785696
-81.219223,28.801091
-97.183553,31.524961
-82.956117,8.803575
-80.29322,25.762828
-97.616037,30.459171
-86.536617,33.855267
-76.239471,36.939926
-82.526054,28.073722
-99.111487,18.729802
-98.480889,29.4838
-80.18637,26.472149
-84.636985,34.097251
-96.094408,32.253013
-82.339683,29.647301
-82.518897,27.284417
-97.109192,33.15155
-109.21715,10.3034
-81.115196,25.865194
-80.346526,25.202589
-100.354722,21.8975
-86.9373,20.512106
-86.957617,20.496767
-86.941211,20.492264
-86.842861,20.423319
-86.983417,20.369483
-86.956283,20.47365
-86.9307,20.493967
-86.937067,20.502917
-86.915122,20.483622
-86.90435,20.3688
-86.950067,20.511767
-86.948233,20.500717
-86.865067,20.4426
3.74015,44.22964
3.66961,44.37908
4.90103,43.98498
15.58333,54.20835
14.62392,52.30187
5.48868,44.85204
8.70185,46.2019
7.0172,46.25314
7.40623,46.25393
6.8668,46.37392
8.13379,47.37625
6.87965,47.01718
7.01755,46.20816
7.18309,46.82306
6.30122,46.38315
7.08292,46.11843
8.89614,46.19956
8.95965,46.15373
7.21209,46.16375
8.26829,47.51028
7.47109,46.29891
8.95216,45.88392
8.73502,47.59594
7.08321,46.07346
7.86044,46.29813
8.83138,46.20038
6.55679,46.65531
7.02126,46.73623
6.30311,46.2932
7.27668,46.20884
6.17545,46.20188
7.53598,46.29887
9.02436,46.15284
7.40625,46.20895
8.76552,46.15618
8.19679,47.15098
7.99068,46.34255
7.07965,46.61319
6.29553,46.65299
10.33778,46.81717
7.1417,47.19806
6.87918,47.06215
7.05357,46.97472
7.66577,46.29868
7.47141,46.83864
7.48148,46.3115
6.55826,46.56536
7.03982,46.88022
8.70289,46.24687
7.2119,46.20872
-2.70208,48.13823
9.02566,46.19781
7.07663,47.06295
8.76771,46.24613
6.19316,46.33343
2.67977,49.27526
1.66502,50.27856
2.94884,49.22023
4.04023,49.92959
2.48414,49.25318
3.52061,43.61575
3.50813,43.62275
2.15261,50.26299
2.18826,49.40406
6.08544,46.17384
6.4626,43.00109
6.16388,43.14531
6.21525,42.96377
6.34018,43.00496
6.27896,43.00685
4.4568,43.67678
4.58075,43.67505
6.11177,46.15616
6.42952,46.47433
6.23524,46.42745
2.11705,50.23086
2.94645,49.70146
3.00909,49.25689
8.96342,46.28864
7.99022,46.29757
7.60087,46.29879
8.89494,46.15459
6.1744,46.24685
7.47106,46.25393
7.01789,46.16319
6.88661,46.34254
8.57606,46.38317
7.34147,46.20891
8.46652,47.46371
6.43287,46.29443
9.48398,46.32542
6.62414,46.52087
6.11068,46.20113
9.01525,45.83807
6.88615,46.38751
7.14245,47.06314
6.94707,46.83758
7.02528,46.72365
2.383,49.84138
5.15274,45.93308
5.43984,46.19328
4.37641,43.82196
4.13086,43.66277
0.83412,44.87415
0.36458,45.02934
6.35318,43.22962
0.4918,44.68566
2.81255,43.28496
3.03433,46.07766
-3.96806,47.92055
2.71613,43.1845
-0.72905,45.82539
4.90799,47.42653
7.39772,43.7454
4.65961,45.42279
4.31735,43.75155
4.07204,45.60073
3.66059,43.49412
2.96012,42.93727
7.1597,43.81516
5.22101,43.82411
2.38748,48.65704
5.95838,43.47027
4.30558,48.1346
2.45979,43.20541
1.08717,49.92183
2.77556,43.28862
5.03747,47.32285
2.40691,43.21388
2.20457,43.20126
4.30894,43.78941
4.29462,44.43436
1.96063,42.43836
0.85082,49.21565
2.55864,42.94979
6.34147,46.3465
1.38917,44.4648
6.93195,43.65594
4.68125,45.16561
1.94119,48.53581
5.129,44.35656
2.46892,43.28376
7.01025,43.67959
7.24476,43.77584
5.3986,43.53609
8.87776,41.86066
3.28983,43.3172
0.51872,44.4949
8.98941,41.67148
6.30041,43.32041
4.81524,45.05377
6.37546,43.37374
1.33972,44.34839
5.55067,43.22316
2.25236,46.08048
2.88473,43.81857
5.51872,43.27661
-4.25579,48.5087
2.41677,43.23157
5.09467,43.83142
6.06533,48.95714
2.90159,42.92933
6.53342,46.14551
4.54464,44.35703
-4.26513,47.90856
2.67475,48.88688
-4.73227,48.3706
1.99357,50.73379
5.93128,49.14609
3.79956,46.3449
4.70908,45.87617
2.37943,43.32624
3.03822,43.02147
1.72379,43.25145
2.51633,43.33261
2.20348,45.26141
4.66195,43.54676
-0.12473,47.12853
4.8941,44.96507
1.42792,46.68924
1.45228,46.83264
1.36005,46.78811
1.41244,46.88736
1.47858,46.76237
2.64516,48.81418
2.61988,48.78673
35.544029,33.205306
35.092326,31.775273
2.3708,41.518417
2.298897,41.518002
2.274929,41.517853
2.323052,41.500132
2.299091,41.499988
2.27513,41.49984
4.19989,44.40628
4.2354,44.36254
4.2113,44.31446
4.24585,44.46967
4.15451,44.29665
4.21248,44.37764
3.49927,49.51398
2.36183,48.87513
6.21774,43.0087
4.88762,43.58015
4.89207,43.71508
4.76944,43.76215
4.07619,44.08392
6.15652,43.01051
6.1001,43.10216
6.15897,43.05544
6.40139,43.00304
-1.53724,46.2364
-1.02738,45.9882
-1.32174,46.17954
-0.9722,45.94288
-1.51466,46.21101
-1.3216,46.15647
-1.37724,46.1829
3.84304,43.61894
3.8511,43.5489
3.22708,43.25816
1.25071,44.37213
1.76311,45.27309
5.07294,43.54385
3.85823,43.52581
4.60987,45.98744
0.1247,47.85593
6.68621,43.47192
5.24543,43.72113
3.44162,48.51069
1.57055,44.59192
5.23893,47.53552
3.02965,47.18345
5.51136,43.35325
9.05728,42.62991
3.1571,46.98811
5.40713,47.41112
4.83635,45.75491
2.59124,43.26878
2.28232,43.27545
-3.55803,48.77102
2.70523,43.12567
5.42044,43.29169
2.94915,43.09008
3.87012,43.76968
2.37739,42.81941
-1.17478,44.55804
8.87694,42.5909
3.02536,44.45158
3.1288,45.48069
2.4369,43.29335
6.34946,43.16234
2.09999,43.62762
5.62957,43.25113
3.09566,43.20549
2.56688,44.35869
2.41679,43.31881
3.08296,45.28455
3.96264,43.6607
4.34761,43.84463
3.13358,45.66202
-3.4613,48.74372
4.6159,47.34889
-1.18957,44.21211
2.06964,46.3618
9.51635,42.32095
2.66963,43.03004
7.02809,44.1082
1.08136,43.61444
6.84748,43.45763
-4.39644,48.43068
2.21438,43.31358
5.87088,43.08924
-1.17347,46.16242
2.60419,43.096
7.23104,43.81341
3.39722,46.93498
2.78334,43.0893
6.4984,43.56738
0.98928,43.9918
2.97731,43.11807
4.51279,43.83443
6.20086,49.35176
5.24559,46.20501
-1.46603,43.49233
6.09282,43.16348
4.95865,44.00517
4.83834,44.98688
-0.71463,45.35007
2.90637,43.05188
5.45061,47.56849
-1.49977,46.24281
-0.78447,45.89521
5.58439,43.42181
7.16112,43.84817
3.54085,47.03844
5.52013,43.68756
-0.50998,45.47101
4.50681,47.98469
7.1524,43.6722
1.50159,44.47434
0.96335,49.44467
1.95046,42.56458
4.50055,43.87464
1.56903,44.48914
2.5101,43.27136
-1.7639,46.5198
1.44054,44.45081
5.09665,47.44062
4.60601,44.33
4.24626,44.57302
5.98372,43.33696
5.64289,43.70464
5.61277,43.19255
2.02847,44.44763
2.8126,42.99769
7.06154,48.20172
4.38364,49.51376
4.79442,43.97683
1.76843,50.82882
-3.56357,48.70786
9.11917,42.52605
2.51448,43.17515
-0.69901,48.06764
2.98118,43.03959
7.00377,43.88924
4.79879,43.90018
-0.83,39.86
0.34,40.57
-0.38,39.68
-0.85,39.32
-0.43,38.32
0.07,38.85
-0.33,39.35
-0.65,38.6
-0.5,38.66
-0.48,39.13
-0.29,39.55
-0.31,39.32
-1.17,39.95
-0.33,40.65
-0.36,39.3
-0.79,38.69
0.03,38.82
-0.06,38.76
-0.38,39.31
0.03,40.48
-0.33,39.3
-0.07,40.26
-1.29,40.11
-0.68,39.61
-0.3,39.27
-0.53,38.81
0.06,38.81
-1.37,39.46
-0.42,38.5
-0.78,37.97
0.23,40.3
-0.76,38.6
-0.34,39.36
-1.18,40.11
-0.31,39.38
-0.11,40.01
-0.61,38.7
-0.46,39.14
-0.38,39.35
-0.57,40.12
-0.42,38.41
-0.57,38.69
-0.07,38.87
0.07,40.1
-0.49,38.7
-0.56,38.62
-0.04,38.85
0.03,40.39
-0.35,39.37
-0.66,38.06
-0.26,39.67
-0.66,38.15
-0.34,39.32
-0.7,38.25
-0.53,38.67
-1.37,39.5
-0.04,40.03
-0.41,38.82
0.01,38.81
-0.46,38.7
-0.34,39.31
-1.43,39.51
-0.32,39.39
0.11,40.57
-0.4,38.96
-0.36,39.31
-0.81,39.95
-0.29,39.32
0.09,38.8
0.05,38.83
-1.27,39.56
-0.35,39.35
0.01,38.85
-0.01,40.16
-0.27,39.61
-0.11,40.57
-0.11,40.48
0.23,40.48
-0.75,37.99
-0.55,39.57
0.02,40.57
0.35,40.32
-0.48,39.52
0.08,38.78
0.02,40.09
-0.51,39.14
-0.56,38.66
-0.25,39.7
-0.35,39.29
-0.58,39.07
-0.36,39.36
-0.5,39.5
-0.72,39.77
0.05,40.08
-0.96,39.94
-0.29,39.24
-0.39,39.48
0.27,40.33
-0.52,38.66
-0.01,38.58
-0.31,39.34
-0.63,39.14
-0.13,40.03
-0.42,38.59
0.13,40.2
-0.38,39.93
-1.07,39.87
-0.3,39.33
-0.43,38.14
-0.35,40.03
-0.22,40.57
0.37,40.38
-0.66,38.71
-0.82,39.27
-0.35,39.33
7.08203,46.25337
6.1723,46.33679
8.64848,47.00767
8.95714,46.0638
7.23658,46.19258
6.95236,46.25288
6.23823,46.29253
6.36799,46.29383
6.6893,46.52132
6.55899,46.52039
9.01784,45.928
6.9005,46.38219
0.35,40.3
-0.32,39.36
-0.34,39.38
-0.4,38.78
0.07,38.83
-0.16,38.85
-0.07,38.77
-1.09,39.24
-1.07,39.95
-0.49,38.61
-0.11,40.74
-0.95,39.87
0.01,38.78
-0.34,39.34
-0.35,39.28
-0.56,38.67
-0.38,39.32
-0.64,38.13
-0.88,38.6
0.02,38.79
-0.53,38.69
-0.03,38.87
-0.4,39.32
-0.23,40.39
-0.29,39.31
-0.41,39.43
0.33,40.36
0.04,40.06
0.05,38.82
-0.42,39.42
-0.09,38.86
-1.05,39.26
0.06,38.84
-1.07,39.13
0.03,40.21
-0.31,39.35
-0.33,39.33
-0.71,40.03
-0.61,39.41
-0.14,38.85
-0.55,39.55
-0.32,39.61
-0.61,39.59
0.14,38.82
-1.37,39.51
-0.38,39.34
-0.47,39.72
-0.49,38.67
-0.84,39.77
-1.5,39.52
0.03,38.85
-0.1,38.84
-0.37,38.49
0.03,40.12
-0.03,40.48
0.15,38.75
0.36,40.33
-1.3,40.14
-0.43,38.74
-0.19,40.75
-0.52,38.78
-0.07,38.83
-0.02,38.85
-0.22,40.66
-0.96,39.69
-0.4,38.81
-0.51,39.32
-0.64,39.74
-0.44,38.69
-0.61,38.68
-0.27,39.79
-0.6,39.95
-0.6,40.04
0.03,38.83
0.33,40.32
-0.03,38.74
-1.34,39.46
-0.02,40.66
-0.04,38.88
-1.5,39.57
0.07,38.82
-0.11,38.75
-0.38,39.36
-0.41,38.69
-0.38,38.47
-0.07,38.59
-0.02,40.17
-0.66,38.24
-0.38,39.52
0.2,38.8
-0.14,39.85
-1.37,39.52
0.03,38.81
-0.4,39.34
-0.32,39.37
-0.54,38.76
0.04,40.03
0.06,40.09
0.03,40.3
-1.18,39.52
0.25,40.31
0.03,40.05
0.06,38.79
-0.48,39.95
-0.19,38.75
-0.28,39.22
-0.35014,43.32004
7.00479,43.55204
3.04806,43.32189
2.90006,48.95687
3.26869,44.69799
1.03808,43.73006
0.97094,46.70718
-1.38538,43.59428
-1.36836,43.62031
6.72535,43.40959
6.70944,43.40462
41.65805,42.21486
41.58931,42.3912
42.11349,41.64457
41.593,42.373
41.666,41.57
45.091,41.364
41.57408,41.59832
5.918172,4.562194
-0.60938,44.86554
-0.91345,43.77375
-0.64244,43.42287
0.54526,44.53679
-0.48849,44.95953
-1.38873,43.48528
-1.51209,43.48021
-1.75132,43.37985
-1.23469,44.75327
-0.62682,45.13537
-1.25869,43.40037
0.27632,44.89081
-1.01852,43.49964
-0.86484,43.05491
0.41946,44.53392
-1.12903,43.31531
-0.78346,43.68826
-0.3564,44.87348
-1.10195,44.66812
-0.88293,43.32444
0.68582,44.17961
1.8048,41.273
2.6355,42.179
2.2784,41.637
1.7846,42.353
1.1777,42.345
2.2794,41.547
1.1751,42.435
2.7569,42.089
2.0369,41.725
1.0861,41.353
0.6149,41.164
1.6873,41.182
2.0449,41.185
0.9291,42.521
1.9182,41.634
2.1607,41.456
1.332,41.087
2.1524,42.087
1.4182,42.439
2.8773,42.36
2.635,42.269
1.3181,41.627
0.3659,41.429
0.7371,41.077
0.8412,41.529
3.1195,42
2.0436,41.275
2.2754,41.907
1.9137,41.904
2.7566,42.18
2.1572,41.726
2.3976,41.728
2.5178,41.728
0.4015,40.529
0.9553,41.711
1.9242,41.274
0.7523,40.627
2.2733,42.087
0.7119,41.797
0.6017,41.524
1.5621,41.45
1.9257,41.184
2.2774,41.727
1.6818,41.452
2.1548,41.907
1.4204,42.349
2.3916,42.358
2.9988,42.36
0.8382,41.619
2.1618,41.366
0.734,41.167
0.6342,40.624
2.156,41.816
2.9988,42.09
3.1194,41.91
1.6632,42.352
1.094,41.083
2.5144,42.179
2.9988,42.18
2.7573,41.999
2.6376,41.819
2.9988,41.82
0.7246,41.437
1.3228,41.447
0.8442,41.439
2.6386,41.639
2.8779,42.09
3.12,42.27
2.2804,41.457
2.0423,41.365
3.1202,42.36
2.2712,42.268
2.8775,42.27
2.6365,41.999
2.4001,41.458
0.6116,41.254
2.5185,41.638
2.2764,41.817
1.2081,41.265
2.8772,42.45
1.667,42.172
2.3934,42.178
1.4294,41.989
2.1536,41.997
2.7583,41.729
1.8065,41.183
2.9988,42
3.1199,42.18
2.3993,41.548
1.0888,41.263
2.3942,42.088
2.636,42.089
0.9525,41.801
1.0755,41.713
1.7965,41.723
0.2762,40.706
2.3984,41.638
2.9988,42.27
0.1,40.75
-0.84,39.869999
-0.87,42.48
-1.01,38.07
2.33,42.139999
-2.59,39.34
-2.83,39.34
-2.94,37.09
-2.94,39.34
-2.94,42.77
-4.19,37.810001
-4.29,42.939999
-4.51,41.860001
-4.78,43.200001
-5.1,37.610001
-5.29,36.439999
-5.33,37.700001
-5.64,40.220001
-7.08,43.560001
-8.82,43.310001
-8.94,43.310001
-2.03,38.439999
-2.14,38.529999
-2.26,38.349998
-0.42,38.509998
-0.42,38.599998
-0.43,38.150002
-0.89,38.150002
-1.93,37.09
-4.95,40.5
-6.54,38.419998
1.98,41.860001
2.11,41.23
-3.18,42.32
-3.67,42.5
-3.79,42.580002
-3.91,42.400002
-5.76,40.209999
-5.51,36.34
-5.61,36.16
-6.03,36.689999
-6.05,36.330002
0.12,40.299999
-3.29,38.709999
-3.86,38.889999
-4.21,38.709999
-4.41,37.349998
-4.42,37.98
-1.77,39.790001
-2.59,39.52
-2.71,39.52
-2.71,39.610001
2.45,42.32
-3.39,36.91
-3.96,37.27
-6.57,37.34
2.71,39.43
2.83,39.52
-5.02,42.93
-5.14,42.93
0.77,41.849998
1.02,41.759998
1.14,41.759998
-3.77,40.509998
-4,40.509998
-4.18,36.82
-2.94,35.380001
-1.34,38.52
-1.61,42.130001
-5.16,43.290001
-8.33,42.139999
-8.58,42.32
-6.11,40.57
-6.33,40.759998
-6.58,40.400002
-6.12,37.509998
-6.13,37.240002
-2.46,41.779999
0.68,41.119999
-1.18,40.23
-0.38,39.5
4.23,39.880001
1.03,41.400002
1.73,42.220001
-2.14,38.259998
-2.33,42.5
-2.37,38.080002
2.58,41.689999
-2.6,37.450001
-2.83,37.810001
-3.06,37.09
-3.86,38.439999
-3.88,40.240002
-4.64,37.349998
-4.66,43.209999
-4.71,40.32
-4.94,40.23
-5.29,36.619999
-5.42,36.98
-6.05,39.040001
-6.36,36.970001
-6.82,40.32
-6.99,42.57
-7.08,43.470001
-1.67,39.07
-2.48,38.619999
0.18,38.77
-2.72,36.73
-4.94,40.32
-5.18,40.5
-6.41,38.689999
2.34,42.049999
-3.42,42.049999
-3.9,41.860001
-5.76,40.119999
-5.98,39.849998
-6.36,40.040001
-0.25,39.849998
0.35,40.400002
-3.63,38.799999
-3.86,38.709999
-3.98,39.16
-4.21,39.07
-4.3,37.439999
-4.88,37.889999
-5.1,37.880001
-2.47,39.880001
2.94,42.32
2.94,42.41
-3.17,36.91
-3.28,36.91
-3.28,37.09
-2.45,43.040001
-6.91,37.25
0.4,42.200001
1.21,38.880001
1.44,38.880001
1.44,38.970001
2.59,39.610001
2.83,39.610001
2.94,39.709999
3.18,39.799999
3.29,39.34
0.9,41.669998
1.11,42.57
-4.63,36.810001
-4.74,36.900002
-4.95,36.529999
-5.07,36.529999
-2.4,35.200001
-1.7,37.720001
-1.97,42.490002
-5.16,43.380001
-4.27,42.040001
-6.45,40.849998
-6.46,40.580002
-6.58,40.580002
-6.8,41.040001
-6.81,40.59
1.27,41.400002
-1.06,40.32
-1.06,40.41
-4.47,40.060001
-4.86,41.490002
-5.21,41.400002
-1.02,41.669998
7.14736,46.1636
-1.07,39.959999
-1.1,38.700001
-1.19,39.959999
1.5,41.5
1.5,41.59
-1.85,42.040001
-2.08,43.029999
2.09,42.220001
-2.33,42.68
-2.48,39.34
-2.71,39.34
-3.06,43.040001
-4.63,37.169998
-4.66,43.299999
-5.03,43.110001
-5.35,41.93
-6.17,39.040001
-6.35,37.240002
-8.07,43.389999
-8.57,42.860001
-2.45,42.860001
-2.57,42.59
-2.25,38.619999
-0.54,38.330002
-0.67,37.970001
-2.5,36.82
-5.07,40.5
1.97,41.950001
2.21,42.040001
-3.79,42.669998
-5.52,40.130001
-5.64,40.130001
0.12,40.119999
0.35,40.490002
-3.98,38.98
-4.75,37.439999
-4.88,37.98
-2.36,39.880001
3.06,42.32
-3.62,37.27
-2.2,43.040001
-6.46,37.240002
-6.69,37.16
-0.75,42.57
1.33,38.880001
1.56,38.700001
2.59,39.52
3.41,39.790001
0.87,42.48
1.01,41.849998
-7.23,42.57
-7.33,43.48
-4.06,36.73
-4.18,36.73
-2.08,42.669998
-5.78,43.450001
-5.78,40.75
-4.66,43.119999
-5.77,37.419998
-5.87,37.150002
-6.13,37.150002
1.03,41.310001
-0.71,40.130001
-3.99,39.880001
-0.26,39.580002
-0.39,39.23
-4.62,41.59
-2.94,43.400002
-1.63,41.049999
-0.22,40.75
-0.71,40.040001
-0.88,42.209999
-1.45,38.52
-1.85,41.950001
2.34,41.869999
2.46,41.779999
-2.49,38.259998
-2.57,42.5
-2.6,38.439999
-3.66,41.5
-4.34,39.52
-4.41,37.259998
-4.85,41.130001
-5.62,36.52
-5.65,40.310001
-5.92,41.110001
-8.69,42.77
-8.07,43.57
-9.06,42.59
-1.93,37.360001
-3.06,36.73
1.98,41.59
-4.16,42.490002
-5.5,36.16
-6.04,36.599998
0,40.209999
0.11,40.48
-3.06,38.889999
-3.87,39.16
-4.41,37.439999
-4.53,37.709999
-1.66,39.790001
-2.83,39.610001
2.7,42.139999
-2.72,37.630001
-3.17,37.27
-3.28,37.18
-3.73,37.27
-2.08,43.119999
-7.01,37.889999
-7.02,37.349998
-7.13,37.529999
-0.4,42.110001
3.06,39.610001
3.17,39.700001
4.23,39.790001
-1.97,42.220001
-5.5,42.740002
1.24,42.48
-7.09,43.110001
-4.4,36.990002
-4.51,36.810001
-4.85,36.720001
-5.18,36.439999
-1.61,42.220001
-1.72,42.490002
-2.21,42.669998
-5.41,43.549999
-5.44,41.029999
-5.55,40.849998
-5.67,40.759998
-6.58,40.490002
-6.81,40.77
-6.13,37.060001
1.27,41.220001
-0.95,40.049999
-0.51,39.23
-0.84,39.779999
-4.73,41.400002
-5.21,41.310001
-0.9,41.669998
-1.03,41.310001
3.18,39.98
0.21,40.84
0.22,40.66
-0.35,40.490002
-0.95,39.959999
-1.51,41.049999
-2.6,38.080002
-2.94,42.950001
-3.06,40.07
-4,40.240002
-4.32,38.439999
-4.48,40.689999
-4.5,41.41
-4.75,37.169998
-5.28,36.349998
-5.29,40.130001
-5.65,40.400002
-6.11,40.48
-6.35,37.150002
-6.86,42.93
-6.87,42.48
-9.06,42.5
-5.19,40.59
-5.3,40.490002
1.86,41.59
2.22,41.77
2.22,41.950001
-3.43,42.59
-4.04,42.669998
-5.95,36.240002
-6.15,36.610001
-0.01,40.119999
-0.1,40.66
-0.49,39.860001
-3.63,38.889999
-4.65,37.98
-2.48,39.43
2.58,42.139999
2.82,42.23
-3.28,37
-3.28,37.360001
-2.2,43.130001
-2.2,43.220001
-6.47,37.150002
-6.92,37.16
1.32,39.060001
1.33,38.970001
1.56,38.98
2.48,39.610001
2.59,39.700001
2.83,39.700001
-2.71,38.349998
-4.9,43.02
-5.15,43.02
-7.23,42.84
-7.71,43.299999
-7.84,42.849998
-4.63,36.900002
-1.1,38.610001
-1.72,42.759998
-7.73,42.040001
-4.67,43.389999
-5.15,43.200001
-5.79,43.540001
-4.64,42.220001
-4.76,42.209999
-5.78,40.66
-5.89,40.48
-5.91,40.84
-6.34,40.669998
-6.8,40.950001
-2.7,41.869999
1.03,41.220001
-0.09,40.84
-0.2,41.02
-4,39.970001
-4.7,40.049999
-0.73,39.68
-0.96,39.779999
-0.97,39.419998
-4.98,41.490002
-5.22,41.669998
2.94,39.889999
3.06,39.98
1.02,41.490002
-1.27,41.040001
-1.4,40.959999
-2.26,38.169998
-2.48,38.349998
-2.49,38.080002
-2.83,37.900002
-2.94,39.709999
-3.88,39.970001
-4.29,37.080002
-4.36,40.419998
-4.38,41.77
-4.49,41.32
-4.54,43.389999
-4.59,40.32
-4.91,43.200001
-5.4,36.439999
-5.54,40.580002
-5.75,36.880001
-7.21,43.380001
-8.94,42.860001
-1.44,39.150002
-2.37,38.259998
-0.42,38.419998
-0.53,38.599998
-1.82,37.27
-5.07,40.59
1.86,41.77
2.1,41.41
-3.55,43.040001
-7.19,39.599998
-5.63,36.790001
-5.84,36.34
-3.29,38.799999
-3.29,39.34
-3.75,38.889999
-4.1,38.98
-4.43,38.16
-5.12,38.599998
-2.59,39.610001
-2.59,39.970001
-2.82,39.98
2.21,42.310001
2.94,41.869999
-3.51,37.09
0.07,41.470001
-0.38,42.560001
1.45,38.700001
2.94,39.16
2.94,39.610001
3.06,39.43
3.17,39.43
4.11,40.060001
-2.71,38.439999
-5.02,43.02
0.66,41.57
-3.65,40.509998
-3.95,36.82
-4.4,36.720001
-1.59,42.759998
-5.03,43.290001
-6.22,43.450001
-6.09,40.84
-6.09,41.02
-6.1,40.75
-6.24,37.060001
-2.7,41.779999
0.69,40.759998
0.81,40.68
0.09,40.84
-5.82,41.560001
-6.07,41.290001
-0.77,41.849998
-1.03,41.400002
3.88,39.970001
0.1,40.66
0.34,40.580002
0.46,40.490002
-0.67,41.209999
-0.83,39.959999
-0.87,42.57
-1.18,40.139999
-1.45,38.610001
2.46,42.139999
-3.3,40.700001
-3.65,40.150002
-4.02,41.77
-4.75,41.849998
-4.99,37.709999
-5.1,37.700001
-5.17,40.139999
-5.23,41.849998
-5.41,40.220001
-5.77,40.389999
-6.86,42.84
-7.96,42.759998
-7.96,42.849998
-8.32,43.310001
-2.69,42.950001
-0.65,38.330002
-2.49,37
-2.72,37
-4.94,40.41
-5.41,40.310001
-6.42,38.419998
2.22,41.860001
-3.3,42.049999
-3.54,42.139999
-3.66,41.689999
-3.79,42.310001
-5.39,36.169998
-5.84,36.25
-6.15,36.700001
-0.24,40.119999
0.47,40.400002
-5.38,35.900002
-3.98,38.889999
-3.98,39.07
-4.1,38.889999
-5.1,37.790001
-2.94,39.799999
3.18,42.41
-2.83,37.630001
-3.17,37.18
-3.62,37.18
-6.46,37.419998
2.48,39.700001
2.71,39.52
3.06,39.799999
3.29,39.790001
-2.94,42.5
0.99,42.48
-3.53,40.419998
-3.65,40.330002
-3.88,40.330002
-4.51,36.630001
-4.62,36.720001
-2.95,35.290001
-1.34,38.43
-1.71,43.209999
-7.6,42.310001
-5.79,40.84
-5.91,40.93
-6.21,40.84
-6.68,40.939999
-6.24,37.240002
-2.1,41.860001
-2.58,41.869999
-4.23,39.880001
-0.14,39.669998
-0.27,39.400002
-4.62,41.77
-2.69,43.310001
0.19,41.290001
3.06,39.889999
4.34,39.880001
-0.23,40.48
-0.34,40.669998
2.82,41.779999
-4.07,36.91
-4.2,38.169998
-4.24,40.689999
-5.21,41.220001
-5.23,41.939999
-5.24,42.209999
-5.41,40.130001
-5.88,40.299999
-5.97,36.869999
-6.37,36.790001
-9.31,42.950001
-2.37,38.529999
-2.05,36.91
-5.3,40.400002
2.1,41.950001
-6.48,40.130001
0.01,40.029999
-4.42,37.709999
-1.66,39.700001
-2.94,39.889999
1.97,42.490002
2.7,41.869999
2.7,42.049999
2.82,42.41
3.06,41.869999
-3.51,37.18
-0.14,42.459999
-0.5,42.740002
2.48,39.52
3.41,39.52
3.76,40.060001
-3.74,37.900002
-7.59,42.849998
-4.29,36.720001
-4.52,36.990002
-4.84,36.540001
-4.96,36.799999
-1.47,42.759998
-1.48,42.400002
-5.04,43.380001
-5.55,40.939999
-5.79,40.93
-5.89,40.57
-6.1,40.66
-6.22,40.57
-6.33,40.939999
-6.44,41.209999
-2.82,41.869999
0.33,40.759998
0.8,41.130001
-0.21,40.93
-0.32,41.029999
-1.17,40.41
-1.4,40.779999
-4.11,39.970001
-0.17,39.040001
-0.61,39.68
-0.63,38.959999
-4.74,41.580002
-0.78,41.580002
-1.73,41.860001
1.73,41.21
2.91,42.01
2.09,41.33
1.52,41.22
2.28,41.92
2.21,41.46
2.43,42.26
1.92,41.26
2.46,41.77
2.39,41.56
2.29,42.1
2.76,42.12
2.09,41.49
2.28,41.78
2.78,41.98
2.31,41.64
0.85,41.68
2.25,41.87
2.28,41.68
2.11,41.29
1.22,41.22
2.14,42
2.65,42.07
2.44,41.6
2.27,41.95
1.09,42.4
2.28,42.23
0.39,41.71
2.53,41.61
1.97,41.44
0.82,41.68
2.28,41.59
1.59,42.13
2.37,41.53
3.16,42.37
2.33,41.72
1.12,41.99
1.81,41.73
0.89,41.24
2.18,41.82
1.14,41.65
2.28,41.83
1.78,41.57
2.18,41.44
1.54,41.19
0.65,41.55
1.98222,46.67588
-0.95963,43.74694
0.8442,47.31905
5.1284,43.3957
6.22274,43.09856
6.79506,43.3951
5.9252,43.28707
5.02884,44.07271
4.6363,43.44924
5.02085,43.84779
6.69386,44.70503
4.88911,43.62513
5.88391,43.69332
5.61752,43.29497
5.55001,43.16158
5.68325,43.38336
5.81751,43.60502
5.55598,43.29644
5.07159,43.5318
4.39154,43.54265
7.06688,43.7456
4.84455,44.166
7.59503,44.13024
6.62152,43.58118
5.25348,43.43817
5.42909,43.20937
4.51639,43.58597
5.08465,43.8916
6.17623,43.37002
6.12373,44.67754
5.62161,43.38488
5.70437,43.83299
7.12238,43.65341
4.70202,43.58322
5.15363,44.07033
5.70012,43.74305
5.06512,43.35193
5.02245,43.89277
6.29703,44.40221
4.90253,44.02996
5.93435,43.46687
5.61548,43.25001
5.77085,43.92136
5.44049,43.47912
4.82148,43.44629
4.64143,43.62915
5.49249,43.25292
5.63395,43.65464
5.14684,43.8904
5.31337,43.3919
4.76113,43.49228
6.1987,43.77457
5.55797,43.34139
5.62777,43.51975
5.15023,43.98036
7.39051,43.91328
5.61957,43.33992
5.7956,43.15549
5.92977,43.37697
6.01019,43.73492
4.82862,43.67116
5.79343,43.11055
4.63758,43.49422
5.82416,43.7399
5.67489,43.20356
5.95282,43.82654
5.50028,43.43275
5.08629,43.93659
5.96215,44.0064
7.32155,43.82591
5.36763,43.21073
5.57606,43.74606
7.44215,43.77599
5.82638,43.78487
4.45565,43.6318
5.02404,43.93776
5.00978,43.53296
5.06835,43.44186
5.30617,43.21207
7.00175,43.70297
4.6466,43.80908
6.60775,44.347410000000004
6.1113,44.45266
7.50769,43.81836
5.86367,43.28872
5.88617,43.73828
4.77222,43.85212
5.19006,43.39447
6.0173,43.8698
5.43478,43.34424
5.18835,43.3495
7.51835,43.95313
5.38996,43.7503
4.65834,44.21399
5.1952,43.52937
5.43098,43.25432
6.49513,43.54029
6.07703,43.82311
5.68116,43.33841
7.50061,43.72852
5.31881,43.5268
5.44815,43.65898
5.50615,43.56764
5.75997,43.69653
5.13173,43.48563
5.25524,43.48313
6.06017,43.50841
5.57,43.61116
5.37688,43.43553
6.06737,43.64327
5.19865,43.61931
7.13535,43.83313
5.50812,43.6126
6.6804500000000004,43.53416
5.68955,43.51824
5.85477,43.10894
5.80433,43.33529
5.32062,43.57176
5.74274,43.33687
5.85255,43.064
6.99548,43.6131
5.39372,43.84025
6.13419,43.73142
6.03884,44.27452
5.76431,43.78646
5.01135,43.57793
6.61061,44.39237
4.84309,44.12101
6.59348,44.12262
7.5914,44.08531
5.91837,43.15224
4.83006,43.71614
4.51402,43.49601
5.12674,43.35073
5.92748,43.33202
6.06313,44.72429
6.18867,43.59476
5.56197,43.43131
5.38808,43.70533
6.19619,43.72962
5.30797,43.25702
5.20037,43.66428
4.39045,43.49767
5.07484,43.62174
5.19692,43.57434
4.96955,44.16383
5.43668,43.3892
6.29429,43.27645
5.1334,43.5306
5.21778,44.11407
7.12886,43.74327
4.69803,43.4483
5.02564,43.98274
6.6747,43.44429
5.51206,43.70254
5.87038,43.42357
4.70469,43.67318
6.07945,43.86807
4.57457,43.45016
7.20073,43.87569
5.50419,43.52267
4.75975,43.44731
5.32609,43.70667
7.06369,43.70067
4.89059,43.67011
6.81293,43.66471
5.2073,43.84418
5.13507,43.57557
5.69588,43.65312
5.39561,43.88522
5.20904,43.88916
5.91827,44.36786
5.43288,43.29928
7.43867,43.73107
5.43858,43.43416
5.9844,43.24045
5.38621,43.66036
5.45973,43.92882
6.05301,43.37356
4.94796,43.53409
5.31518,43.43687
7.31137,43.69113
6.90547,44.11194
7.51124,43.86329
5.25701,43.5281
4.64401,43.71911
5.26232,43.66301
5.0781,43.71169
5.33526,43.93155
4.69935,43.49327
6.83701,44.02425
6.06497,43.59832
5.93665,43.51183
6.34797,43.13975
4.64014,43.58417
6.95534,43.92992
4.90705,44.16493
7.45265,43.91076
5.97744,43.10562
-6.374923,52.20361
9.177801,50.198597
6.23586,44.0907
6.49631,44.57628
6.12123,44.63257
6.57061,44.75414
6.18676,44.67575
6.4991,44.62125
6.2524,44.71889
6.56775,44.70917
6.18422,44.63077
6.57346,44.79911
6.06069,44.67931
5.94587,43.69166
7.31476,43.73605
5.37503,43.39057
4.8229,43.49126
5.31699,43.48183
7.19083,43.7409
6.06978,43.68823
6.3742,43.58915
7.27293,44.00808
7.0926,44.1051
6.10251,43.1471
5.09124,44.07154
6.23279,43.27831
5.79508,44.4161
6.30977,43.54611
5.85104,44.27955
5.14515,43.84542
5.99139,43.37528
5.68535,43.42832
7.18426,43.65104
5.32427,43.6617
4.9587,43.84893
4.83294,43.80611
6.55135,43.4484
6.93981,43.70523
4.89356,43.76006
4.88467,43.49021
5.67698,43.24851
4.6967,43.40332
4.76251,43.53726
7.12562,43.69834
5.99607,43.46519
4.83728,43.94106
6.00004,44.72602
5.19349,43.4844
5.49833,43.38779
5.57202,43.65612
6.00783,43.68996
7.50415,43.77344
6.36892,43.49926
5.33895,44.02151
4.89953,43.93999
5.08137,43.80164
6.11705,43.41675
5.49638,43.34283
5.37874,43.48049
5.44431,43.56905
6.01493,43.82484
6.43604,43.58721
6.37156,43.5442
7.08937,44.06016
5.89527,43.91814
5.61345,43.20506
5.36948,43.25569
5.36579,43.16578
5.24996,43.34824
4.96489,44.02886
4.95562,43.75897
5.74488,43.38182
4.57951,43.63007
6.70073,43.84875
5.21953,44.15905
7.25614,43.78342
6.10734,43.23698
6.38215,43.72399
5.25172,43.3932
6.10492,43.19204
7.37671,43.73358
5.49443,43.29788
5.01768,43.75783
5.20383,43.75423
5.37317,43.34561
5.73421,43.15707
6.17128,43.28013
6.75102,43.66686
6.61868,43.53624
4.64789,43.85406
7.58078,4.53105
2.39751,48.94076
-1.5879,43.42756
-1.52072,43.45837
-1.6451,43.381
-1.56279,43.44632
0.27877999999999997,44.37141
1.4337,46.5077
1.10005,46.63484
2.1116,45.22003
2.22856,45.29428
0.7317,44.417
5.36132,45.75775
5.16701,45.68026
4.77362,43.8971
4.94644,43.48912
2.29456,43.67181
2.25453,42.94736
6.06294,45.91901
3.72842,43.66382
3.11797,48.4785
-4.36386,47.96116
2.74761,42.98049
2.204,43.02489
2.82005,42.60642
-4.56143,48.02773
4.48147,44.81886
7.30458,43.97085
4.81871,45.0289
5.46486,43.36651
6.27295,44.7456
2.66026,43.08407
4.9717,44.62408
0.19958,44.3986
3.08186,43.1036
2.76971,42.95855
4.26587,44.71045
2.64037,43.10721
2.88731,44.53121
2.72665,43.00574
6.2939,44.37218
0.44777,45.94114
2.82991,43.30733
-0.65904,46.26728
1.33408,47.25024
0.14515,45.64737
4.57166,44.65556
6.02256,43.70813
5.98697,43.21258
5.01213,44.16635
6.02596,44.49609
2.60654,42.95928
2.82531,43.34789
2.8713,43.32975
5.3896,43.69254
2.71571,42.85415
4.19672,44.71643
4.32491,45.42622
2.48479,43.17903
6.38258,46.19312
6.40761,46.16412
1.34684,43.52615
2.61183,43.17996
4.86678,44.01503
-0.24125,44.53726
3.67408,50.8895
4.36267,50.84457
5.54449,51.26251
3.02658,51.00051
3.29146,51.10273
4.30511,51.09212
4.88148,50.86313
3.31063,50.85669
3.1766200000000002,51.33722
5.71379,50.75679
5.4233,51.26406
4.93082,51.31917
4.47154,51.38161
2.74492,50.79266
3.66433,51.16659
3.13556,50.82766
4.11243,50.79205
5.18556,50.98374
2.61795,50.97389
3.8706,50.75813
2.96338,51.05438
3.50326,50.8772
5.45484,51.23212
4.94882,51.22756
3.1774,51.15691
4.92002,50.76357
4.94168,51.28483
3.04521,50.97507
3.33437,51.11161
3.27734,51.12974
3.24914,51.20174
3.56304,51.25521
3.08135,50.98831
4.19438,51.2229
3.32046,51.1656
3.01949,50.96889
2.76944,51.03278
4.90481,50.83719
4.54018,51.21993
3.70369,50.91538
2.88352,50.86018
4.4272,50.80617
3.73685,50.93177
5.68043,51.11488
4.24235,51.13992
4.57567,51.0655
5.42379,50.90709
5.46121,50.80737
4.63394,50.78725
5.41167,51.24953
4.70648,51.22449
2.60882,51.03102
4.26597,51.22617
4.96026,50.77084
4.06576,50.88021
3.70547,51.04382
2.84649,50.98421
4.61488,51.3798
5.69916,51.15932
3.92653,51.15052
3.0629,51.0761
2.65201,50.94786
4.9731,51.31903
2.7362,50.97363
4.90128,51.34844
5.15086,50.84948
4.97722,51.33713
2.69916,50.9416
3.14944,51.19206
3.94583,50.82563
3.44658,50.89542
4.31294,50.85945
5.06449,50.82406
3.34733,51.05554
5.37106,50.98912
5.50375,50.80646
3.12,51.07606
4.86678,51.4014
3.41442,50.81004
3.87545,50.94655
3.62236,50.95582
4.35538,50.86317
4.3307,51.0897
2.91302,51.20026
3.68749,50.84029
2.67278,50.95426
5.1144,50.71089
2.85943,51.18173
3.05707,51.04008
2.70826,50.83527
4.39118,50.88101
4.04226,51.21367
3.06747,51.16679
3.3327,50.87781
3.72205,51.22423
4.83599,51.15164
4.99916,51.36993
3.13663,51.03555
4.76444,51.39133
3.83719,50.89969
3.64469,51.11688
2.87237,50.97949
3.56544,51.28679
4.52554,51.43979
3.7313,51.02792
3.93249,51.01845
4.7588800000000004,51.35138
3.19023,50.79719
3.60168,50.75189
4.75118,51.40186
3.24169,51.21307
3.30598,51.13866
3.86475,51.19469
3.30675,51.25556
2.84552,51.13917
3.09103,51.20341
5.52907,51.08368
3.21882,50.84211
3.34913,51.17451
2.98665,51.2243
2.9121,51.21173
4.98799,51.32179
2.72698,51.01448
4.70412,50.86324
3.43462,51.13826
3.22396,50.83074
2.93371,50.83701
3.8956,51.04595
2.85898,50.82372
4.4607,50.76352
5.81259,50.74946
3.67458,51.05824
3.61648,50.90673
3.26049,50.76019
3.98485,50.73662
4.8357,50.78291
3.83365,51.01068
3.52058,51.15589
3.61364,50.83711
3.18227,51.19573
4.40484,51.19418
3.12731,50.81385
3.2676,50.99649
4.85033,51.25669
3.00579,50.95922
2.96718,51.03162
3.38521,51.21391
3.94396,50.93415
2.78127,51.10669
2.8633,50.9951
3.44569,51.10751
2.76692,50.94202
4.11947,51.22514
3.77209,50.92538
5.5601,51.181
3.72481,50.96976
3.20508,51.24982
3.33418,51.08463
3.21975,51.03994
4.96071,51.3141
3.83078,51.13191
4.47586,51.23939
3.30018,50.79922
3.30404,50.84192
2.64359,50.93988
3.63816,50.85427
3.81806,51.12167
4.14971,51.14111
4.47096,51.36363
4.05538,51.15301
4.42526,51.1676
3.86625,51.14237
3.81174,50.78093
3.14832,51.00408
4.04923,50.88762
4.09731,51.23527
3.47159,51.15039
3.56966,51.1464
5.72264,51.15234
5.4436,51.07629
5.5038,51.12623
3.65247,50.85611
3.30592,51.12967
3.90538,51.0906
5.47796,51.08707
2.61731,51.02274
5.54253,51.1492
3.56569,50.80754
5.41283,50.97027
2.7157,50.97945
4.91846,51.02813
3.6885,51.21738
5.58138,51.21533
3.27691,51.05781
5.41496,50.73638
3.63225,50.75188
2.62813,51.00473
5.13604,51.14654
3.31474,50.98456
4.50292,51.46214
4.38892,50.84332
3.41349,51.22584
3.37003,51.12953
5.43743,51.16763
2.7582,50.95004
3.33289,51.13817
5.13646,51.15553
4.41362,51.03512
3.93087,51.16407
3.64806,51.15977
3.12232,50.84901
4.99714,51.27666
3.70461,50.85701
5.02221,51.22115
4.3622,51.23054
4.42432,51.14358
3.79599,50.91324
4.99879,51.31333
4.69714,51.30152
3.70826,51.14334
4.02978,51.20186
3.06283,51.02215
4.08863,50.88782
3.12746,50.80258
3.91471,51.08009
4.88281,51.00833
3.11138,51.24622
2.9063,50.86925
2.90309,51.0476
3.15992,50.95211
4.9667,51.15217
2.60442,51.06685
3.48395,51.12476
3.29585,51.16417
5.25671,50.72952
4.31768,50.88031
4.9595,51.32887
4.84482,51.36101
3.04858,51.03114
2.84902,51.00408
3.58546,51.24692
4.59906,51.34245
3.59791,51.14909
3.96692,50.93653
3.43353,51.02136
3.01294,51.06953
4.16332,51.07186
4.26628,50.70954
4.03548,51.16146
4.21395,50.72611
4.4125,50.7924
3.23469,51.1748
3.51948,50.98623
4.60872,50.75145
3.73017,51.18703
4.79695,50.99283
3.43261,50.92245
3.3417,51.24317
2.85966,50.86598
3.03359,51.12461
3.26542,50.93596
2.86634,50.88833
4.36538,51.19405
5.44066,51.13964
4.42316,51.21135
4.94401,51.3427
3.69402,51.00047
3.15815,50.80683
3.7663,51.06651
2.86356,50.90518
4.38772,51.28177
3.3844,51.1586
4.87702,50.85288
2.90605,50.99515
3.2755,51.16839
3.68922,50.95719
4.0198,51.09865
3.58539,51.08734
4.4015,50.8175
4.1391,51.06322
5.33425,51.02178
3.54558,50.85003
4.12139,51.14634
3.60743,51.2364
4.01012,51.0014
3.378,51.24365
3.18697,50.8189
3.21352,51.33374
3.64627,51.12846
2.79118,50.85262
3.63521,51.17331
3.49959,51.22227
2.97269,51.1994
4.76277,51.4179
2.91908,51.23984
3.51334,51.17477
3.98043,50.84049
3.06289,51.06711
5.14247,51.26225
3.68908,50.94819
3.41064,51.24257
3.31855,50.88684
3.815,51.11282
4.04503,50.9375
4.76458,51.40716
3.26889,50.96739
3.27729,51.12075
3.35896,51.01371
2.73464,51.06682
5.38518,51.18575
3.25749,51.16109
2.82415,50.84563
5.0202,51.14178
4.11232,51.17223
3.5578,51.2314
4.48882,51.47131
4.92808,51.22947
4.1114,51.04941
4.96612,51.1855
3.6478,51.14441
3.10568,51.05808
3.32482,51.00312
3.87204,51.18353
4.38053,51.05052
2.65208,50.88292
4.77604,51.26463
3.3492,51.1835
2.72217,50.90543
2.87732,50.8493
4.23397,51.09659
4.07516,50.90176
4.94425,51.32681
3.29214,51.21064
4.1541,50.75567
2.98692,51.04814
3.29112,51.29718
2.7476,50.98184
3.56246,51.04713
3.7209,51.16972
3.51847,50.96706
4.57162,51.32709
4.26252,51.09628
3.51651,50.84984
5.02724,44.02773
7.2662,43.91821
6.67332,44.39029
6.24798,43.54797
6.04113,43.14885
5.698,43.69809
6.55969,43.58322
5.91611,43.1073
6.89622,43.9771
5.56598,43.52123
6.37047,44.58019
6.42798,43.45238
6.70949,43.9836
4.91463,44.3899
5.33342,43.88657
6.74808,43.62192
4.76805,43.71717
5.01926,43.80281
4.83438,43.85109
6.0435,43.19379
6.24021,46.20258
8.05562,46.34221
6.618,46.92565
8.76661,46.20116
6.04706,46.15538
9.61378,46.323
6.97143,46.29704
7.53802,47.42326
7.08055,46.47825
8.83023,46.1554
6.95155,46.34284
6.88246,46.74733
9.54888,46.32423
7.30906,46.21338
8.95589,46.01883
7.94728,47.25849
8.33465,47.50978
7.34139,46.25389
8.19615,47.106
6.24452,46.30159
6.30217,46.33817
7.5359,46.25389
6.53291,46.52108
8.9546500000000009,45.97386
6.94624,46.92753
7.25724,46.21151
6.81755,46.70201
7.01685,46.29812
6.55532,46.74526
8.89486,47.55717
7.86009,46.25315
6.95196,46.29786
6.17265,46.21084
7.98865,47.17015
8.32714,47.06009
5.26055,43.61804
5.74918,43.47173
5.14178,43.75546
5.73847,43.24696
4.64272,43.67413
5.80651,43.38024
-7.88776,41.36035
-7.82849,41.39341
9.275546,45.59599
-9.079439,38.929941
27.341958,36.887458
34.318224,27.862131
-4.555681,37.012156
9.414531,42.954784
19.819803,39.785794
-2.162538,37.345726
9.02055,45.620185
26.503902,39.171814
25.426767,37.053517
12.238251,45.507088
39.741823,43.567975
-8.049829,41.263741
-5.865054,36.325829
15.97491,47.274742
35.181786,31.778291
7.202699,44.851384
-1.062497,37.979084
4.089347,43.671615
-8.762445,37.141184
9.196021,44.333391
10.981026,43.08724
-0.668856,38.019712
-7.476653,39.827912
-5.988761,37.37455
34.809115,32.094027
32.726437,29.539883
10.932233,44.651301
34.817857,32.222635
2.96757,42.105897
-5.825933,37.613125
-4.880446,37.933546
12.457622,45.760457
16.234943,39.075048
4.741675,44.564688
11.093824,42.775528
13.033926,45.689165
9.229564,45.577505
9.708337,40.373126
-7.909245,40.664709
32.35724,34.858645
11.018698,45.885112
-6.110435,36.661207
7.398106,1.619739
11.205301,42.48398
3.343347,6.581208
-8.901988,42.235956
-3.763194,40.351601
34.977089,32.831258
24.001332,35.511732
7.67883,45.063872
-3.704992,40.400699
10.87284,45.923388
-1.622947,39.075063
34.851098,32.162028
3.14405,51.134422
25.638249,43.085205
-0.437404,42.154438
2.861633,42.224462
3.018483,45.758394
6.02996,44.74472
6.12919,44.66832
14.403108,35.858286
-6.548308,37.146347
15.567386,47.203604
23.713989,39.927156
41.766316,41.958846
6.16967,44.68864
6.48334,44.64228
6.47573,44.58066
6.22912,44.61911
5.91001,44.89816
6.16729,44.64765
13.583891,43.232357
-1.870067,37.481161
2.499199,39.681647
6.53074,44.71806
6.09925,44.69764
6.23093,44.67448
6.472,44.78208
6.46017,44.73631
10.294988,43.599688
23.805325,37.993625
25.336216,53.82429
2.645159,39.643637
2.25085,48.86277
-4.485312,38.089211
4.227368,44.596892
15.220575,37.147768
28.217483,36.434963
5.248128,7.495403
25.43033,37.022424
2.343814,41.718085
-8.414022,41.537769
2.912672,42.068061
8.612861,42.176833
2.812205,43.098582
6.613857,36.373453
35.014856,32.786816
9.261772,41.822466
12.695098,45.695878
-7.820331,39.050678
18.762136,42.289667
-6.550953,43.535963
0.504167,43.673611
9.168339,39.253428
10.534687,45.354566
9.612576,40.385256
-1.260828,41.913221
-8.589908,41.154831
2.880005,42.194248
-8.624502,42.841604
-0.938939,43.399294
-3.672009,37.02734
8.095797,44.890007
-7.338887,37.832942
7.508819,45.067706
31.614222,30.13867
15.409673,47.109231
9.486017,42.52335
13.924861,40.728403
23.465228,37.346307
15.432594,46.819836
41.736211,41.743669
2.977291,42.197738
-8.443181,39.540192
2.879609,39.717
14.456989,50.091508
23.850009,38.041986
15.423799,47.113879
7.741497,45.089138
2.800415,42.67722
-6.347777,36.633746
23.382846,39.142458
15.238304,38.259268
-2.077731,36.802752
-9.225833,38.738611
26.509218,39.159924
25.27645,54.68615
-3.360128,36.965719
0.324592,41.905054
34.797009,32.078606
-3.77511,40.668597
2.31432,41.54208
15.755978,47.160033
-6.067919,39.493739
-8.577602,41.145605
-8.554783,42.87627
8.038661,44.690256
32.55491,35.174907
15.241933,38.220702
-3.718788,40.425167
-9.16221,38.742443
4.296789,44.501628
-9.156211,38.757397
15.069946,36.902689
-8.328848,41.206927
11.62346,44.853135
25.405443000000002,37.053818
14.783648,41.12801
-7.878496,39.105778
14.354406000000001,50.079995
8.534167,40.712555
23.054783,36.688153
3.914258,43.635654
10.030505,45.637752
11.479222,43.3253
35.690718,32.995071
-5.347296,36.135688
23.527125,37.964872
-2.465396,36.834906
-2.511917,37.114619
15.238059,38.194218
1.491966,43.651088
7.542271,44.004439
5.311427,43.951523
-6.164014,36.751052
3.697872,43.743835
8.763006,46.169962
-9.280701,39.391332
-9.33332,38.678721
35.750037,35.56185
6.056514,36.549605
21.710847,36.83805
35.316864,32.705273
-8.765892,40.558403
35.028909,32.755099
-2.160411,43.286824
3.67382,43.49087
24.084962,40.869856
8.195472,45.670013
-4.59585,37.914638
2.453845,48.77461
-7.915032,38.572174
8.533611,40.6675
12.41872,42.21655
12.434608,45.652269
-5.971383,54.416091
3.074944,39.270897
11.736153,44.65176
-3.749198,37.161634
-0.540532,38.665161
13.341533,38.068765
11.838099,42.914368
12.650504,41.743409
35.091239,32.855508
3.033233,42.241496
17.200848,43.17074
-5.342146,36.123113
9.282225,42.410604
23.71971,38.04585
11.98429,45.385317
6.009149,43.194064
9.137995,41.765145
7.124704,43.624668
-8.676603,37.099456000000004
23.667789,37.843874
-5.330203,36.199935
-8.673539,41.061246
13.013019,41.77854
9.834532,43.046545
-5.947194,37.300424
-4.968511,43.448338
4.95408,43.71399
4.70335,43.6282
4.88615,43.53518
7.3836,43.82343
35.031258,32.432936
8.867228,45.210931
35.208726,31.829766
-8.387146,39.694381
-4.528075,36.607662
-6.022331,37.380712
-2.559402,37.107504
-3.705926,40.377563
7.44565,43.82091
-1.793879,43.346249
9.40678,42.73824
-7.798003,37.130869
14.776676,45.715153
-8.673249,41.168729
-2.599385,36.81461
2.14784,41.369373
7.618189,44.823771
-8.973873,38.839231
8.359196,44.852312
-3.11015,36.781551
-8.767229,38.089703
10.384711,42.758963
-5.991549,37.415612
13.07819,41.803672
21.436487,41.985345
-5.44299,36.429124
8.97478,9.884286
20.162758,39.22438
5.21663,43.87848
3.68765,46.41067
-4.56791,48.46504
2.33735,48.70282
2.38453,48.91249
8.81269,41.74129
0.73153,43.80964
2.38992,44.58444
2.96045,47.88805
3.34377,44.5159
3.28802,44.55763
3.4742,45.4378
3.14747,45.37381
1.62297,45.31271
5.20152,46.11638
2.83367,43.86535
-1.08866,46.15805
5.80739,43.72227
5.16036,43.50356
5.12485,45.91064
3.46275,46.17807
3.12761,44.21119
4.42287,44.6291
-4.20891,48.5209
5.33244,45.93668
6.25398,43.29676
4.81794,45.67494
9.27858,42.21988
5.89499,43.34467
2.84909,43.09288
33.20582,34.907595
3.06894,44.16111
5.37228,45.96105
3.41876,50.11915
-4.7157,48.39975
5.91455,43.70001
2.84375,44.29102
3.67454,43.72467
4.15837,43.77562
2.3584,45.98997
2.30596,48.90408
-1.62091,49.63176
-0.5583,44.77339
5.92697,43.40884
4.55769,45.08014
6.96191,43.6992
-9.192941,38.74732
2.3052,44.85628
6.87843,43.66011
2.91052,42.63984
3.08902,43.18738
2.32181,43.72445
2.35549,43.49412
5.6585,43.36082
7.587011,43.843932
30.692356,41.095615
7.34143,47.744541
-3.634756,40.56457
-4.714288,48.349115
35.918022,40.325296
-8.732208,39.445302
7.05297,43.67428
3.083,45.69531
3.21625,45.89541
6.94191,43.92521
-0.57339,44.85761
7.4115,43.80664
6.32691,43.79675
3.83362,43.75208
4.37877,45.43024
-5.044067,36.87123
-8.420386,37.204593
-2.563786,37.092418
4.38992,45.98763
5.35625,44.4037
5.10191,44.31441
5.17545,44.61171
-3.66832,48.42657
4.41969,43.95497
5.77691,48.30447
0.54139,43.71644
2.27074,42.9345
4.48531,44.75465
3.86927,43.61335
4.24437,44.0094
3.27371,43.47931
7.00109,43.59609
5.78818,43.9604
2.65355,43.13296
5.47684,49.10084
1.43209,43.59603
-4.09108,47.99709
7.513694,43.938954
5.480708,36.672292
-6.068909,36.618831
-4.781803,36.927328
2.31386,43.33392
6.10934,43.59536
-3.72748,48.50562
-0.58734,43.15604
-0.46526,46.32849
-1.08065,44.75444
4.21244,44.6749
4.08957,45.48586
-3.32743,47.76879
2.86899,50.55061
2.89055,44.03241
4.33279,46.00253
2.65124,42.8696
-1.68186,48.11168
2.49888,46.16875
2.99492,42.96551
2.88595,43.20393
4.35776,44.8516
3.26039,45.82996
2.8733,42.5187
3.11741,44.09735
3.00184,42.79422
5.41253,43.44727
8.79839,41.98409
3.10688,47.12916
5.06144,44.05939
-3.50018,48.71804
-3.9722,48.17005
3.44575,45.97611
9.47399,42.51577
5.27212,44.4064
-0.52557,44.90833
-4.50249,48.40034
4.68105,43.98141
5.86517,43.7676
2.05447,46.40382
-3.80034,48.52181
-0.259206,39.621776
34.799174,32.107439
10.992559,43.083767
2.51751,42.643529
23.447347,40.078888
-0.469958,38.41254
14.314606,46.285703
34.751919,32.024175
-4.497705,36.752029
25.376549,37.100301
1.133664,45.446026
-4.432,36.713951
1.50105,46.6286
33.822872,27.258893
-3.960003,36.746889
24.458279,50.809219
12.481404,44.002885
-4.023686,39.854234
14.326613,46.027096
17.358713,40.339528
3.128243,42.484629
-3.767727,40.338764
2.486405,42.169529
-8.539337,39.48012
12.256727,45.476742
2.752429,42.55987
2.211447,41.419564
9.015981,42.528769
23.850929,39.149704
-7.916742,37.046196
22.042044,40.620063
-7.589484,38.731855
11.671767,44.630355
10.436187,45.138157
2.292406,41.560775
-5.033817,43.482841
-5.917225,37.4132
8.503409,45.733031
-4.770448,36.916282
-9.058626,38.833817
4.337223,43.605477
14.915143,44.162487
35.460877,32.513465
3.755127,43.455036
-2.00406,46.98108
-9.155029,38.682379
35.227303,31.763047
-8.827553,42.42574
12.265106,45.502922
15.242198,38.248019
35.088407,32.832148
-4.661149,37.300908
13.789634,41.267924
7.338058,45.077025
-4.497477,36.617662
3.886921,43.651704
22.807448,37.564229
2.709677,41.764899
7.663614,44.793609
2.650941,41.762464
14.276662,41.605657
-5.974204,37.401891
5.589306,43.34358
20.536256,54.714285
2.252296,41.638181
-0.450132,38.362805
7.097115,44.700832
-8.78156,37.361202
-9.049524,38.644273
8.887767,45.869125
15.94321,46.994787
4.560547,50.620106
16.874724,41.103564
8.251902,48.808345
15.813139,46.955762
23.749264,37.876761
15.511754,46.717352
-4.461703,36.676828
-8.469082,37.660321
-8.611839,41.141289
-3.611787,37.073567
3.604266,43.426203
14.557767,41.28466
2.781116,42.064228
-4.049727,38.041414
9.180631,44.341104
14.467181,46.090194
24.514683,35.368103
-5.548729,42.287246
-8.100929,39.881495
5.629574,45.339052
9.620537,45.780068
2.696769,42.198298
-4.778076,37.87734
12.534116,41.941499
32.427095,35.040326
-0.229156,38.909163
-7.639897,33.603263
8.646333,45.053575
34.947912,32.569222
-9.169689,38.709778
12.736186,42.150596
-5.395078,36.837345
-3.977469,40.670775
-1.867583,38.986646
2.167324,41.432396
6.383838,43.009488
11.357289,7.503981
32.938322,34.626243
3.25414,46.66433
10.234069,45.583936
-3.6447,42.499615
1.891337,41.54517
11.391508,45.690461
-9.231017,38.612315
-9.110352,38.774441
13.43662,41.350962
-5.71922,-15.96018
-3.689945,40.410488
32.44458,34.992472
-0.517611,38.668802
-3.833146,40.300072
2.912142,42.157815
13.283262,38.047126
11.385151,44.498606
-0.697934,38.359287
5.226668,44.73119
13.508196,43.610242
22.213859,55.167262
1.492685,43.513772
-6.096125,37.251375
-0.358847,53.751215
8.80614,45.820493
12.6884,51.05536
14.567753,46.65996
15.592849,46.790633
-7.244058,37.31494
-3.580056,37.180226
28.087853,36.092122
12.918748,42.027198
7.925738,45.542741
9.342347,11.716517
-4.061832,40.506712
33.361534,47.874153
3.52769,44.32021
4.790788,44.324893
8.925417,41.918617
-7.541652,40.620097
-8.623216,41.027869
35.779178,33.177414
15.464406,47.055672
4.076594,43.784568
-7.45378,39.40958
2.222795,41.425329
-5.344868,36.175244
34.802836,31.95447
-0.210604,38.570574
-3.65663,36.749588
8.845095,45.813728
-8.65615,41.153878
-3.726779,40.473189
11.245049,43.763674
3.185957,43.614457
10.234023,42.745261
6.467653,43.010677
1.974428,41.276142
35.737455,32.956635
23.720318,37.947882
11.104308,45.790012
28.655163,50.261883
9.188192,45.524586
5.077162,45.045018
11.756973,45.234479
4.636074,44.377905
3.18507,39.349855
18.758611,42.49145
34.975032,32.797133
10.995715,45.824224
12.807774,41.96432
13.835119,44.852038
9.866066,44.127591
-1.28335,43.52126
-1.31252,43.54573
6.09769,43.05722
6.73345,43.39725
11.55033,45.556008
3.74594,44.2899
7.240146,44.837569
12.445025,41.882988
2.373043,41.556575
-5.882253,39.462088
-3.790158,37.01933
10.773815,45.872394
3.769753,43.826392
35.775742,33.135881
-1.001657,41.704268
34.771073,32.0481
0.106121,38.721843
-9.087154,39.570602
25.722412,35.277626
-4.343826,37.616018
-7.114758,40.037728
-8.674677,40.197189
-8.672008,41.159048
11.873048,43.589027
13.210574,41.534472
-3.62404,40.980043
13.448706,41.25263
-8.644617,41.293069
3.06237,44.02398
0.82805,43.73236
1.30299,44.461
1.30837,44.28101
1.68002,44.46616
1.68837,44.10616
2.56619,43.66317
1.06705,44.00693
1.32168,43.8311
2.81111,44.56392
2.81201,44.29386
1.82258,43.65767
2.44224,43.66261
1.7108,43.11655
0.31931,43.99115
0.44793,43.90419
1.43115,44.37286
0.34446,43.45156
0.45994,43.63437
1.08519,43.46718
1.80571,44.46759
2.19689,43.48112
0.45595,43.7243
1.68212,44.37615
2.81379,43.75386
1.8281,43.38778
2.43244,44.65265
-0.12469,42.98894
1.54972,44.6446
2.0616,44.2
1.10005,43.01755
1.20588,43.55924
1.54274,44.91464
2.18928,44.021
0.93588,44.1846
1.42112,44.73288
1.66729,45.00626
1.67369,44.73619
2.19563,43.57108
2.31937,43.57193
2.5655,43.75316
2.19183,43.84102
1.31904,43.92107
2.1931,43.75103
1.94816,43.56897
0.32353,43.90121
0.46789,43.45452
1.20306,43.64919
1.22259,43.01964
3.31133,43.93356
1.07617,43.73703
1.69044,44.01617
1.81139,44.19758
1.103,42.92764
2.44137,43.75259
2.56137,44.29315
-0.17392,43.88788
-0.16893,43.79796
1.30028,44.551
1.45085,43.65301
1.70476,43.38638
2.19055,43.93101
2.8132,43.933839999999996
1.8095,44.28758
0.48753,43.00499
2.07334,43.48013
2.18412,44.38101
1.32957,43.56121
1.46768,43.02341
1.43612,44.19287
1.80761,44.37758
1.928,44.64891
1.18311,44.27901
1.32695,43.65117
0.3403,43.54148
2.3183,43.6619
1.82627,43.47774
1.92971,44.55889
0.72898,43.10033
1.32432,43.74113
1.66943,44.91623
1.68629,44.19615
2.06011,44.29
2.06897,43.75004
0.11119,43.17554
1.1715,44.63899
1.95795,43.02928
2.06604,43.93001
-6.968554,40.784387
24.163115,41.135999
-9.136391,38.602361
35.394684,32.564018
9.465033,45.757014
-4.227354,48.399606
-5.857254,37.339802
-3.848128,40.466235
-0.503862,39.516912
12.483722,41.914868
13.160812,38.6982
25.146378,37.079291
-8.565373,37.127001
9.718586,45.723228
2.743158,42.49506
-8.551366,41.233437
-2.725566,38.25136
-2.200179,43.308481
-9.031753,38.918919
-8.017447,37.025422
27.938479,43.221356
0.073706,40.233945
34.998463,32.7981
23.713504,35.497319
2.176353,41.495544
23.497123,37.951065
-8.387124,43.330539
-7.460571,39.918448
-8.12295,41.101017
35.195758,31.759577
-8.683599,38.009904
-7.43053,39.281892
-7.798081,38.942828
9.69662,40.376805
3.085354,39.740632
-2.643465,36.717653
-4.401708,36.731138
-9.56461,31.460594
-5.484247,36.134931
4.909444,44.419479
3.90585,43.591538
-1.866588,38.996893
-7.642465,40.479364
2.964525,42.263975
-8.506339,42.896056
-8.48395,39.409195
-3.379172,38.021173
14.216349,50.142247
-9.092092,38.773115
-3.652876,37.131513
-5.407615,36.201221
3.211233,42.054061
36.356908,52.250875
14.443946,41.496777
1.238018,45.839789
7.104832,43.59309
10.983198,35.610324
-9.306223,38.729709
-6.330686,37.166442
2.38204,41.635467
-0.698446,37.973718
14.396816,44.646127
9.164138,39.207513
-7.252842,43.268741
-8.555078,41.151522
9.649161,45.723008
15.461009,47.069542
3.093316,42.325807
-8.507741,41.410454
4.682163,45.378378
35.205258,31.7794
-6.853182,43.187337
14.434203,35.898228
31.21863,30.059717
3.07253,45.366561
2.218564,41.452319
9.119662,39.22302
-3.535342,41.062722
34.811422,31.901306
-3.722579,40.483195
-5.99013,37.205992
-9.131825,38.717804
-3.61106,40.685664
14.345232,46.230251
27.783443,36.15677
12.337025,45.438492
-3.453296,43.409293
-0.586773,39.429298
11.01447,45.760461
34.993856,32.622353
-4.760435,37.910686
-5.79346,36.295851999999996
-3.794932,37.125908
7.66489,43.867582
-7.972148,37.035492
25.081371,35.305189
-9.150914,38.728899
-6.836538,34.02294
18.015367,59.337354
32.93255,34.946319
4.69972,44.551
-2.354333,49.4305
5.392803,43.554765
8.69106,45.707018
-6.365358,37.212149
9.305737,39.272565
34.871446,32.310234
-9.184667,38.712997
-7.692737,37.140084
35.198178,31.90615
20.716473,38.795349
6.698172,36.40891
1.95761,41.493001
8.997072,39.317035
13.972472,44.809642
15.627831,46.966361
6.177309,45.838425
30.713323,36.896891
28.241696,36.86455
13.696069,41.25936
13.761072,45.592881
-4.741239,37.131371
-9.201573,39.341792
-9.418751,38.719358
-0.342136,46.303911
10.963788,46.533273
3.902703,43.55168
-0.729514,38.16606
10.211,45.563662
17.871528,43.248312
28.235304,36.377052
10.527044,43.011372
8.829315,41.919044
12.635568,41.777413
-2.485515,37.174756
11.114967,46.063156
15.231703,38.269317
-9.142885,38.577118
12.544894,42.082774
-8.420884,40.206828
8.689063,45.560658
8.448003,45.964005
-2.573232,37.100197
34.811828,32.111247
2.035189,41.34332
4.90416,43.45607
-4.749667,37.585042
-3.924281,40.378697
-8.686849,37.142978
7.176725,45.150097
31.635355,30.116817
8.792134,46.147639
-4.416777,36.718704
-4.550668,37.024128
29.136383,40.909047
23.306311,35.86435
12.283186,41.903234
9.700295,45.72651
15.563521,46.784072
-8.260991,43.243691
7.661827,44.587582
-3.80073,47.95817
-1.45419,43.56604
-3.51346,48.68378
2.75857,42.6433
6.60456,44.89786
2.94562,46.19582
6.636145,0.287991
2.158821,41.629053
11.30248,45.644832
-4.962047,36.514591
1.3275,44.66938
2.3843,43.28373
7.54051,44.0998
4.9015,44.43698
-1.58242,47.81794
4.60748,44.61675
2.88699,46.02529
4.39594,44.61024
3.4121,45.6
-3.44516,48.55115
2.41928,42.86358
4.95018,43.83052
5.35207,43.66485
6.41871,45.62659
3.10838,45.63826
-3.62878,48.50614
3.34446,44.45026
8.70094,41.93473
4.98041,44.23233
3.48886,44.64815
5.38353,43.73029
9.26696,41.72133
5.3496,43.44976
-4.35726,48.23348
7.10176,43.73859
5.87294,43.18635
1.14485,49.41381
6.62302,44.62454
3.08827,45.72076
-3.7657,48.40302
5.63613,43.22377
7.08335,43.62801
0.57484,43.65326
7.23793,43.71236
6.70894,43.53328
5.52321,43.62413
7.642909,44.993835
4.76468,43.99956
-0.76485,46.5625
3.09163,43.8097
-2.19289,47.87844
3.31696,44.76448
1.58321,46.24247
5.70019,43.43781
-4.21996,47.90728
5.94212,43.83819
3.50527,45.24564
2.02542,44.60527
4.95061,43.55049
-0.70921,49.13343
2.95925,50.40936
7.18224,43.68638
4.48763,45.167
9.217131,45.532124
11.119767,46.099842
-2.430041,37.01056
10.879392,43.633442
-3.637613,38.142933
5.78497,43.37904
5.85716,43.2776
2.46624,42.86219
3.12909,46.04039
2.28671,46.02016
6.32486,46.32328
3.98171,45.91019
-4.02042,48.09377
3.63611,44.08277
2.54897,43.13355
5.71009,43.28081
3.2419,44.10918
4.82735,44.06004
-0.90643,43.13903
5.7205,45.86345
6.01794,43.17827
4.99313,43.92828
3.92721,45.00006
-4.63455,48.46635
6.03431,44.12377
6.48906,43.50209
2.28688,48.89515
5.83101,43.87109
6.45452,43.53594
7.15998,43.72115
3.89063,44.34267
7.10684,43.64943
1.61024,42.96532
25.857079,35.020796
23.329547,39.192949
4.282394,51.058524
7.894286,45.187031
3.28861,45.48047
5.30692,43.61357
2.08937,47.03186
4.85637,43.612
3.80938,44.63159
-3.567344,41.042733
3.05279,45.96142
3.34402,45.86088
-0.61134,44.30653
2.33228,46.23711
5.37684,44.74813
5.9661,43.99465
-1.98086,48.64005
-2.58879,48.39371
5.33787,43.74985
5.18828,44.695
7.49335,43.79186
3.16408,45.67323
-3.55665,48.67434
-9.368394,38.813908
-7.33588,39.394553
11.193311,43.840027
-9.515308,38.7404
11.202589,43.818866
-1.813548,37.198745
-3.630928,40.444659
13.620964,46.789132
12.051367,41.980972
13.874914,37.130508
8.698538,42.266948
9.751859,45.356236
0.427324,40.497476
-8.816711,42.1365
-6.41046,36.691968
-2.417281,37.057438
3.30693,43.41419
2.279601,41.999373
15.696051,47.278676
2.271495,41.419851
11.251713,46.372049
3.10187,46.51358
-8.596241,37.14301
-1.68,38.49
-0.44,39.9
-1.62,38.67
-0.25,38.52
-4.6371,36.655783
5.85447,45.60104
-3.643418,37.159533
10.370619,43.63423
8.588568,45.795038
13.057504,46.659707
-8.408467,43.316217
6.004969,43.652695
-9.155324,39.154067
-2.427464,37.968902
9.235057,45.475304
-0.290088,39.62261
3.128907,41.841573
-0.243011,38.958679
0.311077,41.97317
35.17519,31.749174
10.042913,45.130645
34.833108,32.097536
-0.266744,39.63009
-5.929222,37.299508
3.314825,43.313123
-6.380803,36.628614
2.314324,48.934817
16.628839,38.830536
34.792018,31.929547
35.023985,32.77702
-4.832179,37.906006
10.148466,45.845184
2.830194,41.986385
-0.400778,39.495339
5.253093,43.841877
-9.29413,38.717878
12.265049,42.153193
-8.244894,40.15342
2.201353,41.389809
10.075222,45.552055
10.11615,45.762087
-4.779383,37.888175
31.628511,30.141884
-3.662087,37.108897
9.20274,45.530011
4.24846,39.944542
5.2973,43.760385
9.4875,42.56971
13.917284,52.16164
1.297015,41.127877
17.724393,40.301295
31.624344,30.161783
2.134131,41.421671
34.806548,31.255354
-9.166476,38.659315
-5.973566,37.374546
-8.25538,37.08622
-3.459496,48.609627
23.645045,38.009701
8.688836,45.675787
3.085161,50.735185
13.648436,45.531299
5.75,51.25
-4.7207,37.913877
6.596266,43.301601
5.85,51.55
5.05,51.65
10.605614,45.497651
-5.288973,35.892208
5.75,51
-8.316729,43.36414
-4.974478,36.782213
4.45,51.9
1.91661,47.88226
3.01091,42.6839
8.93548,41.57178
0.17323,45.80811
-3.489572,41.103611
34.751002,32.034549
-2.812683,36.749651
14.324322,36.013215
3.034031,42.571892
26.986031,37.770989
3.5,51.35
8.764,42.475
-6.15,37.33
4.5,51.9
5.65,51.25
-6.15883,43.48256
-5.621394,43.46235
-1.653826,42.814213
2.60828,39.581608
-5.713022,36.062752
5.8,51.95
5.8,51.5
5.35,51.4
0.525484,40.81987
3.45,51.35
-5.905373,37.354424
-5.361446,35.900336
5.05,51.5
4.35,52
5.95,51.5
6,51.55
28.099103,41.448783
35.30817,32.946999
4.8315,43.76112
6.36366,43.40937
5.2641,43.70798
6.36103,43.36443
5.01609,43.71286
5.90673,44.14299
5.56799,43.56619
6.65754,43.17471
6.55412,43.49334
4.70737,43.76314
-1.981231,43.318334
-3.921076,37.648011
5.5,51.4
3.918085,39.987972
-6.15,37.32
-6.255318,40.457561
3.45,51.3
-5.056138,43.463083
-3.68861,37.162856
-5.921011,43.587506
10.409328,43.716519
-0.42671,43.12404
3.65,51.5
-6.093201,37.336152
-4.514844,36.668011
-3.925246,36.80442
-0.801148,37.597344
-6.02376,37.214279
4.6,51.45
-5.253898,43.149905
-6.077685,37.260838
5.25,51.55
10.5111,9.75296
4.7,51.75
-5.866609,43.364401
-0.804261,38.609131
5.95,52.1
5.1,51.5
5.2,51.45
-1.935492,42.232744
5.55,51.6
5.7,51.25
-6.154972,37.22974
5.8,50.8
5.25,51.45
5.3,51.35
5.95,51.1
5.65,51.35
5.3,51.5
-6.509151,37.338562
5.7,51.35
-4.876435,36.711663
-4.449948,36.678254
-8.407474,43.333985
25.723071,35.129702
-6.12304,37.324275
-0.589279,39.35129
-3.763332,40.40317
5.7,51.3
-6.016013,37.368454
6.05,51.95
-6.067148,37.552975000000004
28.154687,36.42338
4.75,52.45
-1.197767,40.833684
-4.527236,36.672204
-2.176684,42.904466
2.173403,41.385064
-2.437921,36.836543
5.2,51.35
-3.470501,43.390702
-4.865787,36.743116
5.45,51.35
25.582073,35.005244
5.9,51.65
27.1,58
27.8,59.4
27.3,57.7
27.1,58.3
26.7,58.5
26.2,58.1
26.1,58.2
26.1,58.1
25.7,58
26.4,58.2
27.8,59.3
27.4,59.1
27.4,58.2
26.7,58
25.7,58.3
26.6,58.1
27.7,59
26.6,57.9
26.4,58.4
27.1,58.7
26.4,57.7
26.7,58.4
26.6,58.4
27.1,58.6
27.1,57.8
27.5,58
26.4,58.1
27.1,58.1
27.3,58.2
26.9,58.6
27.1,57.9
27.1,58.2
27.6,59.2
26.9,59
26.6,58
27.1,57.6
26.7,58.9
27.1,58.4
26.4,59.3
26.9,58.7
26.7,57.6
26.6,58.6
26.4,59.4
24.7,58.2
-6.533306,37.338203
25.9,58.2
26.7,58.3
26.9,58.1
27.4,57.8
26.4,57.6
26.4,57.9
27.3,59
27.4,57.9
26.9,57.7
26.7,57.8
26.6,57.7
27.1,58.5
27.3,59.1
26.7,58.1
26.2,58
26.4,58.3
26.7,58.2
26.6,57.8
26.2,57.7
27.1,59
26.9,58
27.1,59.3
26.9,58.8
25.9,58.1
27.6,58.4
26.2,58.3
27.6,57.9
26.9,58.4
26.7,57.9
26.7,58.6
26.9,58.9
26.4,57.8
26.2,57.9
27.3,58.5
27.3,58.6
27.4,58.1
26.1,57.8
27,58.7
27.6,58
26.4,58.5
25.9,58
25.7,58.1
27.6,58.1
-3.655915,40.18875
5.55,51.45
5.6,52.95
-5.959391,37.389935
-1.51608,40.95471
-6.563162,37.921532
3.105767,39.796777
-6.21,37.3
7.53691,48.05025
3.047,50.63186
-0.34752,46.02054
0.82451,44.77481
7.46676,47.66194
2.34293,48.85662
5.35,51.55
5.35,51.5
5.8,51.25
-6.406527,37.473328
-8.471378,42.33926
5.85,51.1
5.75,51.45
3.85,51.25
-6.052346,37.367695
1.237188,41.316214
-4.012024,43.42353
15.921093,41.923738
-5.360878,41.176554
-3.899391,37.568025
5.55,51.4
0.577106,40.734721
5.5,51.6
-5.820045,43.633433
3.139343,39.336422
-0.233361,38.501477
23.017165,41.364044
26.269812,43.65378
27.525047,41.979794
23.12125,41.87705
27.777412000000002,42.059564
23.992197,42.82915
26.449686,42.88675
24.930758,42.172394
23.219703,42.125711
27.962256,43.410563
23.206685,41.398108
25.313721,43.029074
27.562982,43.65612
25.954205,43.845819
23.27666,41.44843
26.69105,42.838665
24.763863,42.156173
24.811239,42.650769
24.14994,42.28181
25.88483,43.77703
26.820033,43.160684
26.920408,43.54531
25.701464,42.45315
27.857056,42.160772
24.83428,41.84459
25.872062,41.643531
27.845415,42.169553
27.79114,42.308479
27.011892,43.589237
25.495921,42.818706
22.708616,42.396094
27.06278,44.102485
22.565889,43.545218
26.152542,42.997897
23.105749,42.094838
27.462538,42.504915
27.491284,42.567773
28.028309,41.98744
23.136056,42.129133
23.339453,42.1336
24.317607,42.15946
26.29124,42.6894
24.448473,42.994237
23.042051,43.01832
27.49,43.33
25.413173,41.538529
26.024329,41.397154
26.460794,43.790311
25.917938,41.348695
23.728147,41.572779
27.010819,43.064325
23.337408,42.67479
-6.54511,37.328671
4.95,51.45
-2.812677,43.427173
-3.753373,42.017941
5.75,51.2
5.15,51.55
-6.204997,37.390625
6,51.5
-4.426291,36.726635
5.5,51.45
0.464344,41.57144
-4.938686,37.732796
-8.207839,37.602502
4.9,51.4
-1.340775,38.140859
-7.819272,37.033925
4.45,51.85
4.6,52.45
-6.20189,36.472391
5.8,51.35
5.45,51.45
-5.57,36.04
-8.238561,43.4835
-5.3142,37.283663
-5.341438,35.897744
5.4,51.4
-0.808868,41.716466
4.85,52.35
5.9,51.2
1.4507,46.479394
-6.127404,37.292637
4.7,51.5
-4.476183,36.71902
2.185535,41.389254
-5.963023,36.260815
-4.039536,43.378329
-5.934126,37.356503
9.35591,11.69801
-3.514975,39.951605
5.25,51.5
2.256182,41.928532
-7.948619,40.246607
12.804869,46.836207
-6.397448,37.881283
-8.773559,42.200606
5.35,51.3
-6.880181,37.784652
-1.01069,37.882516
4.9,52.05
-5.996003,37.403148
5.45,51.4
-6.00104,37.2407
-5.094649,41.733555
5.4,51.45
4.65,52.45
-1.556711,38.835
5.85,51.85
-5.75,37.71
4.1,51.9
-6.19,37.31
-8.907053,42.222516
5.5,51.3
-0.022297,38.622306
6.2,52.05
6.5,51.95
-5.567516,37.316244
-6.174971,37.3853
-5.949661,43.575636
27.488629,42.557831
6.95,52.2
6.5,52.85
4.3,52.05
5.8,51.15
8.638962,46.198483
-7.781303,42.859891
0.595743,41.680661
5.15,51.35
-6.003942,37.379872
-0.394405,42.229283
4.2,51.7
5.25,51.35
3.85105,46.72195
3.46365,47.35441
4.12031,47.07982
3.98524,46.90097
4.76734,46.7115
5.46236,47.59942
4.51563,47.07532
3.97711,46.4508
4.91728,47.24946
4.25629,47.25851
3.59413,47.17376
3.60526,48.16381
4.1092,46.53965
5.44998,47.32949
4.37697,46.8069
4.51059,46.89528
4.89821,46.70941
4.3885,47.257
3.06591,47.08523
3.32897,46.99475
4.94001,47.87936
2.93365,47.44533
4.10737,46.44961
4.90452,46.88944
3.72858,47.35305
4.62569,46.35334
3.32734,46.72464
5.0426,47.0672
3.19772,47.08508
5.1707,46.9748
4.37469,46.71688
3.19838,47.26514
4.77617,46.98155
4.11659,46.89977
5.02906,46.70718
4.76442,46.62148
3.0658,46.9952
5.30603,47.06225
3.45903,46.81423
5.04602,47.1572
3.06646,47.53535
3.59612,47.3538
3.8596,47.26212
5.16349,46.79479
3.33007,47.17481
5.41755,46.60956
4.67251,47.88348
4.65014,47.16352
3.72494,47.08298
3.0668,47.80538
5.17795,47.1548
5.15277,46.52477
5.30988,47.15224
3.98853,47.08103
4.10373,46.26953
4.7851,47.25157
3.99685,47.53111
5.31762,47.33221
4.26051,47.43853
5.7,51.2
-6.007034,37.389709
12.654142,47.761392
5,51.65
4.7,52
-6.531399,37.262329
4.85,52.3
6.85,52.75
4.35,51.9
-6.149412,36.419153
-4.959604,37.732407
-5.586772,36.016888
4.4,51.55
5.4,51.35
5.75,51.35
5.25,51.4
-5.981656,37.309772
-3.971579,40.588032
5.8,51.45
26.214806,39.153628
-5.834755,43.388613
3.19447,46.18467
3.45227,46.00384
3.95351,45.1002
3.44643,45.28347
2.54249,46.63415
2.8036,46.72494
2.17626,44.92115
2.54624,46.18393
2.678,45.82418
2.5455,46.27398
4.08412,45.2791
3.19257,45.64438
2.30299,44.92201
2.6732,46.6346
3.06472,46.09477
2.54475,46.36402
2.67374,46.54456
2.8068,45.82447
2.93539,46.00472
3.57583,45.46297
3.1932,45.82447
3.32253,45.91423
3.19352,45.91452
3.70265,45.3722
3.06419,45.64452
3.19226,45.55433
3.45676,46.54411
3.06451,45.91467
3.84544,46.3618
2.93581,45.64452
3.0643,45.73457
3.44499,45.10339
3.57121,45.01277
3.84684,46.45184
3.57959,45.82315
3.82506,45.01118
3.31991,45.46399
3.44571,45.19343
3.58725,46.54352
3.84824,46.54188
3.69701,44.92201
3.82906,45.28129
3.19289,45.73443
3.57213,45.10281
3.322,45.82418
3.0644,45.82462
3.70954,45.91246
3.06461,46.00472
3.19415,46.09462
3.58149,46.00325
5.6,51.3
-8.997424,39.210395
6.3,51.9
-8.590826,37.12249
4.4,51.8
14.258343,47.887154
13.7825,47.966111
13.75,47.950001
14.788333,48.437778
14.491367,48.010553
14.4,48
35.387908,33.012347
35.389032,31.464903
13.951111,47.901112
14,47.950001
5.41137,43.33819
9.29614,41.65188
-3.224404,37.229666
14.466666,48.216667
1.87158,47.20526
13.774967,47.907152
13.83,47.98
14.668202,48.348591
14.766666,48.433334
13.983334,48.633335
13.783334,47.916668
14.766666,48.450001
13.81873,47.923604
14.254344,48.279288
14.13,47.869999
13.7,47.966667
14.289188,48.309004
5.21427,44.0241
5.62983,43.56471
4.76527,43.62721
5.14854,43.93538
5.55399,43.25148
5.46167,43.97379
7.24946,43.69357
5.00663,43.44302
5.21602,44.06908
6.72418,44.20836
5.01293,43.62291
1.83761,48.64806
2.98516,48.64883
16.760887,48.352827
7.848222,48.127196
8.70671,49.289317
-3.7302399999999998,48.0278
3.32619,43.38477
6.38003,43.22794
5.38978,43.31519
1.16262,46.16735
2.25144,50.1698
2.31224,50.13955
1.82603,50.29819
3.62177,47.83275
4.18053,50.68332
5.81306,50.70725
3.88981,50.58457
4.86044,50.34835
5.3164,50.54204
5.70594,50.17756
4.13601,50.61247
3.76658,50.43159
5.79072,50.49061
3.68151,50.46353
3.73709,50.36259
5.74979,50.53299
4.89806,50.27103
4.91925,50.03213
4.54786,50.61074
4.50955,50.39244
3.61306,50.72596
4.66057,50.52316
4.89493,50.7373
3.59255,50.60901
5.63204,50.18525
3.21225,50.74226
3.61123,50.66974
5.8213800000000004,50.52817
3.67437,50.47935
4.5581,50.08688
3.30314,50.72222
5.79947,50.53052
5.70255,50.48765
3.20395,50.73125
3.73672,50.49115
5.3733,50.34336
3.24036,50.74705
4.69438,50.5677
11.098945,54.802142
12.532765,55.694164
10.342311,55.441964
11.875869,54.78622
12.373845,55.690866
10.206297,56.162254
9.905562,57.063268
5.7539,48.6915
7.152673,4.705497
7.09908,44.19499
4.97738,44.38879
4.91311,44.3449
6.99235,43.56817
7.01436,43.88271
6.00076,43.55509
4.91615,44.43489
4.82719,43.62619
7.19412,43.78583
6.99861,43.65803
5.4272,43.16442
4.82005,43.40132
6.16142,43.10038
4.96179,43.93889
4.70603,43.71816
6.93364,43.61536
5.15533,44.11531
6.87179,43.61758
7.05097,43.52095
4.94492,43.44415
5.03205,44.16269
7.11915,43.60848
7.05732,43.61081
5.27841,44.0678
5.08794,43.98157
4.63886,43.5392
4.76666,43.67219
5.37132,43.30065
6.10976,43.28192
5.4424,43.52408
7.52192,43.99806
4.76389,43.58223
4.82433,43.53624
6.91475,44.24678
7.11592,43.56355
7.18754,43.69597
7.31815,43.78098
5.01451,43.66788
2.10654,48.75103
2.36298,43.23628
1.49638,43.61231
1.56568,50.69366
2.8455,50.50093
1.65369,50.36733
1.89028,50.88285
1.96854,50.86818
1.6655,50.40536
-2.38,36.91
-8.69,43.31
-3.66,42.05
-5.96,36.51
-6.01,40.03
-5.65,40.49
1.98,41.41
-3.17,37.09
-5.89,40.39
-5.97,40.83
-5.34,41.48
-3.87,38.98
-0.21,40.84
-0.02,42.46
-3.18,43.31
4,39.97
0.77,41.76
-1.83,43.3
-4.63,37.08
-2.83,37.99
-5.67,40.94
-5.88,40.21
2.48,39.43
-0.24,40.57
-1.84,42.49
-2.61,36.82
-6.09,40.93
-6.47,37.06
-2.49,38.17
-4.88,42.3
2.82,39.89
-4.96,36.71
-3.4,37.99
-3.66,41.59
-1.12,42.3
-3.97,38.17
-5.42,40.4
-4.36,40.69
-7.34,43.21
2.21,42.13
3.17,39.52
3.06,42.23
-5.56,41.03
-4.62,36.63
-2.48,39.7
-8.94,42.5
-1.6,42.4
1.15,41.22
-4.82,40.32
-5.9,40.66
0.12,40.21
-3.42,41.24
2.1,41.32
-3.85,37.99
-4.63,42.13
-4.9,42.93
0.2,41.2
-0.59,40.31
-2.82,39.89
-6.47,43.37
3.06,42.05
-0.37,39.95
-0.83,40.14
-1.29,40.41
-1.95,43.3
-7.59,43.03
-3.76,39.88
-3.17,37
0.09,40.93
-6.2,41.11
-6.47,36.97
-4.73,41.31
0.19,41.38
-1.83,43.39
3.18,42.05
-3.06,37.27
-3.53,40.51
-2.69,43.13
4.11,39.97
-6.96,43.56
-6.88,42.3
-6.11,40.39
-4.83,40.5
2.46,41.51
2.94,39.43
4.11,39.88
1.38,41.59
-3.28,36.82
-4.83,40.41
-3.43,42.95
-3.43,43.13
-1.77,39.88
-4.79,43.38
2.83,39.34
-0.28,40.3
-2.61,37.18
-2.48,39.52
-3.79,42.4
-5.77,40.3
-1.63,40.96
-2.94,42.86
-3.39,37.18
-0.37,39.77
0.04,42.01
1.74,41.59
-5.18,36.62
-7.57,43.66
-6,40.66
-9.06,43.13
-5.47,41.84
2.71,39.61
0.23,40.39
0.9,41.58
-5.98,40.93
-5.66,40.67
2.83,39.43
2.94,39.34
-1.18,40.32
-0.36,40.04
-8.82,42.59
-6.53,38.69
-3.39,37
-5.56,37.78
-6.86,42.75
0.22,40.75
0.46,40.58
-1.84,42.85
-4.76,37.89
-4.81,39.96
-0.63,42.47
-0.23,40.3
-0.43,38.33
-6.31,38.32
-0.27,42.19
-3.28,37.27
-2.36,39.34
-4.13,40.78
-2.82,41.96
-4.14,41.5
3.76,39.97
0.67,41.3
-2.71,39.79
-6.02,37.14
-4.83,40.59
-5.81,41.47
-5.97,40.65
-1.54,39.61
-6.22,40.75
-0.26,39.76
-2.45,42.5
0.22,40.57
2.1,41.77
-4.41,37.17
-8.82,42.68
1.87,41.23
1.37,41.95
-6.36,37.06
-4.79,43.29
-0.83,40.23
-2.49,36.91
-8.32,43.4
-8.45,42.86
2.94,42.5
-5.15,43.11
-3.06,42.77
-4.73,36.54
-8.94,42.23
-2.82,42.59
-8.7,42.32
-5.4,36.35
1.15,41.4
3.06,42.41
2.94,42.14
-5.9,40.75
-6.21,43.54
-6,40.38
-5.03,43.2
-2.69,43.04
-2.37,38.17
-0.54,38.24
-5.5,36.25
1.15,41.13
-3.5,36.73
-5.42,40.58
-3.31,43.04
-4.29,36.9
-2.37,38.62
-7.96,43.12
-3.77,40.42
-0.54,38.42
-5.21,37.61
-5.69,41.48
-5.55,37.69
-5.44,37.88
-1.53,40.42
-4.53,37.53
-2.05,36.82
-4.85,36.81
-3.4,38.08
-0.01,38.59
-5.66,43.55
-5.19,40.68
0.19,41.47
-6.69,37.34
-5.77,40.48
1.74,41.5
-2.82,42.86
-0.37,39.86
-3.65,40.42
-0.34,40.58
-3.62,36.82
-5.06,40.23
0.34,40.67
-5.17,36.35
-0.5,39.59
-0.5,42.56
-5.05,40.14
-3.06,37
1.86,41.86
-6.04,36.51
-3.06,41.69
-0.89,38.06
-4.3,43.39
0.67,41.21
-4.31,38.08
-0.59,40.13
-8.08,43.03
-6.8,37.34
-5.18,40.41
-3.97,38.26
-5.95,39.13
-0.02,40.65
-6.45,40.94
-5.5,42.65
-3.31,42.95
-2.46,41.6
-2.69,42.77
-2.69,42.86
-0.88,38.51
-1.93,37.27
-4.91,43.29
-5.43,37.52
-6.46,40.49
-8.45,43.22
-2.94,36.82
-2.83,37
-5.85,36.52
-1.15,41.22
-5.97,40.57
-5.04,43.47
-1.96,43.12
-6.58,37.25
3.17,39.34
3.41,39.7
-1.86,41.86
-5.93,41.47
-1.46,43.12
0.01,40.12
-4.18,37.18
-4.29,36.81
-6.8,37.16
-4.15,42.13
-8.7,42.41
-6.05,39.13
3.41,39.61
-1.93,37.45
1.49,42.04
-5.53,40.22
-4.42,37.8
-2.03,38.35
-5.98,37.14
2.34,41.59
-7.01,37.98
-3.62,37
-4.09,38.71
0.11,40.39
-5.98,40.75
-7.31,39.6
2.94,39.8
-3.79,42.76
-3.06,41.96
-2.94,41.96
-2.45,43.31
-2.08,43.3
-5.28,36.26
-9.06,42.77
-3.68,43.04
-6.03,36.87
-6.58,37.07
-3.17,37.36
-0.65,38.42
-5.07,36.71
-6.13,40.03
-0.77,38.15
-0.7,40.49
-4.02,41.68
-2.94,37
-5.66,40.58
3.06,39.25
-5.2,41.13
-5.35,41.84
-2.21,42.58
-1.16,40.95
-3.51,36.91
-5.55,40.76
-4.59,40.41
-3.64,40.06
-0.71,40.22
-3.75,38.98
-6.21,40.93
-6.56,41.03
-1.41,40.41
-2.61,36.73
2.82,39.8
0.16,42.01
-5.67,37.78
-6.59,40.13
2.34,41.96
-6.91,37.34
-6.04,36.42
-5.29,40.31
-2.71,39.88
-0.8,41.04
-2.71,39.43
-5.58,41.57
-2.7,42.59
-1.43,39.6
-2.08,43.21
-2.94,37.18
-9.18,42.95
-6.44,41.12
-4.29,36.99
-3.42,41.78
-1.55,39.16
-1.24,42.48
4.23,39.97
-2.21,42.49
-0.49,39.68
-2.82,42.77
-0.59,40.22
-3.54,41.96
-1.27,41.13
-2.94,43.22
-7.35,42.76
-6.28,39.04
-6.23,40.39
-2.59,39.43
0.78,41.49
-1.64,40.51
2.7,42.32
-6.36,36.88
3.06,39.34
3.29,39.43
1.27,41.31
-0.72,39.95
-5.93,41.29
1.48,42.4
-4.64,37.44
-6.02,37.05
-1.73,42.31
-5.21,37.7
-3.62,36.73
3.18,41.96
2.22,41.41
-3.42,42.23
-3.31,43.31
3.18,39.89
-2.83,39.52
-4.51,36.72
-6.29,38.95
-4.91,43.11
-4.28,42.49
-0.02,40.75
-2.94,36.73
0.9,41.49
1.75,41.23
4.23,40.06
-2.6,38.35
-3.18,42.86
2.7,42.23
-7.48,42.49
-2.26,38.26
-6.02,40.57
-1.6,42.31
-4.25,41.32
-4.64,37.53
-2.83,37.09
-0.27,39.31
-5.54,40.49
-3.06,36.82
-0.72,39.86
-4.78,43.11
-2.09,42.13
-2.71,39.7
-2.82,39.8
-5.11,41.85
-1.96,43.03
-2.83,37.18
-0.39,39.41
-7.11,42.66
-8.7,42.59
-5.27,35.9
-4.74,41.67
-5.41,43.46
2.09,42.13
3.29,39.61
-3.06,43.22
-0.94,40.32
-2.48,38.53
-2.47,39.79
-5.42,40.49
-4.91,43.38
-4.28,42.67
-5.44,37.61
-6.03,40.48
-4.74,41.49
-5.97,40.84
2.45,42.23
-8.7,42.23
-6.82,40.41
1.48,42.49
1.98,41.32
-1.97,42.04
-0.84,39.68
-1.06,40.23
-2.26,38.44
2.34,41.69
-6.12,40.3
-5.8,41.02
0.31,41.3
-1.64,40.6
-7.36,42.22
-2.83,39.7
-1.49,42.22
-3.52,38.8
-5.99,41.28
2.36,39.52
2.71,39.79
2.36,39.61
0.57,40.67
-2.14,38.35
2.58,41.78
-5.97,41.29
-3.95,36.73
-3.84,36.73
-5.97,40.29
-2.46,41.69
-0.75,42.48
0.69,40.67
-6.33,40.85
-0.79,37.7
-6,37.5
-3.79,42.13
1.38,41.5
-1.52,40.87
-5.21,37.52
3.06,42.14
-5.97,41.12
1.73,42.13
-4.35,40.06
-6.68,41.12
-2.61,37
-2.72,37.9
-4.1,39.43
-0.4,42.2
3.06,42.5
-2.49,37.09
-3.06,37.36
-1.56,39.07
-4.73,36.63
2.45,42.41
-3.85,37.72
-7.24,42.3
1.74,41.41
-5.79,43.63
-3.31,42.86
-3.06,43.31
2.94,39.52
-4.76,37.98
-0.6,39.86
-6.8,37.25
3.06,39.52
-1.61,42.04
-5.69,41.3
4,40.06
-4.08,38.08
-3.3,41.87
0.35,40.31
-3.06,37.18
-5.99,41.46
-0.14,39.76
4.34,39.79
0.33,40.94
-0.1,40.75
-0.78,41.67
-5.97,40.47
-4.71,40.5
0.79,41.22
-1.3,40.05
-4.74,36.81
-6.32,41.03
-1.45,38.7
1.62,41.5
-1.6,42.49
-2.57,42.41
1.98,41.68
1.44,39.06
2.46,41.6
-0.09,41.02
-6.57,40.76
-6.03,40.3
-6.41,41.75
-1.97,41.95
1.38,41.68
-4.65,37.89
-5.63,36.61
-5.63,36.7
-5.44,41.12
-4.54,37.98
-6.33,37.69
-6.4,39.14
-0.52,38.96
-2.58,41.78
-2.45,43.13
-0.83,40.05
-0.06,38.95
-7.35,42.67
-3.88,39.88
-4.99,37.8
-3.41,40.52
-1.87,40.87
3.06,39.71
-6.2,41.02
-1.7,37.63
-8.45,42.77
-0.78,38.06
-0.61,39.77
-2.37,38.35
-3.9,41.95
-9.06,42.86
3.29,39.52
-5.53,40.31
-2.71,38.17
-2.46,41.24
2.59,39.79
-3.17,39.43
-2.72,37.81
-0.01,40.03
-0.02,40.74
-0.01,38.76
-4.71,40.41
-5.97,40.39
2.58,42.23
-7.58,43.21
-0.62,42.56
-5.86,36.88
-4.07,37
-2.82,43.22
-4.63,41.95
-0.25,40.48
0.58,40.58
-4.85,36.9
-7.49,42.22
-2.59,39.88
-6.23,40.48
3.17,39.61
-2.82,42.5
-3.73,37.18
-3.18,40.07
-3.54,41.51
-2.25,38.53
-6.16,36.43
-6.17,38.95
-5.26,42.84
0.24,40.21
-6.12,37.42
-5.97,41.03
-1.49,41.95
1.11,42.48
-1.97,42.4
-0.28,40.38
-7.2,43.56
-4.46,39.97
2.46,41.69
-0.11,40.39
-6.58,37.16
-4.15,42.31
-5.68,41.12
0.81,40.77
3.29,39.7
-1.59,42.85
-5.17,40.23
-5.06,40.41
-0.02,41.47
-4.07,36.82
-0.49,39.77
-8.33,42.86
1.21,38.97
-5.53,40.4
-3.39,36.73
3.88,40.06
-2.6,38.17
-5.97,40.74
-5.97,40.92
1.56,39.07
-0.4024,43.1227
-0.6024,42.99683
-0.42427,43.14356
2.47122,48.8432
35.463723,32.972091
35.110694,31.78264
35.358499,31.199958
34.980896,31.844407
35.418714,33.013617000000004
35.141074,32.526949
34.911439,32.359946
34.892685,31.952737
35.307093,31.832622
35.031468,31.726282
35.590023,33.087808
35.141053,32.72328
34.904743,32.124893
35.017912,32.480775
35.019932,32.45561
34.989367,31.913565
34.95646,32.625676
34.871761,31.809241
35.655948,32.909131
34.893075,32.411274
34.856662,32.253913
34.919388,32.578807
35.382903,31.835902
35.138856,31.762069
34.93132,32.107242
35.092854,31.710722
35.0826,32.892764
35.060418,32.757424
35.460499,33.08155
35.020484,31.726168
34.77196,32.05811
34.787802,31.962167
35.141124,32.758699
34.788914,31.134577
34.989744,32.805311
34.748976999999996,31.872674
35.617067,33.098965
35.643403,33.15814
35.38753,33.055738
35.075333,31.823219
34.977252,31.75759
34.921432,32.375055
34.942405,31.759516
34.784405,31.838986
34.93771,32.678333
34.646205,31.744368
35.082045,32.907894
35.76143,32.929615
34.936976,32.336232
35.59409,33.164606
35.018243,32.470072
35.646633,33.1802
34.926408,32.269894
35.048311,32.441329
34.946137,29.559193
34.933932,32.495095
35.457097,32.962854
35.004432,32.447805
35.08888,31.758606
35.53482,32.612573
34.658077,31.821516
34.905119,30.163434
34.971976,31.904642
35.248746,32.587373
35.564774,33.089687
34.708916,31.838625
35.105317,33.060251
34.972402,32.071757
35.552251,33.246544
35.005779,32.671778
34.917878,31.833802
35.008458,32.41515
35.461469,33.054183
34.891041,31.606384
34.759148,32.060149
34.777705,32.098097
35.524536,32.581734
35.031391,31.739251
35.006739,32.350401
35.237063,31.668325
34.630896,31.721502
35.016624,32.761938
35.334459,31.791987
34.697639,31.926444
34.930826,32.34667
34.950361,32.060587
35.238241,31.805748
35.649631,32.712172
35.592527,33.109259
34.926787,32.64886
34.781133,31.23378
34.688929,31.680572
35.589451,33.076882
35.068425,31.837434
35.491906,32.475535
35.365947,31.456883
35.654586,33.248875
34.896296,31.732069
34.6295,31.517923
35.105289,32.893912
34.907317,32.499436
35.106467,33.075779
35.572188,33.169767
34.607616,31.742038
34.890435,32.255399
34.878908,32.124856
34.984712,32.365731
35.109931,31.754376
35.125873,31.799145
35.435176,33.010135
34.630806,30.57275
34.642923,30.494167
34.594144,31.549324
35.547194,33.157828
34.743496,31.943942
34.975987,32.640239
35.045179,31.729411
35.460195,32.954146
35.253218,31.648317
34.980764,32.758976
34.396715,31.268556
34.742466,31.930041
2.09642,48.73704
1.7846,48.57751
2.14785,48.95083
2.35323,48.51771
1.1725,44.84045
3.09085,50.38177
2.46858,50.51031
4.16644,50.06129
3.92715,50.12437
2.38426,50.88333
1.78909,50.70042
2.93309,50.57252
3.15312,50.63246
2.28931,50.67513
1.87993,50.72858
2.76606,50.29002
2.44051,51.00745
1.78538,50.79343
4.11811,49.99514
3.25584,50.33076
2.28194,50.59661
2.37304,50.55073
2.76948,50.68687
2.56716,50.56464
2.59768,50.58923
2.52966,50.88113
3.35795,50.31145
2.34241,49.08251
32.41325,34.935215
33.295937,35.096504
32.944923,34.665592
32.809116,34.795536
33.443432,34.996727
33.316643,34.976524
33.365707,35.127777
33.50676,34.801231
32.912533,34.766785
32.693653,34.673203
32.977509,34.601112
33.414906,35.11182
3.878534,36.375638
33.217262,34.733574
32.951183,34.761345
32.458298,34.776997
33.168968,35.033844
33.403576,35.070274
33.411751,34.969429
-6.071233,37.364973
33.783623,34.979752
33.093338,34.706383
33.341732,35.160801
3.883233,36.391012
32.93866,34.783794
33.404305,35.138973
32.394936,35.013931
33.408764,35.089809
33.046612,35.137775
2.50317,48.85914
1.0465,46.68426
4.63502,43.40427
6.46529,43.04601
6.11219,43.32686
7.2528,43.73849
7.13861,43.87807
6.04587,43.23873
-0.25745,46.3714
5.9326,43.13654
4.1215,43.56503
4.22444,43.58969
0.09908,43.23363
-1.792667,6.176
2.477,6.373
2.456,6.393
2.364,6.358
3.883333,7.383333
2.567,6.392
2.476,6.389
2.4,12.916667
3.198,13.042
2.7185,8.907333
2.669667,8.886666
6.533333,7.183333
-5.492167,5.8055
8.533334,7.7
8.516666,7.7
-6.25,13.433333
-11.768666,7.754167
-13.693167,12.238334
-12.174666,12.552834
-12.824667,15.974667
-6.068666,6.188334
-14.123333,12.938833
-13.657166,13.771667
-12.926,14.090667
-12.842834,9.903666
-12.907333,9.319667
8.092334,6.289834
-13.15,14.016666
4.5225,7.8705
7.3895,6.901667
-11.126333,8.193334
2.453,6.384
2.423,6.388
2.936,11.135
4.034,13.644
2.397,6.469
2.111,6.435
2.421,6.363
2.457,6.358
-8.387834,7.601833
13.5,8.516666
2.10978,13.49489
3.308333,6.621666
-4.55,13.9
2.11413,13.50323
-11.423333,8.003333
-11.4255,7.940333
-7.453,5.870833
-13.283334,13.033334
8.788167,9.724167
11.807667,8.921833
0.372403,6.715928
-12.808167,9.687667
2.833333,12.416667
-1.516667,12.366667
8.3205,6.357666
-7.983333,12.8035
6.088833,6.7705
-13.7,9.516666
1.30565,43.78592
1.19218,43.5527
2.04663,43.52024
1.62392,45.02404
1.09658,44.00763
2.08586,43.75919
6.1899,43.10166
0.45742,43.48611
0.40195,43.50869
1.09548,43.62264
2.53346,43.69406
1.42976,43.66849
2.16636,43.47983
0.54914,43.34278
1.78723,43.36657
1.67305,43.37111
1.72005,43.14057
0.51634,43.68723
1.33358,43.76818
2.22215,43.81112
-0.24132,43.59755
1.7107,44.96285
1.27822,43.64846
0.66733,43.55539
2.09342,44.45141
1.11168,44.04713
-2.990007,51.582178
-1.455909,54.888526
0.528838,51.271316
-0.0506,51.637612
-4.384992,54.326961
-2.598594,51.449954
-1.96589,50.804052
-2.250055,53.473969
-4.669071,51.169255
-2.440563,57.229456
-0.205645,51.370311
-0.308864,51.493244
-1.61093,54.978984
1.134988,52.061635
-7.257142,57.475427
-2.649276,51.472164
-2.377913,53.451161
-2.967133,59.287874
-0.021302,51.812473
-1.146209,60.155226999999996
-1.313237,54.568773
-0.275912,50.836286
-4.158442,55.859225
-0.259189,53.708764
-4.968375,51.70619
-0.342739,51.552177
-0.865037,53.716035
-2.073381,51.473939
-3.202943,55.962133
-1.190462,60.186932
-1.298234,54.541726
-5.561069,55.466938
-2.705014,51.818011
-6.31806,49.918268
1.422842,51.338526
-3.513587,50.389528
-4.647897,51.174234
-2.5663299999999998,56.788766
1.307029,51.125974
-2.613104,51.458871
-2.508314,51.742601
-1.078214,50.840885
-2.94974,58.978165
0.520423,51.379421
-1.304663,54.618152
-2.706796,53.759769
0.085569,51.455417
-5.552999,55.377256
-0.198582,51.550053
-1.079508,53.956063
-0.410625,53.710869
0.684504,51.726526
0.057409,50.826388
0.373176,51.449947
-2.895115,56.503838
-1.475554,53.360723
-2.826126,53.269124
-3.724798,56.706243
-2.084241,57.13588
-2.984322,53.627477
-5.571641,50.16007
-2.98016,53.447737
-3.175269,51.49055
-3.062397,53.424561
-2.988627,53.488117
-1.614934,54.968662
-4.634787,55.458938
0.221976,51.448414
-1.452728,53.383092
-3.232964,54.115046
-5.115702,55.838697
-4.994927,51.997815
-0.058267,51.457888
-2.960256,59.355279
0.142458,52.20526
-2.219089,51.833407
-1.143308,54.558702
-3.225066,51.467561
-2.29519,53.464877
-0.266012,51.483626
-4.392374,55.895343
-4.146212,50.379571
-0.428483,53.841445
-3.130698,53.446406
-3.52428,50.722149
-6.301953,57.871421
-2.952125,58.749128
-5.53439,50.129723
-5.073979,50.151833
-4.90947,55.214483
-1.114141,50.818681
0.089675,51.545272
-2.893004,56.414009
-3.029239,53.919223
-2.187733,53.006665
-3.002636,53.443056
-7.244297,57.385978
-2.340377,53.464757
-1.396874,50.91041
-3.020275,53.550772
-4.527599,54.144255
-1.430943,55.000741
-2.89026,56.643129
-4.613171,55.490862
-2.978096,53.357864
-0.340885,53.750375
-0.492847,51.374357
-2.471873,51.720275
1.171079,52.056172
0.233773,51.542617
-1.38542,54.910656
-0.389971,54.24992
-1.218208,54.685027
-1.151691,54.527306
-3.192839,51.058746
0.55013,51.396765
-0.518593,51.244296
-0.060767,53.575366
-2.109036,57.140352
-0.477897,51.823766
-3.944395,51.624198
-3.530255,50.470253
-0.084488,50.828804
-4.555664,55.945989
1.755038,52.493246
-2.939038,51.560118
-4.483395,55.942973
-1.014434,53.807241
-1.503306,50.933392
-2.460626,50.605306
-2.471966,51.729266
-0.465653,52.183265
1.372356,51.335494
-0.147019,52.808071
-2.092535,57.149349
-0.202123,51.460183
-2.679052,53.449828
-0.583787,52.378048
-5.434486,55.830201
0.359305,51.180425
-4.803224,55.936107
-2.367143,52.192667
-4.764212,55.950472
-2.94362,53.497469
-1.010196,53.98697
-0.135737,51.499612
0.352302,51.463858
-4.463495,53.188083
-1.980118,50.714129
-6.38498,58.205825
-0.054443,51.547751
-1.781813,53.707727
-4.643327,55.939644
-4.619134,55.580622
-0.977988,60.351583
-3.066701,56.452619
-4.809728,56.025846
-1.235741,54.577296
-5.29832,50.258124
-5.544973,55.287571
-4.318068,55.856321
-0.162141,52.448669
-2.975622,53.578111
-2.898218,54.1989
-2.227336,53.451543
1.300988,52.628214
-3.952192,51.637557
-4.262463,55.86185
-2.584319,51.459018
-2.20944,51.316421
-2.355364,53.455725
1.76271,52.582951
-3.588139,56.564299
-2.282288,51.496101
-1.30619,54.528291
-3.915142,51.615686
-1.454695,54.978384
-2.241025,51.864832
-2.440591,59.29072
-2.707099,53.777743
-2.700008,51.494351
-1.792234,51.559198
-3.320566,54.702818
1.727797,52.606544
-2.325177,53.446822
-4.477664,55.853209
-0.120953,51.15765
1.250626,51.946072
-2.827681,51.385618
3.78204,43.46092
2.98839,48.66154
3.8632,43.66928
1.9627,46.72588
7.33861,44.05056
-1.663167,7.9685
-2.5,6.166667
2.387,6.367
2.312,6.413
-13.707334,9.5055
2.629,6.497
2.601667,8.770667
2.076,6.372
-12.71,13.8
2.634,6.511
8.783334,9.733334
5.5,6.133333
-14.833333,11.166667
-14.285,10.972667
-13.405334,14.140833
-14.339,13.856167
-13.283334,13.309334
-12.853333,10.039166
-12.9,13.333333
8.791,8.141666
2.63,9.376
-13.37,13.37
5.666667,5.9
2.635,6.469
3.315,6.637833
-3.25,14.566667
2.08104,13.52029
-1.208321,7.963826
-12.9,12.983334
-13.674,10.007167
-11.390667,7.9705
8.69,9.855
-14.49,13.835
-13.106334,13.207833
-14.435333,13.8095
-5.940667,9.6405
2.476,6.361
3.342333,7.1565
2.433,6.389
2.339707,9.648345
2.123,13.49
2.612,6.505
6.133333,6.75
2.456,6.368
2.605,6.514
8.483334,7.716667
2.09161,13.52093
-12.702167,9.923166
13.156,10.606667
8.889334,9.9735
-14.074333,12.924666
-12.9915,14.070167
-14.291,13.9375
-12.743,14.553667
-12.537833,10.059667
-12.487333,13.4
-12.48,13.39
7.390833,6.854
-10.661667,9.972
2.37,6.35
2.409,6.341
2.379,13.033
2.363,6.375
2.104,6.428
2.2,6.409
1.983333,7.983333
2.43,6.374
2.431,6.348
5.616667,6.333333
2.442,6.351
8.958333,9.692166
8.533334,7.75
-0.192333,5.655
-4.916667,13.376
2.10466,13.51709
2.1,13.533334
-7.493333,11.419333
13.22,10.453
-0.176167,5.653333
-14.437333,13.818666
9.008333,9.768666
-8.819,7.752833
-13.833333,9.95
-13.216666,13.133333
-10.930569,10.437373
6.2585,4.9215
-13.893333,10.003333
1.866667,7.1
6.103,6.738167
-0.851833,6.4495
2.166667,7
2.399,6.357
2.398,6.395
3.451,11.877
2.84,12.409
2.305,6.355
2.115,13.519
2.753333,8.970834
2.439,6.373
2.486,6.378
2.14032,13.51186
-5.024833,7.6895
9.839666,10.306167
-13.407833,14.103833
-13.021833,14.138166
-13.5,9.833333
-13.93667,11.876727
2.076,7.192
2.199,7.785
2.077,13.512
2.691167,8.969666
2.765,8.871333
2.087,6.359
2.462,6.382
2.434,6.365
2.594,6.497
2.651,6.487
2.389,6.379
2.614,6.47
-4.888834,6.123667
9.445,9.321834
8.533334,7.716667
8.5,7.733333
-11.738833,7.757167
-14.4695,10.519
-11.722333,7.769667
-14.605166,12.842834
-13.455833,12.3695
2.633333,12.55
-11.007306,8.279584
8.404,7.638
7.336333,6.9025
0.04338,43.38688
13.8188,45.64039
13.79266,45.62698
13.51875,45.9072
13.61669,45.9388
13.75182,45.68281
13.79875,45.64029
13.7725,45.6569
13.77092,45.64651
13.7587,45.64183
13.77249,45.6673
13.76475,45.60217
13.78414,45.65129
13.82802,45.62042
13.7796,45.6378
4.60921,44.14756
-0.048864,51.1734
17.08892,43.23952
17.01013,43.32016
2.70783,48.64502
4.16283,47.0934
5.4198,47.33108
5.33003,47.14593
4.90576,47.87822
5.41434,47.18877
3.07721,47.78004
5.08509,47.18886
3.71151,46.72055
4.99796,47.13776
4.29092,47.29214
5.25158,47.02256
5.1691,47.17275
4.6212,47.18734
3.95957,47.10619
4.11181,46.22739
-0.76012,43.60373
-0.04135,45.27913
-0.71277,43.61692
-0.66866,46.19584
4.78063,44.12204
5.51009,43.65757
0.91149,45.27581
6.36332,43.00541
6.76368,43.47199
3.81932,43.52168
3.88124,43.60739
3.92984,43.61767
2.07302,42.91452
3.72065,43.92054
4.06269,43.67072
2.634131,41.876175
0.638972,40.958377
0.676959,40.893037
0.630608,40.982622
2.560233,41.85188
2.458954,41.717642
2.362897,42.099772
2.61786,41.873393
2.653415,41.88731
0.658105,40.931451
1.06659,43.4401
2.03096,44.34987
0.77719,43.12957
2.22471,43.93929
1.34256,43.11152
1.39274,44.19353
0.37428,43.97167
1.27661,44.19541
2.01697,43.58273
1.34513,43.0216
1.75374,44.24251
1.73661,44.15624
2.58679,43.74648
2.27652,43.80201
1.32875,43.88742
1.09809,44.12601
2.15603,44.09923
0.39982,43.88833
0.44853,43.6221
1.65933,43.40724
1.7909,43.63092
1.86618,44.262
26.506112,41.847838
26.479826,42.117922
26.480414,42.045872
26.313579,41.828835
26.335046,42.081148
26.094294,42.007449
2.25686,42.6248
2.36405,42.46956
3.04052,42.58725
3.02395,42.47816
2.38593,42.43988
2.29418,42.45172
6.42263,43.3625
-1.51736,43.42654
1.92989,43.88807
4.05465,51.0652
4.30655,51.23352
3.75467,51.05341
3.56157,51.1852
3.7905,51.13283
4.15511,51.20857
4.25429,51.21201
11.09434,43.22885
6.900647,50.832977
7.33519,44.00563
6.73899,44.43314
1.36238,44.00024
1.30514,43.00308
0.49054,43.688720000000004
2.91565,43.84485
0.19749,43.4023
0.37328,43.89011
1.67239,43.72619
1.62521,44.73789
-0.08122,43.70955
-0.15426,43.79761
1.36184,44.48228
0.76172,43.82547
1.50637,44.05342
1.29309,44.43327
0.81616,43.71874
1.76922,44.46842
1.14042,43.47782
0.08686,43.16237
0.48374,43.02071
-0.15042,43.89825
1.3372,43.94347
1.54273,44.90422
1.99519,43.61101
1.17877,44.33581
1.44055,44.72593
2.509,43.7051
1.27196,43.82281
1.47186,44.232170000000004
1.97701,44.02155
1.69095,44.45514
2.45703,43.64031
1.51971,44.65959
1.63122,44.02206
1.05493,43.13068
0.34289,43.47949
1.461,43.52585
2.73955,43.56909
3.05695,44.00665
1.36117,44.69001
1.36583,44.2584
-0.17508,43.3033
1.02252,43.17659
1.27505,43.89185
1.75268,43.19842
2.13872,43.92981
1.05146,43.72383
1.45698,43.94555
1.6138,44.69865
1.15266,44.40976
1.64007,44.33468
0.91659,43.41348
1.98692,44.66357
1.48638,44.94585
1.83547,43.45519
1.25945,44.48877
1.46809,43.58272
1.62867,44.95151
1.90382,44.53377
2.21902,43.99501
0.54935,43.53703
0.97552,43.62803
0.3759,43.57993
-0.10272,43.37698
1.85315,44.34963
1.18457,44.672110000000004
1.21209,43.61183
1.35378,44.5423
1.44125,44.36583
2.2099,43.94852
1.40978,43.8348
6.73602,44.38818
1.50673,43.61806
1.48444,43.61754
-2.05189,47.12239
2.03724,45.71033
2.02662,45.72861
1.92305,45.87988
0.99016,48.52303
-1.0502,38.2495
-0.6931,38.1849
-0.7644,38.2117
-0.7146,38.2399
5.77895,43.44847
-6.37,37.96
-5.85,41.11
0.48,41.45
4.19,40
-5.37,37.73
-5.12,36.99
-3.87,37.59
-1.27,38.14
-5.34,36.11
-4.85,38.54
-5.37,35.91
-5.82,38.32
-4.57,37.15
-2.1,39.13
-3.8,37.66
4.18,40.01
-5.15,37.46
-3.77,38.7
-6.26,38.05
-4.02,37.4
-3.61,38.24
-3.78,37.26
-5.1,37.02
0.72,41.59
-5.23,37.12
2.87,39.82
-1.17,37.59
-3.49,38.23
-1.32,41.07
-3.4,37.9
-3.48,38.1
2.77,39.78
2.82,39.75
-5.55,36.71
-5.58,39.93
-2.85,37.09
3.18,42.04
-0.76,41.61
-2.83,37.1
-4.35,38.01
6.05094,44.49939
5.19177,43.43943
6.85969,43.43785
5.083,43.84662
1.16512,44.29275
2.44257,42.55889
0.72822,44.89379
-0.92876,46.23792
1.03522,47.98596
-0.47238,45.76936
6.06486,44.58021
0.97075,48.14019
1.5215,50.10579
4.87506,46.30769
5.33715,45.78701
5.68391,45.74988
5.47611,46.07194
5.17829,44.00684
4.77364,45.91409
2.27746,49.95817
5.59374,43.51675
4.38796,44.64322
4.73569,45.72123
8.70712,42.40796
-0.71671,43.79289
4.54609,45.03452
5.12469,45.80465
9.35359,42.21501
5.20315,46.82719
-0.97428,46.23771
9.34513,42.843
5.34354,43.8963
0.85729,49.5853
1.62039,44.51651
5.02137,46.12383
4.74392,49.11427
8.62913,42.22599
4.81075,45.97635
5.52725,47.76469
5.63699,45.37961
2.93205,48.70512
3.90989,50.22964
9.41032,42.89336
-1.81402,49.65235
8.80419,42.47824
2.24232,50.81224
1.28027,43.7637
0.89041,47.16497
1.8109,47.53542
5.5618,45.31858
2.00927,42.475
0.3368,44.68902
0.38469,44.28969
0.51999,45.14825
6.92401,45.93126
5.08634,43.54577
-1.88029,47.09573
7.53341,48.26878
5.34898,46.09959
-1.13385,46.22817
-1.01139,46.12427
1.31062,46.2489
4.70337,45.72059
9.49592,42.10611
5.42259,46.23396
5.64137,47.949
5.28426,45.88193
5.64452,45.68067
4.91781,43.55713
5.41653,48.25098
3.21036,50.32261
6.52285,46.05221
9.33331,42.64177
8.59582,41.89739
3.92574,48.79251
9.08308,42.27021
4.58311,47.18337
0.79308,43.59421
2.11098,46.83204
0.27533,44.28919
2.03224,49.76692
2.75261,42.47429
4.58091,46.00651
-1.65682,47.06026
5.80237,43.57645
4.16576,45.72704
-1.03752,46.14261
-1.06082,46.14574
3.14638,50.32789
6.15153,47.10138
2.37124,42.72769
3.92141,49.21947
5.045,45.99261
5.2601,45.68703
4.99731,46.21671
1.60999,50.03677
4.94578,45.96249
4.27685,45.53516
1.50252,45.05653
2.53857,50.72609
8.64738,42.43519
9.25789,41.31968
7.75355,48.62439
2.04807,44.2344
0.15739,44.23009
2.69724,50.14612
-2.59295,47.73278
4.52929,47.0565
4.72688,45.76132
-1.068,46.18381
4.74836,44.75201
5.91872,47.18586
-1.11418,46.13445
3.09681,47.07591
9.37309,42.39417
1.54386,47.55143
0.18634,47.19423
-0.83957,42.99444
4.8056,43.41638
-0.89222,46.21043
3.74351,46.14329
8.90324,42.51891
6.04289,43.16154
3.72172,46.05793
3.56888,47.19163
4.74036,45.92862
4.98476,44.03389
4.94935,48.62825
4.75077,44.70667
5.12247,46.29112
2.41363,43.10331
3.36738,43.57971
4.0825,43.77551
5.74667,45.11102
1.26633,44.31264
0.48108,44.79505
5.7574,48.75531
9.25366,41.59261
6.19686,46.80901
7.76776,48.57125
5.42003,43.72713
1.33506,43.57832
4.93527,47.69346
-1.17922,43.56879
0.25989,46.72857
4.81419,45.5797
9.25486,42.44745
1.21296,49.00344
-1.11421,46.1852
4.96296,46.38246
-0.2138,47.62535
-1.67923,47.36273
9.38307,42.9872
-1.02335,48.67942
6.44367,45.47753
-1.01789,46.2634
4.2864,44.3932
2.21901,50.94855
9.52906,42.28816
7.33014,47.63516
4.06275,48.91847
9.3524,41.81348
0.40769,42.91113
9.14072,42.49801
0.77472,45.02841
9.42606,42.97212
1.58671,47.56838
4.40741,43.65775
-0.2908,43.43406
0.32515,44.38349
6.74346,46.08792
6.78933,43.59868
2.44246,50.66946
2.16339,46.87875
-1.15265,46.18681
3.18822,46.39379
0.97779,44.89769
-1.01739,46.15475
-1.03139,46.22991
8.76007,42.54506
7.23881,43.92753
3.57847,46.53109
3.32867,46.95634
2.30508,42.67403
4.8466,46.26356
8.82055,42.2852
7.274,47.85875
4.34787,45.63647
-0.16332,42.96906
3.23906,50.46876
-1.63735,47.42098
2.02879,48.9457
9.3103,42.93909
-3.73441,48.32066
1.67495,47.58792
-0.70883,47.38124
-0.50975,44.50402
9.18165,41.55563
4.71145,45.78501
6.72401,43.96353
1.4295,47.61667
0.16166,43.41667
5.21572,48.4236
5.169,47.11188
5.04999,44.15529
5.52963,47.39257
9.43229,42.93184
3.62507,43.98896
6.24709,42.98531
4.12661,46.52544
3.14092,45.72569
6.14918,43.27648
5.33442,46.14673
5.59518,46.17937
5.30732,45.97285
4.22167,45.66397
0.92954,44.20451
9.32862,41.97184
7.6668,48.4335
6.5736,43.56564
6.01061,45.51415
8.76041,42.06955
6.40554,45.68312
2.53112,43.65855
9.18567,41.43501
5.20419,46.99904
0.76304,46.51041
8.87591,41.88332
4.38249,46.75185
4.93442,44.39459
-1.71448,47.14343
6.2537,47.16524
4.76595,44.17771
3.40142,43.6106
6.65167,44.37901
-1.02086,46.16843
1.13313,48.09948
9.51392,42.56603
4.35281,48.03682
1.51519,46.71026
4.39681,48.65784
8.90753,42.60135
4.27518,43.96736
5.38987,45.97953
4.09295,45.72929
5.64726,43.27174
3.8064,45.12814
-0.3012,45.52315
8.81888,42.37094
8.73005,42.15079
2.45289,43.62226
8.95552,41.87769
5.16459,47.12774
1.69231,47.49862
1.63369,43.05505
2.14545,42.47248
1.81713,46.64577
0.39455,45.07382
-0.97958,46.3119
4.86388,45.9677
4.17101,45.66981
-1.82641,47.2237
2.65176,42.77052
6.04,43.71158
-0.9477,46.14084
5.06739,44.27458
-0.9488,46.20614
4.84361,43.84287
4.56699,46.89302
2.41946,45.9132
2.2893,46.00251
5.83271,46.15432
4.59935,45.45305
5.49123,47.89236
0.83557,49.27651
-1.96737,47.41617
1.12743,44.26388
-0.64304,46.30072
3.99803,44.48473
-0.6293,43.11802
2.50566,50.68085
0.72594,47.77881
9.35376,42.90523
1.09878,42.9435
4.59551,49.77347
2.91586,42.83722
2.23171,44.01864
0.72395,49.3582
8.72446,41.98056
-0.98653,43.8511
5.82451,46.04395
-1.01632,46.19289
4.11157,49.29732
5.27042,45.95305
9.36839,42.68403
8.98877,41.86314
5.97149,46.17687
1.68535,44.12481
3.55628,46.11529
3.09591,50.26414
9.12021,41.51616
1.58217,49.72576
9.01418,42.60806
4.11134,48.09914
8.51785,42.35188
2.34342,43.20942
-0.60276,46.42457
5.6158,45.01371
9.42235,42.84221
9.2007,41.8075
8.62689,42.15446
8.89382,42.55904
9.36019,42.35517
6.24371,44.10606
-1.1661,46.20877
6.90662,48.75578
4.64202,45.87072
5.25237,48.35931
6.06268,43.55081
5.63766,46.13549
-0.02464,45.27384
4.71088,46.95052
7.29861,48.89782
7.26501,43.75272
2.45144,50.70828
9.40255,42.66298
5.16937,46.00757
2.032,50.08799
2.62951,49.86402
5.94558,45.35174
5.36499,48.03739
4.89242,45.31963
0.41158,42.96021
9.45434,42.02861
5.89199,45.69748
2.20222,45.32014
9.4733,42.54149
9.41668,42.65219
4.86944,45.64267
2.20492,46.76194
6.27759,43.52457
4.57689,46.04625
2.03998,44.28445
-0.48068,48.32448
3.28259,50.44997
-1.07453,45.83521
7.14061,43.75904
6.19637,45.77535
8.98969,42.58199
3.14778,42.44439
2.74814,42.67258
2.07702,50.94758
8.73319,42.07017
5.26076,45.98218
5.22882,49.61604
4.2508,45.56205
3.3969,46.23701
0.83613,47.79886
-1.38683,47.72218
3.90532,45.19307
5.75352,43.68551
6.40001,45.59316
9.34491,42.35782
5.22604,46.66452
0.90002,46.94919
2.62161,42.39697
6.229,43.56168
6.63691,45.89139
1.30879,43.44891
5.7957,43.13878
9.03863,41.51267
-1.18614,46.19378
6.36107,44.61065
5.02372,43.77953
8.77727,42.51834
3.0159,42.6217
9.01987,42.52009
4.75088,46.65111
5.57615,45.26323
5.13802,46.24626
5.32566,46.10603
-2.94837,48.63484
4.77804,43.70835
3.9436,46.13922
3.29827,46.15942
4.15137,45.72748
2.49099,47.06479
5.76168,43.08887
-1.37631,48.60554
3.35184,50.50184
5.99939,45.92563
9.20643,42.39397
9.12333,42.47431
4.74991,45.62498
-0.10747,47.39855
9.02952,41.42314
0.72259,44.80493
3.3415,47.00897
1.75621,46.71837
9.13718,42.21392
0.35781,44.30115
-1.07269,46.24334
3.96438,45.73047
1.95977,47.81432
-1.42928,47.50919
-1.9074,47.03437
5.2121,47.13808
4.63539,45.37226
9.36727,42.70684
9.40552,41.58098
9.32458,41.94632
-1.62348,47.13288
2.05223,48.74102
2.56628,43.29367
6.24927,45.99578
4.77264,45.78188
3.09958,42.46136
4.26704,47.96995
-1.62014,47.51878
4.78807,48.91571
3.86479,48.8284
5.95817,45.46161
5.78327,46.02765
8.75286,41.7692
2.36438,46.42781
5.96406,44.89019
8.63872,42.34553
1.66008,44.05224
6.02806,43.1001
4.25048,44.35459
9.44226,43.02148
4.67441,47.16855
2.52164,42.60003
0.37438,44.26032
0.50541,46.55495
-0.9037,46.17571
-1.11298,46.24842
-1.72379,47.05279
-1.81839,46.99981
6.12884,44.74082
-0.09565,43.00542
5.61288,43.55874
8.90466,41.7121
4.91194,45.73468
1.72374,44.90611
4.71643,48.80708
2.26358,50.76768
6.76286,44.21458
3.92156,44.89396
3.48282,46.13753
2.16133,44.42328
3.28062,45.37927
3.79444,46.06329
-0.69876,47.82462
7.55146,48.67073
6.90549,43.95214
0.94474,45.37336
8.94647,41.78812
-0.67736,42.91772
5.07903,45.80015
4.0763,43.56902
9.22898,42.40403
-0.64485,46.19225
0.92625,47.87708
-1.81785,47.08451
8.78616,42.608
1.00248,46.67206
-0.92803,47.34102
2.40464,47.07494
1.61099,47.52956
-4.333333,5.333333
-5.75,6.916667
-4.011667,5.348889
-3.066667,5.2
-5.033333,6.216667
-7.4167,5.85
-7.4,5.823333
-4.083333,5.383333
-3.516667,6.383333
-3.066667,5.283333
-7.416667,9.616667
-3.9,5.233333
-4.133333,5.316667
2.64122,48.84232
-3.307115,51.994035
3.3226,43.7248
-3.301439,56.033016
-0.1946,48.0156
6.20264,42.99649
-3.300519,54.073888
-2.826987,54.85098
-2.981557,54.448554
-2.843934,54.167836
7.19742,43.83076
7.38016,43.7785
5.63189,43.60968
4.82576,43.58121
7.33177,43.96069
7.0605,43.65574
5.552,43.20653
-4.285192,55.858374
-4.25573,55.871401
-4.423672,55.845747
1.334389,52.775673
1.320732,52.596184
1.482356,52.771418
1.468096,52.591956
1.461022,52.502222
3.62378,44.26019
3.48291,44.338
3.63375,44.12562
0.45343,44.51848
3.18447,43.21405
2.56067,44.38316
2.81734,42.81057
3.68063,43.57193
1.73848,43.26682
2.20064,43.21125
2.74782,43.01154
2.64201,43.17066
3.19213,43.22742
3.06286,44.47404
3.16834,43.21171
3.10473,43.13637
2.747,42.86225
3.13818,43.21273
2.56796,43.16169
3.10034,43.17864
2.68723,43.05879
1.94462,42.43439
1.55203,44.55459
3.13527,43.19823
2.25472,42.92104
3.06102,42.76453
2.89509,43.08866
2.41983,43.29694
2.38046,43.33797
1.55326,44.85071
2.62434,43.16971
3.67342,43.39289
2.92703,43.05471
2.13865,44.45416
3.55688,43.57263
2.68694,44.56943
2.9399,42.93738
3.18497,43.237
1.72378,43.27093
3.1565,43.21948
2.90547,42.94039
3.14196,43.22622
2.81349,43.84385
1.36164,43.5212
3.1822,42.49467
3.0671,43.12772
2.82833,43.11296
2.38353,43.30092
2.50751,43.16496
2.85445,43.3157
2.2780300000000002,43.29617
3.02019,43.16504
2.41784,43.30964
1.07918,43.64708
2.71292,43.20434
4.08974,43.78344
2.76242,43.10008
3.71021,43.66443
2.40587,43.29337
2.56798,43.26764
3.55776,43.66261
3.00776,43.01962
2.53999,42.94546
4.12062,43.53266
2.68137,43.10369
2.57023,43.12341
1.42866,44.46286
4.05515,43.74891
2.89268,42.93778
3.626,43.45051
3.06996,43.16293
1.70412,44.00877
2.27529,43.28469
2.95715,43.16975
4.13999,43.75072
2.67534,43.04825
3.86004,43.63134
2.72413,43.19838
2.98679,43.00266
4.55159,43.74297
2.96312,42.99156
3.06504,43.15067
4.30338,43.74622
2.4396,43.93257
2.81752,42.58457
2.32361,43.21209
0.9424,44.00465
3.6817,43.6619
3.06448,43.13758
2.5989,43.07829
2.60295,42.94357
2.34253,43.29691
2.05711,44.47003
3.1045,43.16592
3.55863,43.75259
2.86293,42.98969
3.08951,43.13446
2.84984,42.98108
3.14764,43.20136
3.11558,43.18169
1.50623,44.46221
2.45255,42.58332
1.85173,44.51518
2.48121,43.27381
1.45739,44.4302
1.18022,44.369
0.06862,43.2926
2.53926,43.33218
2.87897,43.24046
4.30543,43.8362
2.46638,43.15339
2.22624,43.28203
2.19522,43.03459
3.04204,44.31842
3.30793,43.30373
3.56575,44.4726
4.18299,43.9276
2.658,43.09596
3.80563,43.66106
2.95982,42.92743
2.49293,43.16702
2.49282,43.28038
3.88474,43.61943
4.15375,43.75422
1.59134,42.96357
2.7611,43.09049
1.55433,44.46458
3.67956,43.48196
2.79171,43.28337
-0.24709,42.98531
2.64531,43.08731
2.54975,43.27019
2.93704,44.56406
2.9615,43.09147
2.76544,42.99172
-4.030032,51.616903
-3.175038,51.481561
-3.362996,51.506502
-3.160184,51.463725
-3.145084,51.464323
-4.323362,51.68925
-4.737492,52.017124
-3.002424,53.434069
-3.002213,53.425081
3.17322,43.23012
3.30938,43.57362
2.93908,42.67461
2.1289,44.46273
2.43702,42.61983
4.55403,43.83294
4.80829,44.00906
2.93898,42.76453
2.82087,43.30066
2.93987,43.13838
2.18799,44.111
1.93985,44.01887
3.68818,44.20185
1.33277,44.33823
2.5983,43.161
3.18651,43.84385
2.48824,43.14322
2.77999,42.96786
2.32044,43.48196
2.95356,43.06845
1.28794,44.53175
2.51899,42.66669
2.80356,43.10949
3.11691,43.19798
4.18956,43.73742
4.19415,43.72858
3.03675,42.99433
4.30749,43.92618
2.7985,43.00457
3.09082,43.1636
2.98441,43.01256
2.50108,43.33087
2.33269,43.2881
2.91799,42.95448
3.06808,43.09629
2.92609,42.97889
2.20664,43.32476
2.81825,43.10778
2.6899,43.18393
1.30568,44.371
3.92957,43.66007
2.41116,43.22341
2.61008,43.15457
4.30956,44.01617
2.49982,43.25077
2.22806,43.31704
2.84207,43.32475
2.58195,43.16342
2.9537,43.13564
1.98846,42.79063
2.69539,42.6742
2.477133,41.708102
2.440919,41.725946
2.440371,7.480901
2.512863,7.481606
2.430473,7.445178
2.487704,7.452685
2.477203,7.429548
2.441105,7.49358
2.42707,7.47203
2.496949,7.454409
2.470183,7.534916
2.451816,7.450119
2.446073,7.413624
2.440806,7.505396
2.465659,7.503345
2.425171,7.458234
2.49131,7.501502
2.461312,7.464892
2.473635,7.546092
2.460884,7.427505
2.474344,7.420951
2.47642,7.52314
2.480219,7.475014
2.514693,7.493244
2.505754,7.496299
2.442519,7.462332
2.459028,7.417009
2.465363,7.454577
2.431904,7.426694
2.453997,7.511765
2.494826,7.478447
2.478556,7.496577
2.50868,7.454278
-6.034652,53.488541
-6.1797,36.3792
-6.021,37.342
-6.175014,37.201904
-0.3274,39.381283
-3.420154,37.655548
-7.231219,39.501995
5.97426,47.22716
6.12725,47.58349
5.56939,47.05669
6.78531,47.47387
6.13252,47.67343
5.84219,47.23047
5.55236,46.69673
6.77896,47.38395
5.44179,47.14953
6.93113,47.64928
5.85173,47.4104
6.38737,47.48613
5.43772,47.05954
6.08566,46.86384
1.92303,47.61382
2.02353,48.5776
-0.64494,43.4387
-0.82679,45.91473
-1.55,39.52
-1.54,39.700001
-0.97704,46.47583
4.84163,45.1422
3.09179,46.79108
-0.97049,46.3859
-1.28689,43.88556
6.37505,46.33808
-2.22913,46.98849
1.2752,49.31047
-1.25841,46.73621
4.59731,45.57232
5.5168,45.18359
3.14245,46.54832
4.49007,46.02632
-1.4996,43.43321
3.0828,45.44324
0.4037,44.37593
5.06376,46.0323
5.8304,44.97682
-1.5602,43.45577
6.1121,44.92598
2.24253,45.76268
4.7463,45.49028
2.93851,45.34113
3.11894,46.5139
3.22683,47.09777
0.34121,44.33792
5.30342,45.11052
5.01474,45.03122
-1.23734,46.46647
5.29431,46.33139
6.29552,46.11361
-1.26603,49.58662
4.15749,44.60448
0.22657,44.32449
4.39598,44.71802
-1.36026,46.37165
4.55465,44.82756
4.76425,44.88288
3.57928,48.52125
3.16219,45.60234
3.89353,43.62975
27.976314,44.676417
28.748021,45.16233
6.67757,43.48923
2.58896,48.84819
18.68344,42.38589
19.12371,42.08339
18.71346,42.39236
18.53945,42.45755
19.2032,42.4589
18.76792,42.40662
19.87115,42.84841
18.75681,42.43516
18.71471,42.40171
19.27757,42.42335
18.74145,42.394
2.73763,48.11099
5.03612,43.85053
2.826364,11.798283
1.494852,11.247928
1.587106,11.246652
1.868607,11.248714
1.276736,11.249106
2.949279,11.795262
2.770157,11.799514
2.342358,6.418197
1.84594,42.93386
-1.21013,46.78289
5.21203,43.41758
0.56076,44.17688
0.55689,44.26685
0.30223,44.35096
-3.674571,38.917907
-9.01406,42.476284
12.58812,38.03806
7.123594,50.417663
24.80278,59.43266
24.69493,59.40188
24.24473,58.41483
26.79868,58.24901
-3.120572,51.377472
32.407849,34.810781
26.530819,58.281658
24.666137,59.371384
23.946007,60.391664
-2.32865,50.6686
1.162847,52.042902
-2.075955,53.002294
-1.301213,52.855986
-0.19158,50.83289
-0.232789,51.480567
-0.746355,51.41618
-6.3575,57.89147
-0.97158,51.457316
10.483189,51.898266
7.143517,51.821297
8.560672,50.573483
10.269532,48.9207
8.847829,49.999321
8.501217,49.895233
7.33442,51.615997
9.758325,52.280251
8.541913,49.325291
13.317146,52.520439
13.345102,52.525658
6.745155,51.183754
6.914778,50.891312
7.063415,51.093819
8.632808,50.160213
8.599935,49.973331
9.570968,46.965649
9.861659,52.000195
8.420935,52.155426
7.906455,49.759815
8.049728,50.387917
7.12518,50.703308
8.355084,49.534653
8.229558,50.417728
14.324917,51.750095
12.175936,53.781994
10.70147,53.845303
12.32151,51.629635
9.000634,48.207775
8.901672,54.405144
8.75267,42.559151
8.544188,49.334885
12.193451,53.808861
9.20027,53.201233
13.560004,52.550678
6.87021,50.921055
9.009638,50.411942
9.806435,52.081966
8.23337,49.979939
8.957304,49.473911
8.335876,49.999825
7.551137,51.624023
10.451024,51.91853
12.266235,51.659351
8.647158,50.078106
12.286481,51.844543
9.027368,49.889725
9.860945,50.486588
7.055454,53.511635
7.145233,51.254608
9.925217,53.154583
9.268617,50.751968
7.330198,43.702507
10.38308,54.278572
8.346065,49.993565
9.167329,48.918613
8.261375,50.00774
8.932228,44.408768
9.575282,48.808392
8.134626,50.044605
6.838165,51.77177
10.151367,52.537945
8.588468,50.199844
13.302566,52.50536
7.094507,50.737
7.595272,50.453712
8.683319,50.168541
6.787496,51.573627
8.065166,50.02285
8.452279,49.984886
6.74368,51.664204
7.092533,50.748135
12.298164,51.64082
9.497344,51.141582
3.115326,39.785034
12.341725,51.39838
9.920783,53.590923
9.178926,48.907948
9.228137,51.170654
9.123921,52.323589
13.748388,52.504147
9.3643,51.102577
12.368403,51.388702
9.668315,53.752159
13.218494,52.417355
11.421404,49.333008
9.044065,51.689053
8.990571,50.544228
7.062578,51.566612
8.244349,52.780487
8.068224,50.302357
6.898985,50.907417
6.043854,50.816784
12.682171,48.91246
8.842919,49.988377
7.110255,51.14373
13.426017,52.423981
8.240179,50.072849
3.477731,39.715672
7.834394,43.9548
8.056068,43.920403
13.21209,52.539406
9.780893,52.159584
9.66563,52.333878
13.715508,52.728806
13.416748,52.507755
10.018182,53.899117
9.703623,53.579037
8.939576,54.547123
6.899092,50.893803
8.45089,49.921059
27.183952,36.837044
8.880043,50.025608
8.374047,50.823757
7.180109,50.66972
8.653278,50.152092
8.509169,49.979488
13.547173,52.545773
8.601265,50.088428
9.799667,49.890438
4.820509,53.120998
11.077236,49.454201
11.484361,49.040176
12.285173,51.856907
8.233566,47.586716
1.438351,38.686554
9.869144,53.622009
8.0768,50.400391
11.564446,59.878712
35.05,31.77
35.22,33
35,32.69
35,32.73
34.98,32.61
8.110314,49.132262
7.629691,49.481361
1.486,42.432
13.639389,47.089294
13.304433,47.312946
13.835784,47.105924
13.857625,47.185384
13.709495,47.219863
13.747276,47.071952
13.839672,47.07514
13.07513,47.79018
13.498444,47.098028
13.003544,47.289875
12.226136,47.247081
0.095,51.501
-2.965,57.344
-1.142,51.601
-5.757,56.575
-1.758,54.657
-2.954,57.335
-2.883,57.359
0.112,51.503
11.18291,48.893365
-0.14404,52.178644
-2.188439,53.168466
-3.016616,53.397993
-2.954057,53.290641
-3.225965,53.382093
-2.218448,53.186393
-2.595424,53.391848
-2.893871,53.282119
-2.602007,53.378782
-2.892,53.192242
-2.876852,53.183365
-3.031435,53.388877
-3.076988,53.406452
-2.729823,53.337169
-2.503616,53.257439
-1.468,54.876
-0.827,52.615
-1.592,55.071
-1.605,54.763
-1.509,54.884
-2.304,52.389
-1.225,50.708
21.634973,63.069125
25.159546,61.618819
23.361214,60.73754
24.513134,61.039426
13.43183,55.73997
13.57754,55.94945
12.24712,57.11275
13.17378,55.66768
13.00236,55.56083
12.23409,58.60159
13.70902,55.42722
16.45861,61.44992
20.03607,65.06502
12.93468,56.64928
16.7986,63.45989
13.92334,56.86374
17.97364,59.28202
18.06155,59.31259
17.94668,59.40823
18.15177,59.31637
12.57507,56.19301
18.0551,59.32733
18.34592,59.40184
18.08342,59.28241
-2.685875,51.512418
-2.700146,51.503342
-2.739277,53.449471
-2.979333,53.411788
-2.94845,53.376082
-2.94925,53.412031
-2.708566,53.413702
-3.009416,53.411537
-3.044794,53.626965
-3.014989,53.645198
18.0628,59.36383
150.946409,-33.776383
151.491501,-33.265628
151.1885,-33.752389
151.019131,-33.739184
151.280654,-33.727903
151.046572,-34.008379
150.853996,-33.718167
151.528853,-33.297084
151.145156,-33.703360000000004
151.260885,-33.814102
150.852248,-33.666333
151.32294,-33.628585
150.340002,-32.698191
151.384794,-33.509457
150.853721,-33.527407
151.249964,-33.752725
151.091878,-33.756871
151.397706,-33.419217
151.419062,-33.34302
151.149576,-34.010393
151.257226,-33.843941
151.080497,-33.846061
151.154111,-33.710707
150.80515,-33.644879
150.862576,-33.656413
151.269583,-33.806394
151.16,-33.8071
151.24455,-33.829
151.284042,-33.761365
150.839543,-33.79681
151.203939,-33.909035
151.302198,-33.410061
151.461769,-33.417999
151.103515,-33.753476
150.840277,-33.685781
150.88757,-33.578286
151.353467,-33.437156
150.982733,-33.451034
151.193834,-33.731288
151.231246,-33.934443
150.939695,-33.760582
151.226086,-33.714656
151.26456,-33.8939
150.99227,-33.57188
151.051739,-33.943872
151.000309,-33.654055
151.196979,-33.745621
151.00688,-33.81396
150.97918,-33.92692
151.06412,-34.019051
150.981735,-33.756525
151.25191,-33.835725
151.425943,-33.272577
150.849122,-33.806761
151.176052,-33.7028
150.815617,-33.748152
151.16055,-33.939752
151.113619,-33.971106
151.290403,-33.341129
151.175552,-33.673932
150.948535,-33.711918
151.01218,-33.7953
151.171754,-33.848036
151.197746,-33.81566
151.424638,-33.21313
150.730321,-33.619906
151.25162,-33.86739
151.23102,-33.681911
151.384433,-33.493603
150.88969,-33.618169
151.234989,-33.752018
151.406892,-33.359269
151.060011,-33.826424
150.786726,-33.744342
151.139117,-33.658182
151.285907,-33.405998
150.95141,-33.364855
150.873769,-34.035121
150.991117,-33.399226
151.507879,-33.248792
151.031661,-33.895
151.08176,-33.8785
151.074739,-33.826672
151.157849,-33.727326
151.053821,-33.783749
151.035114,-34.025759
150.724477,-33.764301
150.93008,-33.55125
151.089661,-33.909197
150.717004,-33.71632
151.365201,-33.390217
151.416917,-33.296813
150.875632,-33.988883
151.270627,-33.762743
151.33412,-33.31307
151.313666,-33.639503
151.039814,-33.941794
151.11613,-33.84736
151.444742,-33.299834
150.875618,-33.59782
151.19965,-33.88638
151.164623,-33.293341
150.894949,-33.805577
151.432867,-33.487621
151.262821,-33.31793
151.162828,-33.822889
151.423277,-33.506103
150.980318,-33.508707
151.291429,-33.672105
151.151757,-33.625517
151.137092,-33.892695
151.036495,-33.95037
151.466334,-33.269316
150.876149,-33.613916
151.427926,-33.449281
150.856044,-33.587167
151.035134,-33.98805
151.27393,-33.69948
150.841667,-33.867222
150.89266,-33.99196
151.157991,-33.902342
151.08612,-33.96393
151.027824,-33.960553
151.343785,-33.526634
151.113505,-33.732546
150.851252,-33.858482
150.876888,-33.667887
151.27795,-33.63634
151.254673,-33.69214
151.321771,-33.648051
151.024095,-34.041425
150.932094,-33.702681
151.26848,-33.249773
151.09371,-33.98776
150.757939,-33.760167
151.116734,-34.013269
150.947701,-33.693111
150.941967,-33.56197
150.950631,-34.105962
151.233413,-33.883646
151.171989,-33.865171
150.934438,-33.67228
151.139595,-33.806977
150.78463,-33.79736
151.155643,-34.04553
151.256365,-33.887095
151.35561,-33.501568
151.23014,-33.78807
151.215824,-33.805306
151.421624,-33.494162
151.165275,-33.718989
150.928281,-33.661499
151.214697,-33.763552
151.397229,-33.254777
150.982238,-33.6608
151.264014,-33.904132
151.28371,-33.662167
151.130285,-33.814487
151.103162,-33.844322
151.317795,-33.619712
151.23276,-33.96305
150.962406,-33.720008
151.292664,-33.509544
150.998223,-33.715068
150.994076,-34.074301
151.380908,-33.451041
151.147284,-33.937666
151.1192,-33.9149
151.033362,-33.762721
151.114461,-33.721822
150.952734,-33.788204
151.26868,-33.73033
150.7588,-33.6741
151.199356,-33.586085
151.011352,-33.732272
151.136527,-33.967299
150.64685,-33.631756
150.98234,-33.89769
151.138495,-33.849932
151.083622,-33.978867
151.30552,-33.49924
151.187638,-33.772537
151.381995,-33.432667
150.921664,-33.736128
151.394387,-33.501161
150.879023,-33.929332
150.952901,-33.738273
151.172928,-34.019895
151.322041,-33.39692
150.912126,-33.667537
150.99614,-33.797023
151.134238,-33.933137
150.904126,-33.461198
150.853807,-33.873007
150.78917,-33.43715
151.261688,-33.794682
150.991179,-33.826709
151.220632,-33.913368
151.231629,-33.988513
151.255859,-33.777993
151.209267,-33.705116
151.397421,-33.48144
150.673591,-33.532018
151.24454,-33.94405
151.116237,-33.926805
151.262401,-33.722899
151.386414,-33.299333
151.212373,-33.819224
151.099308,-33.939349
151.018626,-33.837851
151.302921,-33.692667
151.219949,-34.036951
151.420887,-33.427216
151.15174,-34.058504
151.10421,-33.85695
150.81927,-33.685728
151.351172,-33.366301
150.874607,-33.963342
151.067307,-33.907568
151.01365,-34.05528
151.015528,-33.710362
151.01665,-33.934073
151.154762,-33.882417
151.143332,-33.770782
151.365855,-33.467945
151.432729,-33.465255
151.122153,-33.745352
150.874657,-33.735069
151.10086,-33.65712
151.168011,-33.91675
151.232844,-33.827689
151.421212,-33.356389
150.928551,-33.618437
150.911121,-33.816573
150.9859,-33.73118
151.446728,-33.278922
151.338038,-33.378751
151.285142,-33.846391
150.888752,-33.600056
150.87546,-33.940025
150.84821,-34.03019
151.536162,-33.289206
150.795301,-33.616186
150.671098,-33.551107
151.172,-33.8298
150.891367,-33.933725
151.108952,-34.118295
151.108862,-33.787136
151.031243,-33.748728
151.148131,-33.731916
150.971569,-34.195702
151.53894,-33.301901
151.129165,-33.881443
150.9184,-33.83878
151.41331,-33.19501
150.967268,-34.017596
151.184346,-33.667564
150.969126,-33.967295
151.463869,-33.399407
151.21065,-33.861476
151.082367,-33.720592
151.122056,-33.674155
151.086976,-34.035646
151.357449,-33.427978
151.12909,-33.73297
151.556096,-33.275945
151.47215,-33.386167
150.877939,-33.820785
151.234426,-33.690691
150.927674,-33.684573
151.320739,-33.411886
151.170225,-33.781846
151.446337,-33.269076
150.903212,-33.596082
151.184787,-33.887724
151.186715,-33.878118
151.383136,-33.385544
150.893195,-33.55207
151.503551,-33.204272
151.249688,-33.682793
151.102369,-33.682593
151.213646,-33.885554
150.720397,-33.691742
150.903746,-33.586939
151.130685,-33.906571
151.367386,-33.434319
151.060591,-33.990969
150.873055,-33.854839
151.368423,-33.490887
151.153869,-33.75656
151.10485,-33.77577
150.969351,-33.740047
151.336421,-33.627148
150.70941,-33.70606
151.198195,-33.545026
151.00783,-33.985428
151.098159,-34.046722
150.715669,-33.574814
151.04493,-34.04584
150.952394,-33.871268
151.18946,-33.704503
151.513896,-33.211336
150.80629,-33.55305
150.959368,-33.889257
150.911205,-33.953233
150.944762,-33.923808
151.435823,-33.305255
150.90508,-33.48524
151.311089,-33.656806
151.062417,-34.040023
151.062626,-34.079819
151.261818,-33.747346
151.154291,-33.591704
151.13119,-33.718297
150.765212,-33.541891
150.779274,-33.858298
151.560655,-33.262689
151.117198,-33.945502
151.085053,-34.047128
151.31098,-33.51876
151.02036,-33.687897
150.684384,-33.384505
150.787709,-33.883379
151.182021,-34.033678
151.019897,-34.00979
151.264841,-33.872032
151.342222,-33.401512
151.276891,-33.671001
150.9846,-33.7219
150.94489,-33.974961
150.81942,-33.47566
150.807891,-33.712984
151.129986,-33.764233
151.495243,-33.346539
151.219657,-34.004259
151.113667,-34.049198
151.049489,-33.983694
151.448662,-33.234812
150.991344,-34.046809
151.32181,-33.43953
151.239081,-33.819705
150.992694,-33.781399
151.179717,-33.713711000000004
151.230698,-33.806873
151.324316,-33.637512
151.560957,-33.253401
151.391345,-33.437532
151.169982,-34.031408
151.054794,-34.167248
151.246135,-33.733239
151.409823,-33.329998
151.543725,-33.21741
150.857892,-33.758223
151.06558,-33.839938
151.362995,-33.509397
150.693624,-33.745408
151.254636,-33.919771
151.186376,-33.685428
151.34299,-33.26697
150.83816,-33.73114
151.221233,-33.831119
151.148327,-33.891298
151.406791,-33.498695
150.961502,-33.905319
150.709427,-33.618769
150.853593,-33.91906
151.46377,-33.408506
151.562091,-33.28505
151.055073,-33.750673
151.073907,-33.812518
151.30003,-33.660971
151.193204,-33.953473
151.13851,-34.06429
151.025876,-33.718849
151.40132,-33.293629
150.58202,-32.925396
151.29853,-33.398326
151.188822,-33.809102
151.134838,-33.681563
150.90751,-33.792608
151.101829,-34.012166
151.169478,-33.800479
151.46147,-33.278266
150.664808,-33.561928
151.247839,-33.997588
151.330627,-33.602979
151.185515,-34.023351
151.033194,-34.016046
150.888972,-33.591043
150.818884,-33.793154
150.820369,-33.536301
151.137692,-34.038209
151.148016,-33.865681
150.855809,-32.987758
151.353793,-33.356007
151.233344,-33.741173
151.202768,-33.773782
151.441912,-33.400842
151.195071,-33.761152
150.89337,-33.97151
151.270265,-33.852228
151.289676,-33.76911
151.075403,-34.060447
151.23456,-33.288713
150.99989,-33.72794
150.961954,-33.779844
151.191586,-33.94177
151.321781,-33.50828
150.857089,-33.539674
151.031503,-34.142531
151.13563,-33.60389
151.040403,-33.793725
151.1325,-34.089444
151.174949,-33.480043
151.100517,-33.901112
151.147603,-33.689871
151.296144,-33.733761
150.932572,-33.744342
150.999989,-33.540494
150.870901,-33.726573
151.01889,-33.813302
151.304094,-33.649762
151.052302,-33.884709
151.375151,-33.521692
151.003247,-33.74983
151.128016,-33.826719
151.242109,-33.769208
151.162868,-33.9249
151.364094,-33.522926
151.481223,-33.36041
150.969524,-33.773339
150.85539,-33.509221
151.411957,-33.274203
151.155459,-33.91116
151.007219,-33.770046
151.165955,-33.689243
151.036029,-33.658902
151.067108,-33.739522
151.18669,-33.822666
151.053333,-33.671605
151.151361,-33.615081000000004
150.99844,-33.70208
151.057144,-33.657665
151.041673,-33.436331
151.471399,-33.252721
151.01634,-33.99246
150.682939,-33.596281
151.044694,-33.690193
151.121271,-33.710213
151.273308,-33.227262
151.204237,-34.118373
151.301171,-33.615427
150.98853,-34.134621
151.412156,-33.235855
151.284003,-33.797826
151.196122,-33.84374
150.802417,-33.635069
151.098553,-33.880654
151.370138,-33.38122
150.99892,-33.682141
151.170988,-33.90198
151.43048,-33.438575
151.123865,-33.937488
151.342604,-33.440108
151.26647,-33.78295
150.785521,-33.707169
150.940634,-33.683888
151.133174,-33.796218
151.385335,-33.484581
151.083458,-34.024675
150.929836,-33.561859
151.323574,-33.474078
151.045319,-33.775643
151.22481,-33.904316
150.775494,-33.622004
151.294406,-33.685222
151.107218,-33.913519
150.771492,-33.530551
151.224395,-33.748204
151.43741,-33.22944
151.2419,-33.79205
151.425086,-33.472954
150.837584,-33.621831
151.482072,-33.255238
150.840333,-33.975399
151.28871,-33.819208
151.113265,-33.814602
151.228681,-33.732251
151.12684,-34.03507
151.094817,-33.741628
150.86749,-33.97024
150.703836,-33.555552
151.103026,-34.033024
151.166602,-33.709342
150.906929,-33.432972
151.279513,-33.71802
150.93626,-33.956126
151.247868,-33.316994
151.067674,-33.716664
151.22153,-33.89534
151.333834,-33.511679
151.037163,-33.868351
151.166049,-33.893069
151.277798,-33.416154
150.991648,-33.690673
151.565493,-33.239877
151.181867,-33.841962
151.120157,-33.659605
150.984717,-33.958648
151.17215,-33.759387
151.128994,-33.84406
151.034475,-34.130821
151.039728,-33.978881
151.009734,-34.073095
151.2833,-33.692756
151.015399,-34.083499
151.271083,-33.880305
151.20038,-33.834589
151.219977,-33.679706
151.271586,-33.688151
151.273178,-33.749403
150.974564,-33.949052
151.15254,-33.79933
150.602889,-33.220656
151.268983,-33.715526
151.302139,-33.743597
151.0507,-34.10628
151.18112,-33.79626
150.68474,-33.613537
151.502886,-33.258807
150.842759,-33.914651
151.204103,-33.898293
151.258669,-33.759417
151.289415,-33.391618
151.095796,-33.78973
151.065404,-33.758161
151.472928,-33.218415
151.000912,-33.640258
151.226913,-34.027097
150.73368,-33.810046
150.859423,-33.846325
151.153922,-34.068058
151.420576,-33.391553
151.024289,-33.979084
151.31795,-33.249518
151.080595,-33.862803
150.777149,-33.496117
150.897959,-33.536795
150.944109,-33.748644
151.24106,-33.915437
151.21523,-33.742774
151.297233,-33.803987
150.97279,-33.64353
150.984076,-33.745698
151.240322,-33.872189
151.169574,-33.814318
151.003682,-34.006923
150.90943,-33.645728
150.75618,-33.69446
151.029801,-34.05564
151.410674,-33.420156
151.471367,-33.238487
151.29398,-33.724851
151.478487,-33.197253
151.298275,-33.598253
151.259472,-33.943761
150.824907,-33.802624
151.3695,-33.50143
150.756948,-33.738944
150.724013,-33.609296
151.390323,-33.282943
151.079602,-33.660957
151.03492,-33.927716
151.398521,-33.47118
151.450133,-33.253325
150.956716,-33.705974
151.21098,-33.72181
151.047912,-33.637439
151.12806,-34.07806
151.279668,-33.873702
150.984099,-33.531312
151.166717,-34.007566
150.702774,-33.76544
150.75843,-33.516766
151.168922,-33.791093
151.14129,-33.981937
151.300502,-33.82222
150.924536,-33.712912
150.80837,-33.58272
150.780718,-33.836221
150.938326,-33.499647
151.203734,-34.034925
151.219369,-33.689464
151.060742,-33.811103
151.165817,-33.877983
151.266532,-33.825472
151.496082,-33.237184
151.028005,-33.399461
151.497614,-33.362689
151.203649,-33.825788
150.865646,-33.579423
151.00236,-33.964525
151.140654,-33.953226
151.342859,-33.475762
150.756109,-33.531524
150.95904,-34.145333
151.149,-33.8181
151.330249,-33.256554
150.79471,-33.50547
150.905024,-33.919351
151.194083,-33.473154
150.686258,-33.552011
151.13304,-33.699172
151.093515,-33.773727
151.303277,-33.530684
151.411363,-33.310175
151.30492,-33.375675
150.982366,-34.182753
150.876117,-33.754042
151.157541,-33.697123
151.27255,-33.77435
150.920987,-33.673326
150.958477,-33.693705
151.367862,-33.34866
151.48529,-33.183707
150.771379,-33.734728
151.076289,-33.763648
151.096672,-33.811732
151.449693,-33.364192
151.11547,-33.68701
150.800388,-33.896067
150.877576,-33.808372
150.61712,-33.51735
151.288298,-33.424562
151.014698,-33.721766
150.868806,-33.534791
151.301868,-33.813221
150.861949,-33.550903
150.976833,-33.784889
150.90202,-33.54654
150.914592,-33.693479
151.2189,-33.5467
151.04061,-33.744035
151.068241,-33.679764
151.04345,-33.80235
151.234764,-33.836535
151.358686,-33.457097
150.98045,-33.39549
151.286576,-33.807754
151.258927,-33.804095
151.265321,-33.913146
151.368228,-33.329479
151.276684,-33.654316
150.771473,-33.720439
151.267642,-33.156026
151.095632,-33.712067
150.82113,-33.6091
151.168291,-33.73166
151.176516,-33.769635
150.914,-33.965
151.248992,-33.743652
150.862777,-33.779081
151.084843,-33.920167
151.056497,-33.62553
151.193977,-33.927133
151.061659,-33.879653
151.180381,-33.513969
151.07628,-33.77283
151.230431,-34.015713
151.089809,-33.688215
151.102428,-33.73472
150.62,-33.53
151.004915,-34.030815
151.08382,-33.78884
151.141273,-34.083496
151.297117,-33.418406
150.935638,-33.905177
150.71077,-33.747391
150.725418,-33.582412
151.472896,-33.366408
150.85048,-33.817244
150.964787,-33.574279
151.133493,-33.753628
150.825195,-33.781069
150.904873,-33.933723
151.206392,-34.016988
151.367701,-33.424116
150.767739,-33.506317
151.427071,-33.175085
151.204725,-33.75664
151.195503,-33.679398
151.389826,-33.309992
150.858878,-33.489092
151.274931,-33.45345
151.071339,-33.975635
151.527397,-33.201782
151.462497,-33.244856
151.189383,-33.832065
151.442734,-33.242645
150.731856,-33.743109
150.900654,-33.686822
150.965193,-34.251216
150.735818,-33.785173
151.305103,-33.545955
150.80507,-33.75603
151.34303,-33.51706
151.238078,-33.643852
151.19693,-33.79639
151.258624,-33.664737
151.424776,-33.334877
151.332298,-33.413089
151.18248,-33.85163
151.054784,-33.838685
151.144283,-33.743926
151.160068,-34.014681
150.855438,-33.972076
150.628994,-33.524118
151.328115,-33.6139
151.019715,-33.784169
151.18207,-33.7832
150.997065,-33.8688
151.109358,-33.832941
150.963608,-33.956621
151.092297,-33.83669
150.812254,-33.874096
150.768954,-33.774536
150.993932,-34.05805
151.374178,-33.400603
150.973456,-33.762835
151.085,-33.9386
151.246006,-33.845976
150.951575,-33.76014
151.097092,-33.95628
151.371985,-33.340079
151.19282,-33.90986
150.788848,-33.626922
151.066184,-33.616484
151.30888,-33.701824
150.544845,-33.420314
151.273559,-33.795505
151.251076,-33.786741
150.993994,-33.974248
151.4332,-33.37574
150.750789,-33.684209
151.065471,-34.003557
151.459435,-33.261273
151.142444,-33.903327
151.24379,-33.88692
151.074709,-34.037072
151.0959,-33.698
151.21946,-33.87791
151.401295,-33.446318
151.184179,-33.899963
151.482674,-33.398326
150.830964,-33.454783
150.37578,-32.838776
150.980458,-33.798736
151.150648,-33.648436
151.029818,-33.704172
151.547896,-33.294539
150.969546,-33.894932
150.98610300000001,-33.807234
151.083909,-33.798611
151.121251,-33.769538
150.868018,-33.826834
151.12894,-33.86739
151.04095,-33.81271
150.702525,-33.64289
151.11548,-33.880445
151.411899,-33.511291
150.823642,-34.000079
151.244649,-33.96102
150.973317,-33.715989
151.476315,-33.435181
151.137307,-33.648691
151.157007,-33.737261
151.21558,-33.78507
151.313617,-33.36309
150.969243,-33.655486
151.198112,-33.720782
151.236748,-33.725472
150.865187,-33.690624
151.159514,-33.765405
151.136474,-33.834441
151.013217,-33.9464
151.126998,-33.780212
151.116012,-33.780305
151.056748,-34.031304
150.918968,-33.746368
150.72234,-33.65774
151.552525,-33.224308
150.846289,-33.967159
150.809796,-33.654053
151.347375,-33.393428
151.038068,-34.03623
150.964102,-33.94105
151.082183,-33.991611
151.410554,-33.472573
151.318841,-33.599625
150.897484,-33.764989
150.738591,-33.65601
151.284142,-33.709393
151.153728,-33.784464
151.328806,-33.579732
151.124002,-33.835865
151.221748,-33.863468
151.320161,-33.664383
151.08352,-33.80818
150.686959,-33.64098
151.284038,-33.777007
151.292511,-33.702818
151.293261,-33.750508
151.272416,-33.861493
150.784767,-33.727686
151.303628,-33.675964
150.771559,-33.765099
151.121218,-33.892549
151.202824,-33.786451
150.979499,-33.991757
151.316871,-33.421857
151.450594,-33.376327
151.04624,-33.72185
150.909351,-33.531196
151.076563,-33.748779999999996
150.958108,-33.859289
150.794,-33.653133
150.78921,-33.6445
150.911869,-33.683794
150.969639,-33.749501
151.140443,-33.671728
150.925411,-33.961309
151.127249,-34.05977
150.888017,-33.699863
151.37934,-33.18651
151.419252,-33.464585
151.118579,-33.858631
151.231104,-33.765092
151.050423,-34.02054
151.160302,-33.864267
151.396856,-33.365997
150.711964,-33.588068
150.957127,-34.185325
151.218091,-33.794969
151.339078,-33.428561
151.247445,-33.809354
150.880934,-33.830755
150.875413,-33.798976
150.977639,-33.700917
151.284929,-33.788004
151.13996,-33.87796
150.66404,-33.541916
151.376071,-33.472143
151.158922,-33.85495
151.379638,-33.370383
151.170333,-34.082786
151.280163,-33.834682
151.309997,-33.485522
151.233121,-33.322362
151.446312,-33.428268
151.136482,-33.91426
151.132467,-33.858188
150.767024,-33.575584
151.059478,-33.977255
151.185514,-33.921054
151.303522,-33.444762
151.316637,-33.741542
151.264028,-33.962901
151.179108,-33.72662
151.392524,-33.932209
151.160978,-33.954738999999996
150.625084,-33.573236
151.028961,-34.000167
151.116481,-34.069967
151.156601,-33.663508
150.854062,-33.941445
150.767923,-33.703791
151.408583,-33.392311
150.649387,-33.515571
151.220376,-33.772691
150.925825,-33.909646
151.105335,-33.763787
151.141111,-33.712778
151.068142,-33.794078
151.004228,-33.787175
151.274494,-33.890294
151.289153,-33.538721
151.251312,-33.819533
151.33024700000001,-33.273875
151.200547,-33.856817
151.013744,-33.868242
151.215886,-34.025597
151.299697,-33.757758
151.456934,-33.350996
151.013626,-33.633705
151.109864,-33.67293
151.026021,-33.881058
151.096905,-33.97458
150.897972,-33.748046
151.116877,-33.987622
151.386686,-33.847438
151.38727600000001,-33.464418
151.019853,-33.766153
151.319683,-33.674176
150.937951,-33.654978
151.137401,-33.631574
151.284896,-33.992846
151.116843,-33.759842
150.95883,-33.644463
151.085542,-33.829061
151.065392,-33.770512
151.244266,-33.988606
151.18138,-33.910463
151.14927,-33.921826
151.439123,-33.352153
150.98983,-33.38307
151.329048,-33.488838
150.890389,-33.788117
151.101017,-34.141441
151.234818,-33.894198
151.172805,-33.885445
151.3573,-33.399391
151.084047,-33.704949
151.229263,-33.920195
151.210352,-33.872942
151.44,-33.41
151.446994,-33.447918
151.198088,-33.873567
151.053864,-33.733046
151.212176,-33.939283
151.283933,-33.280226999999996
151.242803,-33.927231
150.704208,-33.480453
151.052353,-33.796362
150.7,-33.5
151.224457,-33.820894
151.214402,-33.838447
151.214213,-33.849816
151.222955,-33.844341
152.593596,-31.643317
152.664879,-31.878443
152.881327,-31.457591
152.929139,-30.700889
152.1591,-30.6306
153.18052,-30.091787
152.822285,-31.160162
152.818179,-30.228886
153.156283,-29.994209
152.796489,-31.647758
152.986007,-30.485331
152.925746,-30.904419999999998
152.600792,-31.783528
152.911142,-30.728093
152.80103,-31.369138
152.971404,-30.471179
152.958206,-31.240996
153.073927,-30.362549
152.126981,-30.651775
152.387216,-30.513182
152.775506,-31.36269
152.971652,-31.194116
152.814136,-31.398979
152.943987,-29.694185
153.119779,-30.279786
152.893593,-31.423859
152.777767,-30.902372
152.881667,-31.207222
153.03028,-30.437714
153.109392,-30.298612
153.085531,-30.305413
152.816737,-31.065026
153.067623,-30.274567
152.358723,-31.195192
152.817697,-31.562123
152.801084,-31.470926
152.733596,-31.634323
152.822759,-31.171995
152.929137,-31.474405
153.108553,-30.149103
152.534342,-31.765258
152.87476,-31.480042
152.306402,-29.700889
151.644123,-30.480102
152.978471,-30.496348
152.969892,-30.642036
153.072936,-30.429778
152.919844,-30.708138
152.73555,-31.460211
152.823568,-31.447948
153.048081,-29.785285
152.838467,-31.537294
153.07758,-30.34527
152.916478,-31.477239
152.820535,-31.20659
152.804686,-31.659261
152.933243,-30.654474
152.897928,-31.474649
152.996909,-30.731191
152.749111,-31.538847
152.920287,-30.860268
152.821358,-29.809156
153.284536,-29.776126
151.941704,-31.341058
152.870141,-31.010625
152.473677,-31.532412
152.984339,-30.271979
153.162098,-30.19056
152.659768,-31.446114
153.099574,-30.346132
152.356008,-31.131117
152.615776,-30.432843
152.796482,-31.164147
152.809158,-31.590125
152.94845,-30.672962
152.967988,-31.319046
152.872716,-30.615049
152.823121,-31.573648
152.355802,-30.535589
152.865804,-31.114837
152.920883,-30.721115
153.218652,-29.926061
153.100153,-30.370962
152.795226,-31.099134
152.780993,-31.464388
152.779761,-30.213937
152.98137,-30.72134
153.149368,-30.305101
152.91581,-29.683447
152.990628,-30.881882
153.078002,-30.902252
152.737911,-31.534882
152.882089,-30.709109
153.023163,-30.487018
152.86411,-30.63358
153.234153,-29.908888
153.157239,-30.131814
152.462896,-30.146216
152.876353,-30.927412
153.063032,-30.134197
151.637222,-30.416389
152.783653,-31.725327
153.06347,-30.284496
152.779772,-31.516045
153.034363,-30.305262
152.991675,-30.871055
152.804016,-31.379004
152.784686,-31.043806
152.908429,-31.46632
153.082911,-30.330129
153.287606,-29.764387
152.763144,-30.21075
151.512471,-30.655961
152.9332,-30.882004
153.029516,-30.271926
152.547291,-31.835846
153.091437,-30.315567
152.183498,-30.696139
152.931034,-29.71255
153.15389,-30.06877
152.742665,-30.094749
153.0156,-30.369444
153.101979,-30.319666
152.326273,-29.720458
152.932675,-31.464748
152.177482,-30.607565
153.09578,-30.15738
153.124255,-30.270144
153.089338,-30.353244
159.080004,-31.538675
152.755833,-30.340833
152.860214,-31.350102
152.852607,-31.554234
152.313878,-29.712696
152.922154,-31.459328
153.156016,-30.214092
152.352335,-30.112806
152.955136,-30.663463
151.720741,-29.993123
153.086222,-30.372058
152.893086,-31.454902
152.79538,-31.188507
152.978006,-30.576985
153.063888,-30.920667
152.88821,-30.784853
152.993545,-30.899198
152.438971,-30.210665
152.824063,-31.145225
153.07992,-30.92809
152.82517000000001,-31.27014
152.781783,-30.239209
153.182715,-30.103899
153.180769,-30.015406
152.759429,-31.06091
152.983347,-30.631931
152.99235,-30.51469
152.300786,-31.64871
152.851076,-31.431205
159.04439,-31.514429
153.049963,-30.304355
152.96914,-31.202841
151.624706,-30.402213
152.659435,-31.431743
152.86263,-30.951289
153.043073,-30.903564
152.824678,-31.133143
152.73259,-31.495162
159.070055,-31.519173
153.129982,-30.257374
152.842911,-31.464429
152.993774,-30.757786
152.803786,-31.360399
152.715197,-31.465996
152.96253,-30.653548
152.83304,-31.639478
152.984371,-30.646868
152.126091,-30.809455
152.942336,-30.68479
152.99641,-30.2024
152.887072,-29.762886
152.88,-31.38
152.497059,-30.025001
152.867579,-30.400092
152.823568,-31.234815
152.315686,-29.723508
153.007705,-30.552415
152.718023,-30.365424
153.006295,-30.49838
152.303024,-29.715419
152.997446,-30.534611
153.151249,-30.229377
153.192327,-30.136941
153.054446,-29.750176
152.863068,-31.463876
152.069568,-30.925455
153.205272,-30.005414
152.938019,-29.704217
153.148666,-30.239306
153.032486,-30.911656
152.830623,-31.580891
152.81391,-31.65447
152.91693,-31.415114
152.914206,-29.69326
152.954798,-31.232305
152.432599,-30.107943
152.962361,-31.251707
152.980793,-31.186849
152.962214,-31.304157
153.175609,-30.170632
152.996397,-30.435213
153.051406,-31.065044
152.778325,-30.513832
152.938588,-30.727575
152.686218,-31.414902
152.895054,-31.152373
152.795227,-30.271717
152.86953,-31.455857
152.912297,-30.418958
153.031083,-29.785994
152.776147,-31.033938
153.09158,-30.283981
152.70644,-31.439165
153.146541,-30.207724
152.952515,-30.689061
152.793931,-31.434244
152.699176,-29.878151
152.784627,-30.364649
152.823194,-31.195816
155.6678,-32.9818
152.818761,-31.462845
153.13407,-30.278257
152.13781,-30.424399
151.886246,-30.019987
153.000635,-29.703551
152.773322,-31.453965
152.860721,-31.004524
152.887443,-30.919387
152.8746,-31.02878
152.768306,-30.224747
153.063875,-30.902621
152.847469,-31.103312
153.078108,-30.38646
153.323538,-29.679471
153.177437,-30.118549
152.955302,-30.082476
152.86259,-31.02126
153.071882,-30.412633
153.176026,-30.077977
152.858998,-30.98527
152.809082,-31.344248
159.090547,-31.546788
151.893082,-30.04504
152.810051,-31.16169
152.812413,-31.26993
152.832697,-31.452926
152.646373,-31.874679
152.898865,-30.44368
153.069665,-30.877804
152.562917,-30.376728
152.805266,-31.435909
153.055997,-30.333952
152.827485,-31.11369
152.744517,-30.396271
153.0614,-29.740747
151.725951,-30.67441
152.924589,-29.691575
152.982406,-30.52185
152.757579,-31.482129
152.159616,-30.07246
151.8871,-30.02914
152.990278,-30.496944
152.384382,-31.606737
152.516028,-31.59449
153.294873,-29.773396
152.99424,-30.832994
153.126614,-30.293844
151.897028,-30.034088
152.817614,-31.087483
152.823796,-31.181156
153.004109,-30.640672
152.640042,-30.204603
152.76026,-30.114636
152.901152,-31.412396
152.964178,-30.771711
152.930428,-30.895754
152.0884,-29.690263
153.126386,-30.188965
152.720037,-31.636163
152.82489,-31.2829
153.002774,-30.894344
153.137708,-30.22644
152.995864,-30.745629
153.151245,-30.19233
152.96432,-31.291525
151.926906,-30.004892
152.734652,-30.373581
152.879024,-31.447511
152.709311,-30.496251
152.892797,-30.418023
152.740868,-30.384422
152.823668,-31.423019
153.163437,-30.099629
152.959071,-31.281599
152.642387,-30.145185
151.472382,-30.507311
151.58358,-30.33602
153.020551,-30.121964
151.90031,-30.46495
153.28465,-29.816737
152.892752,-30.458631
152.843135,-30.219443
152.813177,-31.279588
152.749162,-31.633247
152.964443,-31.216609
152.236242,-30.627883
152.837201,-30.74841
153.068358,-29.828306
152.925899,-31.442577
153.004719,-30.297944
152.918228,-30.224467
159.075233,-31.567517
151.600105,-30.474104
153.098519,-30.303164
152.866961,-31.439828
152.958806,-29.656459
151.665612,-30.511543
152.671997,-31.445453
152.844332,-31.599156
151.579185,-30.472966
153.19742,-30.077155
153.137272,-30.287259
151.730921,-30.561127
153.003082,-30.589527
152.507104,-31.350482
152.905045,-30.456804
152.907769,-31.427911
152.880795,-31.438146
153.104964,-30.274738
153.194397,-30.060269
151.708626,-30.437898
152.903601,-31.436291
152.819855,-30.737545
153.1,-30.2
149.132068,-35.343991
149.962848,-35.407979
149.080349,-35.34391
148.972247,-35.304682
149.163822,-35.186448
149.112101,-35.401205
149.164534,-35.257219
149.114783,-35.250917
149.159352,-35.269031
150.649461,-34.917794
150.222372,-35.812127
149.111168,-35.263542
149.048859,-35.228204
149.139756,-35.675236
149.066222,-35.268539
150.065626,-36.413972
149.075815,-35.384312
149.051132,-35.362484
149.141404,-35.451468
149.095729,-35.327381
149.117115,-35.289542
149.100083,-35.343258
149.216457,-35.034736
149.019317,-35.267369
149.143539,-35.297814
149.098404,-35.365162
149.182726,-35.238863
149.19642,-35.291116
149.167295,-35.304029
149.089345,-35.384141
149.100271,-35.402944
149.120985,-35.275538
149.115607,-35.374874
149.147272,-35.18281
149.790319,-35.074744
148.962701,-35.319262
149.4805,-35.33365
149.153611,-35.155556
149.058422,-35.219303
149.083282,-35.321708
150.485974,-35.364503
149.143554,-35.166972
149.133239,-35.327972
149.233262,-35.41639
149.085268,-35.288385
149.721721,-35.231539
148.833744,-35.320028
150.685867,-34.942554
149.074692,-35.247356
149.196711,-35.427656
149.359894,-35.408081
148.998857,-35.337601
150.722472,-34.671542
148.8894,-35.457908
148.977832,-35.488498
149.100742,-35.491589
150.613393,-34.636881
149.274061,-35.262388
148.5696,-34.1196
149.218438,-35.595611
149.121095,-35.298072
149.097336,-35.303392
148.968374,-35.228836
149.070149,-35.221602
149.03089,-35.248592
149.122966,-35.265168
149.11864,-35.351787
148.891888,-35.489877
149.134414,-35.261525
149.332152,-35.024212
150.714695,-34.068069
150.87665,-34.221899
149.69319,-35.720708
150.680415,-34.256653
150.233806,-34.278588
150.588993,-34.98257
150.383136,-34.629031
148.968922,-33.570858
150.45213,-35.3463
150.533136,-35.246123
150.7392,-34.6766
150.500055,-35.229807
150.301218,-35.032913
150.843487,-34.388569
150.453673,-35.360771
150.472576,-35.354637
150.284843,-33.128443
150.472732,-33.730155
150.303189,-33.618292
150.364945,-33.693265
150.388347,-35.321168
150.801454,-34.062145
150.221826,-34.340415
150.882916,-34.230221
149.727745,-34.747918
150.609801,-35.050988
150.905746,-34.241812
149.275336,-35.348306
150.748299,-34.649769
150.419888,-34.143818
150.742524,-34.027453
150.471787,-34.420393
149.099147,-33.288109
150.742678,-33.992554
150.045116,-33.105096
150.454067,-34.452608
150.160905,-35.705317
150.430397,-33.716395
150.132417,-33.365198
149.576942,-33.431869
150.159187,-33.366653
150.459265,-33.719626
150.288203,-34.155864
150.03541,-36.552138
147.454045,-33.626304
150.853559,-34.374212
150.390248,-34.501628
150.378441,-33.701749
150.727143,-34.761995
150.704539,-34.035143
150.11111,-34.182566
150.308948,-34.653104
150.79412,-34.54458
149.8118,-34.4585
150.252401,-34.256421
150.312581,-33.687209
149.349436,-34.582473
147.430115,-33.562982
150.122519,-33.513063
150.89533,-34.47054
149.706361,-34.065816
150.575799,-34.209631
150.680797,-33.777701
148.475683,-33.412721
147.979824,-33.880296
150.840325,-34.679214
150.785691,-34.421734
150.724289,-34.78199
150.357245,-33.910866
150.355972,-34.388774
148.98672,-33.498037
150.912263,-34.34986
150.689779,-34.209558
150.050108,-33.420438
150.258719,-34.132162
150.382863,-35.545473
150.248938,-34.269512
150.846555,-34.64026
150.6543,-33.79069
150.137928,-34.190243
150.10651,-35.67002
150.163968,-34.567379
150.77728,-34.5822
150.831085,-34.120278
150.611527,-34.302993
150.203939,-33.536843
148.735226,-34.074869
150.918,-34.316
149.461505,-34.624428
148.984628,-33.5313
150.845435,-34.063504
150.35097,-33.849806
149.839211,-36.083443
150.581953,-35.02544
150.45572,-33.72856
150.33789,-33.70698
150.553643,-34.205234
150.665827,-34.247547
150.299364,-34.187453
150.085632,-33.156688
150.698816,-33.773508
150.46841,-34.3758
150.867162,-34.48438
150.710251,-34.964481
150.812219,-34.400041
150.545118,-34.312272
150.787764,-34.464416
150.941451,-34.287911
150.284157,-33.946183
150.59693,-34.912387
149.7459,-35.5453
148.743711,-33.830005
150.846396,-34.075339
149.00215,-33.34673
149.334499,-32.998456
150.27411,-34.203557000000004
150.81356,-34.464502
150.895281,-34.35566
150.613645,-35.089865
150.689496,-35.076171
150.358075,-33.709369
150.089475,-34.167031
150.845266,-34.457212
150.577589,-33.708367
150.760633,-33.92781
150.71056,-34.199534
150.236854,-34.294259
150.902813,-34.419115
150.697912,-34.229703
150.086347,-35.927683
150.298102,-33.632358
148.520324,-35.074086
150.512164,-34.411028
150.49493,-34.345908
150.198461,-34.614121
150.285162,-33.635612
150.803667,-34.153298
149.791104,-33.392805
150.783968,-34.112165
150.126087,-34.462881
150.147682,-33.520551
150.722873,-34.001294
150.055658,-33.411449
150.388363,-35.537225
148.486628,-32.979684
149.097,-35.458
150.257947,-33.591174
150.703386,-34.733243
150.380864,-34.732668
150.183937,-34.343837
150.218598,-33.421083
150.180083,-34.01787
150.542515,-34.956785000000004
150.287755,-34.190379
149.717505,-33.095438
150.327942,-33.713539
150.165384,-34.24477
150.69716,-34.02102
150.094793,-36.142942
149.980337,-36.357291
150.131435,-36.285034
149.484505,-33.648446
148.529775,-33.308353
150.793347,-35.048482
150.609058,-34.487149
149.611806,-35.447935
150.149483,-33.361778
150.575818,-33.694074
149.692274,-34.08476
150.551031,-34.333126
150.527981,-34.473022
150.00118,-34.631768
150.114127,-34.128126
150.22893,-34.259612
150.74472,-34.05285
150.114901,-35.561178
150.034518,-34.698433
149.2309,-35.35304
150.677651,-34.244968
150.369112,-33.720067
150.430601,-34.439252
150.803362,-34.142663
150.335998,-34.639966
150.445502,-35.398451
150.758102,-34.930615
150.368935,-34.387953
149.780588,-33.387482
150.77786,-34.76672
150.011224,-36.227962
150.035498,-33.817828
150.893074,-34.427798
150.891637,-34.368968
150.671148,-33.877462
150.8151,-34.08566
148.093573,-34.569215
150.055703,-35.911033
150.057341,-34.558327
149.332271,-33.45192
150.692539,-35.090904
150.29747,-33.65838
150.157217,-35.956215
150.641505,-33.776586
150.745731,-34.891321
148.013434,-33.979228
150.191039,-33.414196
147.751166,-33.698817
150.781553,-35.009925
150.805126,-34.104139
150.269778,-34.294566
150.854473,-34.678579
150.765756,-34.298602
150.573121,-34.105752
150.777388,-34.493452
150.31166,-33.729736
150.845016,-34.591536
150.463439,-33.736978
150.69478,-34.057516
150.5917,-33.92857
150.191094,-35.694126
150.281254,-34.182842
150.636044,-35.09045
150.697932,-34.200462
149.651172,-33.581774
150.245074,-33.945737
150.368859,-34.370233
150.579658,-34.27786
150.753216,-35.12557
150.46871,-34.59603
148.983287,-33.348836
150.52209,-35.25116
150.941192,-34.253647
150.612985,-33.758569
149.939204,-34.716755
150.384458,-35.497478
148.730342,-34.047886
150.389336,-34.348173
150.434839,-35.314884
150.615364,-34.044714
150.863624,-34.57694
150.888291,-34.301777
150.022258,-33.824315
149.721878,-34.768852
150.17308,-34.47787
149.327253,-33.473929
150.21079,-35.762496
150.536884,-34.740325
150.700529,-34.645351
150.637756,-34.281666
150.718186,-35.003334
150.6136,-33.72184
150.308275,-33.672368
150.382042,-33.716589
150.804812,-34.375899
150.62869,-34.331996
150.444633,-35.371308
148.520492,-35.0831
150.16628,-35.822782
150.123879,-36.108457
150.317998,-33.65639
150.7188,-34.79095
148.530952,-35.05592
150.90357,-34.32944
150.28714,-35.686859
149.988662,-34.721607
150.0148,-36.37854
150.909472,-34.381294
150.85094900000001,-34.689167
150.507241,-34.818149
150.725,-34.749
150.165653,-33.479861
150.533964,-33.6899
150.32321,-33.66773
150.680393,-35.091819
148.002187,-33.943246
150.762935,-34.098087
150.571385,-34.507853
150.603643,-33.716102
150.795422,-34.51809
150.261504,-35.641429
150.89355,-34.39366
150.621057,-33.95599
150.712581,-34.189014
150.572394,-34.193487
150.227641,-34.286982
150.723495,-34.052198
150.552056,-34.883839
150.576755,-33.719713
150.658586,-34.516291
150.130754,-36.049562
150.233197,-35.782692
150.205296,-35.814683
150.65804,-33.79938
150.676801,-35.100909
150.844965,-34.493243
150.388823,-35.481799
150.41079,-33.728512
150.231023,-33.448264
150.78505,-34.186982
150.763991,-34.695089
150.250434,-34.284451
150.075604,-36.183753
150.603906,-34.873622
150.794081,-34.505395
150.784177,-34.474521
150.67101,-35.07437
150.433642,-34.478131
150.171966,-33.420359
150.524438,-34.734323
150.867942,-34.384905
150.633023,-33.850965
150.867288,-34.465442
148.972565,-33.461878
150.60599,-33.886009
149.999209,-32.752876
150.48757,-34.98168
150.766271,-34.788582
150.498688,-33.488411
150.228925,-34.30083
148.48878,-34.92555
150.781694,-34.506283
150.817441,-34.493575
150.407943,-34.508467
150.470247,-35.369655
149.580917,-33.421035
150.2696,-35.682857
149.67409,-35.60579
149.059945,-33.292407
150.762313,-34.066007
150.580398,-34.841113
149.977672,-34.727902
150.365738,-34.555885
150.629725,-33.947754
150.031434,-33.015182
150.140075,-35.926311
150.303743,-33.70466
150.552845,-33.693895
150.521153,-34.953157
150.425868,-34.462164
150.381496,-33.726362
150.616676,-33.74398
150.126166,-36.310519
150.194934,-35.328438
150.433723,-35.05527
150.63715,-33.72827
150.486735,-35.216472
150.631314,-33.772134
150.119787,-36.173614
150.286471,-33.868189
150.624181,-33.672037
150.44336,-35.328913
150.129795,-35.683015
150.124768,-36.20581
150.355167,-33.607828
150.262457,-34.304605
150.615734,-34.176089
150.86784,-34.39584
150.17727,-33.344013
149.363149,-35.660944
150.63954,-33.92959
148.953539,-34.391925
150.627489,-33.740211
150.669774,-34.09894
150.855987,-34.622661
150.430439,-34.862525
150.612183,-33.676943
150.797818,-34.210647
148.726744,-34.820351
150.471146,-34.488423
150.364961,-35.544339
150.648855,-33.741317
150.11834,-36.077682
150.467206,-33.476109
150.716213,-33.808879
150.897377,-34.441995
148.858021,-34.426892
150.250601,-35.491543
150.297953,-33.731298
150.691754,-34.187263
150.0928,-35.90732
150.852145,-34.403156
150.16189,-35.85726
150.650493,-34.279854
150.652913,-34.506704
150.672933,-33.770451
150.195896,-35.677447
150.162764,-35.689397
150.613772,-34.540594
150.589762,-34.203378
150.73509,-34.540245
149.572222,-36.112368
150.289979,-33.643753
148.542084,-35.064795
150.703819,-34.722611
149.838843,-34.16866
150.704019,-34.2206
150.710479,-34.669105
150.096669,-34.176128
150.214539,-34.149047
150.780155,-35.026379
150.144455,-35.670611
149.972077,-34.270258
150.886516,-34.377805
150.705055,-35.000311
150.123272,-35.516798
150.25603,-33.215262
150.726172,-34.070554
150.195574,-34.492372
150.636124,-33.806664
150.727748,-34.497142
150.46466,-34.637876
148.69749,-33.818597
150.37655,-35.082311
150.583239,-34.222033
150.601615,-33.684618
150.750711,-34.578603
150.196922,-33.424138
150.263964,-35.621439
150.298839,-33.71921
148.16135,-33.08125
149.641626,-35.365873
150.780551,-34.199469
150.738288,-34.295131
150.862239,-34.65124
150.602875,-34.557402
150.674062,-33.801104
150.833231,-34.093208
150.930977,-34.308239
150.877273,-34.428582
150.745475,-34.090636
150.315975,-33.717089
150.714775,-34.286878
150.586558,-34.177995
149.196363,-33.20623
150.117697,-34.481315
150.595724,-34.52907
150.185698,-34.381539
150.599961,-34.598245
150.18272,-35.839959
150.416634,-35.422006
150.215351,-35.776075
150.702858,-34.792778
150.39643,-34.55058
150.188043,-34.151301
150.286549,-34.167305
150.212588,-33.40664
150.42446,-34.4831
150.89503,-34.256613
150.848698,-34.612237
150.39331,-35.513444
150.485445,-33.741876
150.410364,-34.449022
150.768793,-34.289533
150.4126,-34.803552
150.612958,-34.551956
150.086812,-35.767902
150.85885,-34.55211
150.615594,-34.062425
150.289583,-33.677772
150.147839,-33.477817
150.282,-34.464
150.222283,-34.118663
150.395689,-33.724126
148.985842,-33.51
150.223178,-33.434583
150.750524,-34.75181
150.4442,-34.446523
148.929811,-35.102767
150.14997,-35.88225
150.951344,-34.282698
150.370548,-35.478577
150.353382,-34.37416
150.702885,-34.071116
150.65755,-33.78181
150.769251,-35.016272
150.1818,-33.365771
150.340425,-34.493593
150.48683,-34.46169
149.862345,-33.718154
150.6645,-34.226213
150.07027,-35.907696
149.344269,-33.488817
150.429186,-33.546278
150.198885,-33.378307
150.034454,-33.029516
150.601761,-33.730069
150.661875,-34.052629
150.773122,-34.103492
150.771535,-34.077614
150.689782,-34.480128
148.59158300000001,-34.959568
150.79073,-34.599146
150.701325,-33.8
150.756382,-34.122339
150.899343,-34.49035
150.317351,-33.701461
150.23662,-34.124571
150.345694,-33.717222
150.842235,-34.579136
150.744345,-34.462044
150.927602,-34.259459
150.73193,-34.514133
150.331427,-34.382947
150.226097,-33.396918
150.510581,-33.785966
150.75792,-34.409894
150.609266,-34.427527
150.134112,-36.101943
150.371498,-35.50621
150.825118,-34.740925
150.632319,-35.109387
150.386277,-35.219444
150.642052,-33.697203
150.604731,-33.903162
150.90179,-34.34635
150.651839,-34.546003
148.417621,-34.844337
150.139838,-33.514284
150.558286,-33.703341
150.01635,-34.80498
150.788665,-35.038362
150.817994,-35.038073
150.898781,-34.594744
150.189145,-34.360749
150.911463,-34.370149
150.903589,-34.20442
150.444363,-33.721501
150.040642,-33.046739
150.452584,-33.71115
150.233225,-34.269193
150.751215,-34.068045
148.59216,-34.97887
150.667596,-35.160209
150.128187,-36.061952
150.62358,-34.559031
150.358602,-35.38463
150.267076,-35.672883
150.469345,-35.31918
149.052386,-35.327602
150.81215,-34.064708
150.400032,-35.248136
149.748003,-35.950844
149.8036,-35.425825
150.818512,-34.516472
150.35205,-35.253417
150.616683,-35.103787
150.864986,-34.604061
149.071031,-33.272975
150.766214,-34.875658
150.850797,-34.569444
150.504852,-34.623954
150.438165,-35.282124
149.084109,-35.183351
150.414575,-35.444351
150.080005,-36.374166
150.113598,-36.293116
149.125233,-35.319735
150.015288,-34.759392
150.878967,-34.387092
150.153716,-35.91694
150.623295,-35.0134
150.64447,-34.72628
150.067538,-36.430679
150.919898,-34.36352
149.160845,-35.317145
150.815254,-34.095874
149.151306,-35.322475
150.587017,-34.861522
150.468825,-34.44042
149.980563,-34.336536
150.858917,-34.593138
150.028953,-33.536297
149.0878,-33.286617
150.407965,-35.218736
149.154496,-35.303071
150.741413,-34.043372
150.531129,-33.706868
150.164435,-33.470698
148.889405,-35.166236
150.288626,-35.654538
150.133843,-33.473857
150.02933,-35.862259
149.067567,-35.304397
150.284223,-33.505636
150.182096,-35.710391
149.097781,-35.470014
150.586383,-35.052784
149.253187,-33.353304
150.547416,-35.302243
150.477783,-34.648888
150.120881,-36.164617
150.925881,-34.329092
149.074088,-35.354402
150.776013,-34.057919
150.561573,-34.752885
149.101095,-35.292163
149.314623,-34.864256
149.873999,-33.624627
150.738745,-34.127367
149.308978,-33.409059
149.383502,-33.433785
150.96511,-34.32562
149.068542,-35.326828
149.100241,-35.230059
150.52671,-33.781114
150.846756,-34.671035
150.065488,-36.378675
150.471437,-33.510211
150.432146,-35.224922
150.969768,-34.283664
150.326155,-33.64748
150.866013,-34.42363
148.813711,-34.278899
150.235353,-35.424502
149.490142,-33.685382
149.042821,-35.377123
149.14756,-35.409349
150.622697,-33.766425
150.264177,-35.660236
150.81503,-35.016509
150.589196,-35.29894
149.027008,-33.301312
150.553339,-33.680009
150.163342,-35.753039
149.923116,-35.469574
150.612047,-34.165933
150.766755,-34.579767
150.5,-34.4
